{"stats":{"minecraft:broken":{"minecraft:stone_pickaxe":1},"minecraft:used":{"minecraft:moss_block":2,"minecraft:cooked_mutton":2,"minecraft:stone_sword":24,"minecraft:stone_pickaxe":195,"minecraft:wooden_pickaxe":31,"minecraft:torch":15,"minecraft:glow_berries":11,"minecraft:dirt":65,"minecraft:crafting_table":1,"minecraft:flowering_azalea":1,"minecraft:stone_axe":47,"quark:dark_oak_chest":2,"minecraft:furnace":1,"tombstone:gift":1},"minecraft:crafted":{"minecraft:crafting_table":1,"minecraft:wooden_pickaxe":1,"minecraft:furnace":1,"minecraft:stone_axe":1,"minecraft:cooked_mutton":2,"minecraft:air":0,"quark:dark_oak_chest":2,"minecraft:stick":16,"minecraft:stone_pickaxe":2,"minecraft:stone_sword":1,"minecraft:dark_oak_planks":168,"minecraft:torch":16},"minecraft:picked_up":{"luminousworld:groundpebbles_1":4,"minecraft:clay_ball":52,"minecraft:string":1,"minecraft:dirt":67,"minecraft:raw_copper":91,"minecraft:bone":1,"minecraft:wheat_seeds":1,"luminousworld:decorative_red_1":2,"minecraft:moss_block":5,"minecraft:flowering_azalea":1,"minecraft:dark_oak_sapling":1,"minecraft:big_dripleaf":1,"minecraft:torch":2,"minecraft:diorite":1,"minecraft:dark_oak_log":42,"minecraft:rotten_flesh":3,"luminousworld:decorative_red_2":1,"tombstone:magic_scroll":1,"minecraft:glow_berries":5,"minecraft:mutton":2,"minecraft:coal":23,"minecraft:white_wool":1,"iceandfire:raw_silver":4,"minecraft:cobblestone":161},"minecraft:custom":{"minecraft:interact_with_furnace":6,"minecraft:mob_kills":5,"minecraft:interact_with_crafting_table":8,"minecraft:leave_game":5,"minecraft:time_since_death":16814,"minecraft:climb_one_cm":90,"minecraft:time_since_rest":15373,"minecraft:sprint_one_cm":57835,"minecraft:damage_taken":447,"minecraft:walk_one_cm":108955,"minecraft:damage_dealt":893,"minecraft:fly_one_cm":49948,"minecraft:player_kills":1,"minecraft:open_chest":2,"minecraft:crouch_one_cm":662,"minecraft:deaths":1,"minecraft:play_time":23943,"tombstone:undead_killed":4,"minecraft:sneak_time":131,"minecraft:jump":531,"minecraft:total_world_time":23943,"minecraft:fall_one_cm":9094},"minecraft:killed":{"minecraft:sheep":1,"luminousworld:dark_oak_skeleton":1,"luminousworld:dark_oak_zombie":3},"minecraft:mined":{"luminousworld:groundpebbles_1":2,"minecraft:flowering_azalea":1,"iceandfire:silver_ore":4,"minecraft:dark_oak_leaves":8,"minecraft:dark_oak_log":43,"minecraft:powder_snow":28,"minecraft:clay":13,"ecologics:surface_moss":1,"minecraft:glow_lichen":1,"minecraft:torch":1,"minecraft:cave_vines_plant":1,"minecraft:grass_block":14,"minecraft:mushroom_stem":2,"luminousworld:grassvariant_2":1,"minecraft:copper_ore":24,"luminousworld:decorative_red_2":2,"minecraft:moss_block":5,"minecraft:diorite":1,"luminousworld:groundpebbles_3":2,"minecraft:big_dripleaf":2,"luminousworld:decorative_red_1":2,"minecraft:grass":4,"minecraft:coal_ore":23,"minecraft:cave_vines":6,"minecraft:dirt":53,"minecraft:cobweb":1,"luminousworld:groundpebbles_2":1,"minecraft:red_mushroom_block":2,"minecraft:stone":162,"born_in_chaos_v1:infernal_evil_pumpkin_s":1,"minecraft:small_dripleaf":2,"minecraft:oak_leaves":1}},"DataVersion":3465}