{"stats":{"minecraft:broken":{"minecraft:stone_sword":1,"minecraft:stone_pickaxe":4,"iceandfire:copper_shovel":1,"minecraft:iron_pickaxe":1},"minecraft:killed_by":{"luminousworld:miner_zombie":1,"born_in_chaos_v1:corpse_fly":1},"minecraft:used":{"minecraft:moss_block":2,"minecraft:stone_sword":109,"minecraft:rotten_flesh":4,"minecraft:torch":186,"minecraft:dirt":126,"minecraft:iron_hoe":9,"born_in_chaos_v1:corpse_maggot":1,"minecraft:flowering_azalea":1,"minecraft:iron_axe":79,"minecraft:furnace":2,"tombstone:gift":2,"minecraft:cobbled_deepslate":9,"minecraft:pumpkin":2,"minecraft:cooked_mutton":2,"minecraft:mossy_stone_bricks":1,"undead_revamp2:bostroxsword":235,"minecraft:stone_pickaxe":591,"minecraft:oak_planks":1,"minecraft:wooden_pickaxe":31,"minecraft:cookie":5,"minecraft:glow_berries":14,"minecraft:crafting_table":4,"minecraft:magenta_bed":1,"minecraft:mushroom_stew":21,"minecraft:cake":1,"minecraft:shears":4,"iceandfire:copper_shovel":311,"minecraft:diamond_shovel":1,"minecraft:iron_pickaxe":438,"minecraft:stone_axe":78,"quark:dark_oak_chest":8,"minecraft:cobblestone":108,"minecraft:cooked_porkchop":1,"minecraft:yellow_bed":1,"minecraft:stripped_oak_log":2},"minecraft:crafted":{"minecraft:cherry_planks":4,"minecraft:oak_planks":20,"minecraft:furnace":2,"iceandfire:armor_copper_metal_leggings":1,"minecraft:mushroom_stew":26,"minecraft:cooked_mutton":2,"iceandfire:armor_copper_metal_boots":1,"iceandfire:armor_copper_metal_helmet":1,"iceandfire:copper_shovel":1,"undead_revamp2:bostroxset_chestplate":1,"quark:dark_oak_chest":12,"minecraft:diamond":1,"undead_revamp2:bostroxsword":1,"minecraft:leather":2,"minecraft:stone_pickaxe":5,"iceandfire:armor_copper_metal_chestplate":1,"minecraft:dark_oak_planks":168,"minecraft:crafting_table":3,"minecraft:wooden_pickaxe":1,"minecraft:bowl":12,"minecraft:copper_ingot":91,"minecraft:stone_axe":1,"minecraft:air":0,"minecraft:stick":60,"minecraft:iron_ingot":25,"minecraft:iron_pickaxe":2,"minecraft:stone_sword":1,"minecraft:torch":144,"undead_revamp2:bostroxingot":10,"minecraft:shears":1},"minecraft:picked_up":{"minecraft:iron_chestplate":1,"luminousworld:groundpebbles_1":9,"minecraft:crafting_table":1,"born_in_chaos_v1:diamond_termite_shard":10,"luminousworld:decorative_brown_2":1,"minecraft:ladder":1,"minecraft:clay_ball":236,"minecraft:brown_mushroom":27,"minecraft:chain":2,"quark:dark_oak_chest":2,"born_in_chaos_v1:black_argillite":2,"minecraft:string":14,"minecraft:moss_carpet":2,"minecraft:raw_copper":114,"minecraft:iron_axe":2,"minecraft:iron_shovel":2,"minecraft:cobbled_deepslate":23,"minecraft:candle":9,"minecraft:azalea":1,"luminousworld:decorative_red_1":2,"minecraft:iron_pickaxe":1,"minecraft:dark_oak_sapling":1,"minecraft:stick":8,"minecraft:raw_iron":54,"minecraft:big_dripleaf":24,"minecraft:bowl":2,"minecraft:torch":42,"minecraft:golden_axe":1,"minecraft:cherry_log":1,"minecraft:cookie":5,"tombstone:grave_dust":2,"minecraft:diorite":41,"born_in_chaos_v1:pieceofdarkmetal":5,"minecraft:redstone":26,"minecraft:tnt":1,"minecraft:stone_sword":3,"minecraft:rotten_flesh":17,"supplementaries:ash":19,"undead_revamp2:bostroxsword":1,"minecraft:glow_berries":13,"minecraft:mutton":2,"minecraft:rail":2,"minecraft:white_wool":3,"minecraft:cobblestone":643,"minecraft:stripped_oak_log":2,"born_in_chaos_v1:corpse_maggot":5,"minecraft:feather":1,"born_in_chaos_v1:monster_flesh":3,"minecraft:andesite":33,"luminousworld:ishstone":24,"minecraft:red_mushroom":28,"minecraft:flint":6,"minecraft:oak_log":5,"minecraft:chainmail_chestplate":3,"supplementaries:flax_seeds":1,"minecraft:magenta_bed":1,"minecraft:yellow_bed":1,"minecraft:gunpowder":2,"minecraft:lapis_lazuli":102,"minecraft:dirt":221,"minecraft:bone":8,"minecraft:stone_bricks":1,"minecraft:bow":1,"minecraft:wheat_seeds":3,"minecraft:raw_gold":4,"minecraft:spore_blossom":5,"minecraft:iron_ingot":18,"minecraft:stone_pickaxe":1,"minecraft:mossy_stone_bricks":1,"minecraft:moss_block":38,"minecraft:flowering_azalea":3,"minecraft:oak_planks":10,"minecraft:honeycomb":3,"minecraft:cooked_porkchop":1,"minecraft:pumpkin":5,"minecraft:raw_iron_block":2,"earthmobsmod:harder_flesh":1,"minecraft:gravel":23,"minecraft:spider_eye":1,"minecraft:dark_oak_log":67,"undead_revamp2:rawbostrox":14,"minecraft:iron_hoe":2,"minecraft:diamond_shovel":1,"minecraft:slime_ball":2,"luminousworld:decorative_red_2":1,"minecraft:granite":4,"minecraft:grass":1,"tombstone:magic_scroll":1,"minecraft:oak_sapling":10,"minecraft:coal":124,"iceandfire:raw_silver":4},"minecraft:dropped":{"minecraft:moss_block":7,"minecraft:wheat_seeds":2,"minecraft:glass_bottle":2,"minecraft:spore_blossom":2,"minecraft:cobblestone":6,"minecraft:stick":6,"born_in_chaos_v1:monster_flesh":1,"minecraft:string":8,"luminousworld:decorative_brown_2":1,"minecraft:bone":1,"minecraft:moss_carpet":2,"minecraft:cobbled_deepslate":4,"minecraft:bowl":6,"minecraft:rotten_flesh":12,"minecraft:chainmail_chestplate":1,"minecraft:big_dripleaf":8,"minecraft:iron_chestplate":1,"minecraft:andesite":4,"minecraft:slime_ball":1},"minecraft:custom":{"minecraft:interact_with_smithing_table":1,"minecraft:mob_kills":49,"minecraft:interact_with_crafting_table":60,"minecraft:open_barrel":18,"minecraft:damage_dealt_resisted":158,"minecraft:eat_cake_slice":6,"minecraft:leave_game":7,"minecraft:time_since_death":1543,"minecraft:climb_one_cm":3024,"minecraft:sprint_one_cm":268666,"minecraft:walk_one_cm":697861,"minecraft:drop":36,"minecraft:play_time":131248,"minecraft:deaths":3,"minecraft:sneak_time":2574,"minecraft:walk_under_water_one_cm":759,"minecraft:jump":2511,"minecraft:interact_with_brewingstand":1,"minecraft:interact_with_blast_furnace":4,"minecraft:walk_on_water_one_cm":4996,"minecraft:total_world_time":131248,"minecraft:interact_with_furnace":49,"minecraft:tune_noteblock":14,"minecraft:sleep_in_bed":5,"minecraft:time_since_rest":1093,"minecraft:damage_taken":2449,"minecraft:damage_dealt":9116,"minecraft:swim_one_cm":1632,"minecraft:player_kills":1,"minecraft:fly_one_cm":190655,"minecraft:open_chest":69,"minecraft:crouch_one_cm":10738,"tombstone:undead_killed":13,"minecraft:fall_one_cm":38437},"minecraft:killed":{"born_in_chaos_v1:zombie_clown":1,"born_in_chaos_v1:zombie_lumberjack":1,"alexsmobs:raccoon":1,"minecraft:spider":1,"minecraft:slime":1,"enemyexpansion:direwolf":1,"born_in_chaos_v1:zombie_bruiser":1,"born_in_chaos_v1:maggot":3,"friendsandfoes:glare":1,"alexsmobs:blue_jay":1,"minecraft:bee":2,"luminousworld:dark_oak_skeleton":4,"earthmobsmod:bouldering_zombie":1,"enemyexpansion:ladybug":1,"born_in_chaos_v1:diamond_termite":12,"enemyexpansion:sprinter":1,"minecraft:sheep":1,"undead_revamp2:thebidyupside":1,"minecraft:zombie":1,"born_in_chaos_v1:dread_hound":2,"luminousworld:buckeye":1,"born_in_chaos_v1:corpse_fly":6,"alexsmobs:fly":1,"luminousworld:dark_oak_zombie":3},"minecraft:mined":{"luminousworld:groundpebbles_1":7,"minecraft:tuff":3,"iceandfire:silver_ore":4,"minecraft:dark_oak_leaves":8,"luminousworld:grassvariant_4":2,"minecraft:candle":3,"minecraft:dark_oak_log":71,"minecraft:ladder":1,"born_in_chaos_v1:infected_diamond_ore":4,"minecraft:cave_vines_plant":14,"ecologics:surface_moss":1,"minecraft:glow_lichen":1,"minecraft:granite":4,"minecraft:grass_block":31,"born_in_chaos_v1:black_argillite":2,"luminousworld:grassvariant_2":5,"minecraft:brown_mushroom_block":97,"minecraft:moss_block":41,"luminousworld:decorative_red_2":2,"luminousworld:groundpebbles_3":2,"placeablesmod:bowl_block_1":1,"luminousworld:decorative_red_1":2,"minecraft:spore_blossom":4,"minecraft:raw_iron_block":1,"undead_revamp2:bostroxore":14,"minecraft:iron_ore":36,"minecraft:cobbled_deepslate":1,"minecraft:fire":2,"minecraft:andesite":29,"minecraft:moss_carpet":2,"minecraft:pumpkin":3,"minecraft:deepslate_lapis_ore":7,"minecraft:big_dripleaf_stem":3,"minecraft:cave_vines":22,"minecraft:vine":1,"minecraft:deepslate_iron_ore":19,"minecraft:stripped_oak_log":6,"luminousworld:groundpebbles_2":1,"minecraft:azalea":1,"minecraft:stone":560,"luminousworld:decorative_brown_2":1,"minecraft:deepslate_redstone_ore":6,"minecraft:flowering_azalea":3,"quark:dark_oak_chest":2,"minecraft:powder_snow":28,"minecraft:clay":63,"minecraft:crafting_table":1,"born_in_chaos_v1:infected_deepslate_diamond_ore":3,"minecraft:torch":11,"minecraft:mushroom_stem":26,"minecraft:copper_ore":29,"minecraft:tall_grass":11,"minecraft:cobblestone":29,"minecraft:deepslate_gold_ore":1,"minecraft:lapis_ore":1,"minecraft:cyan_bed":1,"minecraft:oak_planks":14,"minecraft:diorite":42,"minecraft:wall_torch":17,"minecraft:big_dripleaf":5,"minecraft:deepslate_copper_ore":1,"supplementaries:urn":5,"minecraft:magenta_bed":1,"minecraft:bee_nest":1,"minecraft:yellow_bed":1,"minecraft:grass":28,"minecraft:oak_log":4,"minecraft:coal_ore":124,"luminousworld:ishstone":25,"minecraft:sunflower":2,"minecraft:gravel":13,"minecraft:dirt":190,"luminousworld:grassvariant_3":4,"minecraft:cobweb":7,"minecraft:red_mushroom_block":90,"minecraft:stone_bricks":1,"born_in_chaos_v1:infernal_evil_pumpkin_s":2,"minecraft:small_dripleaf":4,"minecraft:mossy_stone_bricks":1,"minecraft:gold_ore":1,"minecraft:oak_leaves":107,"minecraft:deepslate":26}},"DataVersion":3465}