{"stats":{"minecraft:broken":{"minecraft:stone_pickaxe":3,"iceandfire:copper_shovel":1},"minecraft:killed_by":{"luminousworld:miner_zombie":1},"minecraft:used":{"minecraft:moss_block":2,"minecraft:cooked_mutton":2,"minecraft:stone_sword":83,"minecraft:stone_pickaxe":398,"minecraft:wooden_pickaxe":31,"minecraft:torch":57,"minecraft:glow_berries":14,"minecraft:dirt":115,"minecraft:mushroom_stew":5,"minecraft:crafting_table":1,"minecraft:flowering_azalea":1,"iceandfire:copper_shovel":311,"minecraft:iron_axe":42,"minecraft:iron_pickaxe":223,"minecraft:stone_axe":68,"quark:dark_oak_chest":4,"minecraft:cobblestone":29,"minecraft:furnace":1,"tombstone:gift":1},"minecraft:crafted":{"minecraft:oak_planks":20,"minecraft:crafting_table":1,"minecraft:wooden_pickaxe":1,"minecraft:bowl":12,"minecraft:furnace":1,"iceandfire:armor_copper_metal_leggings":1,"minecraft:copper_ingot":30,"minecraft:mushroom_stew":17,"minecraft:stone_axe":1,"iceandfire:armor_copper_metal_boots":1,"minecraft:cooked_mutton":2,"minecraft:air":0,"iceandfire:armor_copper_metal_helmet":1,"iceandfire:copper_shovel":1,"quark:dark_oak_chest":4,"minecraft:leather":2,"minecraft:stick":28,"minecraft:iron_ingot":3,"iceandfire:armor_copper_metal_chestplate":1,"minecraft:iron_pickaxe":1,"minecraft:stone_pickaxe":3,"minecraft:stone_sword":1,"minecraft:dark_oak_planks":168,"minecraft:torch":52},"minecraft:picked_up":{"luminousworld:groundpebbles_1":9,"minecraft:feather":1,"minecraft:clay_ball":156,"minecraft:andesite":19,"luminousworld:ishstone":11,"minecraft:brown_mushroom":27,"minecraft:red_mushroom":28,"minecraft:flint":1,"minecraft:oak_log":5,"minecraft:chainmail_chestplate":1,"minecraft:dirt":204,"minecraft:string":1,"minecraft:raw_copper":109,"minecraft:iron_axe":1,"minecraft:bone":1,"minecraft:bow":1,"minecraft:wheat_seeds":1,"minecraft:spore_blossom":1,"luminousworld:decorative_red_1":2,"minecraft:moss_block":8,"minecraft:flowering_azalea":1,"minecraft:dark_oak_sapling":1,"minecraft:stick":4,"minecraft:raw_iron":3,"minecraft:big_dripleaf":1,"minecraft:torch":7,"minecraft:gravel":14,"minecraft:diorite":35,"born_in_chaos_v1:pieceofdarkmetal":2,"minecraft:dark_oak_log":67,"undead_revamp2:rawbostrox":5,"minecraft:rotten_flesh":6,"minecraft:granite":3,"luminousworld:decorative_red_2":1,"tombstone:magic_scroll":1,"minecraft:oak_sapling":10,"minecraft:glow_berries":8,"minecraft:mutton":2,"minecraft:coal":85,"minecraft:white_wool":1,"iceandfire:raw_silver":4,"minecraft:cobblestone":430},"minecraft:custom":{"minecraft:interact_with_furnace":28,"minecraft:mob_kills":11,"minecraft:interact_with_crafting_table":38,"minecraft:leave_game":6,"minecraft:time_since_death":5776,"minecraft:climb_one_cm":90,"minecraft:time_since_rest":4507,"minecraft:sprint_one_cm":86472,"minecraft:damage_taken":893,"minecraft:walk_one_cm":286826,"minecraft:damage_dealt":2510,"minecraft:fly_one_cm":78783,"minecraft:player_kills":1,"minecraft:open_chest":28,"minecraft:crouch_one_cm":4723,"minecraft:play_time":59681,"tombstone:undead_killed":6,"minecraft:deaths":2,"minecraft:sneak_time":1019,"minecraft:walk_under_water_one_cm":135,"minecraft:jump":1047,"minecraft:walk_on_water_one_cm":3105,"minecraft:total_world_time":59681,"minecraft:fall_one_cm":13458},"minecraft:killed":{"enemyexpansion:direwolf":1,"born_in_chaos_v1:zombie_bruiser":1,"minecraft:sheep":1,"undead_revamp2:thebidyupside":1,"alexsmobs:blue_jay":1,"luminousworld:dark_oak_skeleton":2,"alexsmobs:fly":1,"luminousworld:dark_oak_zombie":3},"minecraft:mined":{"luminousworld:groundpebbles_1":7,"minecraft:flowering_azalea":2,"iceandfire:silver_ore":4,"minecraft:dark_oak_leaves":8,"minecraft:dark_oak_log":71,"minecraft:powder_snow":28,"minecraft:clay":40,"ecologics:surface_moss":1,"minecraft:torch":4,"minecraft:glow_lichen":1,"minecraft:cave_vines_plant":5,"minecraft:granite":3,"minecraft:grass_block":27,"minecraft:mushroom_stem":26,"luminousworld:grassvariant_2":5,"minecraft:brown_mushroom_block":97,"minecraft:copper_ore":29,"minecraft:cobblestone":9,"minecraft:moss_block":8,"luminousworld:decorative_red_2":2,"minecraft:wall_torch":2,"minecraft:diorite":35,"luminousworld:groundpebbles_3":2,"minecraft:big_dripleaf":2,"luminousworld:decorative_red_1":2,"minecraft:spore_blossom":1,"undead_revamp2:bostroxore":5,"minecraft:iron_ore":3,"minecraft:fire":2,"minecraft:andesite":19,"luminousworld:ishstone":11,"minecraft:grass":15,"minecraft:oak_log":4,"minecraft:coal_ore":85,"minecraft:cave_vines":8,"minecraft:gravel":8,"minecraft:dirt":177,"luminousworld:grassvariant_3":4,"minecraft:cobweb":1,"luminousworld:groundpebbles_2":1,"minecraft:red_mushroom_block":90,"minecraft:stone":411,"born_in_chaos_v1:infernal_evil_pumpkin_s":1,"minecraft:small_dripleaf":2,"minecraft:oak_leaves":107}},"DataVersion":3465}