{"stats":{"minecraft:broken":{"minecraft:stone_pickaxe":4,"minecraft:chainmail_chestplate":1,"iceandfire:armor_copper_metal_helmet":1,"minecraft:stone_sword":1,"iceandfire:armor_copper_metal_leggings":1,"iceandfire:copper_shovel":1,"minecraft:iron_pickaxe":2,"iceandfire:armor_copper_metal_boots":1},"minecraft:picked_up":{"minecraft:iron_chestplate":1,"minecraft:potion":1,"iceandfire:armor_silver_metal_chestplate":1,"born_in_chaos_v1:black_argillite":2,"minecraft:string":21,"minecraft:raw_copper":114,"minecraft:iron_leggings":1,"minecraft:deepslate_tiles":2,"minecraft:cobbled_deepslate":23,"earthmobsmod:duck_egg":1,"minecraft:azalea":1,"minecraft:iron_pickaxe":1,"minecraft:stick":8,"minecraft:big_dripleaf":24,"minecraft:torch":49,"minecraft:porkchop":3,"minecraft:golden_axe":1,"minecraft:cherry_log":4,"tombstone:grave_dust":4,"minecraft:diorite":41,"minecraft:stone_sword":3,"minecraft:rotten_flesh":32,"supplementaries:ash":20,"undead_revamp2:bostroxsword":1,"undead_revamp2:arapholia":1,"minecraft:cobblestone":666,"minecraft:pink_petals":3,"minecraft:feather":4,"minecraft:andesite":33,"minecraft:flint":6,"supplementaries:flax_seeds":1,"minecraft:magenta_bed":1,"minecraft:lapis_lazuli":102,"minecraft:dirt":391,"minecraft:bone":17,"undead_revamp2:blacpetalblock":1,"minecraft:bow":1,"minecraft:wheat_seeds":11,"minecraft:raw_gold":4,"minecraft:mossy_stone_bricks":1,"minecraft:powered_rail":1,"minecraft:moss_block":38,"minecraft:oak_planks":17,"minecraft:honeycomb":3,"minecraft:cooked_porkchop":1,"earthmobsmod:harder_flesh":1,"minecraft:dark_oak_log":67,"minecraft:mossy_cobblestone":5,"minecraft:bundle":2,"minecraft:iron_hoe":2,"minecraft:soul_lantern":2,"minecraft:granite":12,"minecraft:grass":1,"minecraft:bread":16,"minecraft:emerald":1,"minecraft:oak_sapling":10,"iceandfire:raw_silver":10,"luminousworld:groundpebbles_1":27,"minecraft:crafting_table":1,"born_in_chaos_v1:diamond_termite_shard":10,"luminousworld:decorative_brown_2":1,"minecraft:chicken":4,"minecraft:ladder":1,"minecraft:clay_ball":236,"minecraft:brown_mushroom":27,"minecraft:chain":9,"quark:dark_oak_chest":2,"minecraft:shield":1,"minecraft:moss_carpet":2,"minecraft:iron_axe":2,"minecraft:iron_shovel":2,"minecraft:cracked_stone_bricks":10,"minecraft:candle":9,"luminousworld:decorative_red_1":2,"minecraft:dark_oak_sapling":1,"minecraft:raw_iron":59,"minecraft:bowl":3,"minecraft:cookie":5,"born_in_chaos_v1:pieceofdarkmetal":7,"minecraft:redstone":26,"minecraft:tnt":1,"minecraft:arrow":2,"minecraft:glistering_melon_slice":3,"minecraft:mutton":2,"minecraft:glow_berries":13,"minecraft:white_wool":3,"minecraft:rail":3,"born_in_chaos_v1:fused_bone":2,"minecraft:stripped_oak_log":2,"born_in_chaos_v1:corpse_maggot":6,"born_in_chaos_v1:monster_flesh":3,"luminousworld:ishstone":24,"minecraft:red_mushroom":28,"minecraft:acacia_wood":4,"minecraft:mushroom_stew":1,"minecraft:oak_log":10,"minecraft:chainmail_chestplate":3,"minecraft:yellow_bed":1,"minecraft:gunpowder":2,"minecraft:white_banner":3,"minecraft:red_carpet":2,"minecraft:stone_bricks":33,"earthmobsmod:fancy_feather":2,"minecraft:spore_blossom":5,"minecraft:iron_ingot":18,"born_in_chaos_v1:smoked_flesh":6,"minecraft:stone_pickaxe":1,"luminousworld:white_petunias":1,"minecraft:flowering_azalea":3,"minecraft:oak_slab":1,"minecraft:pumpkin":5,"iceandfire:ash":2,"minecraft:raw_iron_block":2,"minecraft:gravel":45,"quark:oak_chest":2,"minecraft:spider_eye":1,"undead_revamp2:rawbostrox":14,"minecraft:diamond_shovel":1,"minecraft:slime_ball":2,"luminousworld:decorative_red_2":1,"minecraft:cherry_sapling":2,"tombstone:magic_scroll":1,"minecraft:baked_potato":21,"minecraft:coal":132},"minecraft:used":{"minecraft:moss_block":2,"minecraft:cherry_sapling":2,"minecraft:shield":34,"minecraft:rotten_flesh":4,"quark:cherry_chest":1,"born_in_chaos_v1:corpse_maggot":1,"born_in_chaos_v1:smoked_flesh":6,"minecraft:furnace":3,"minecraft:mossy_stone_bricks":1,"minecraft:stone_pickaxe":591,"minecraft:oak_planks":1,"minecraft:wooden_pickaxe":31,"luminousworld:groundpebbles_1":1,"minecraft:cookie":5,"minecraft:glow_berries":14,"minecraft:mushroom_stew":22,"minecraft:shears":4,"minecraft:deepslate_tiles":2,"iceandfire:copper_shovel":311,"minecraft:bread":15,"minecraft:gravel":4,"minecraft:soul_lantern":2,"minecraft:chain":6,"minecraft:bone_meal":6,"minecraft:stone_sword":109,"minecraft:cooked_chicken":3,"minecraft:oak_door":2,"minecraft:torch":218,"minecraft:dirt":279,"minecraft:iron_hoe":9,"minecraft:flowering_azalea":1,"minecraft:iron_axe":95,"tombstone:gift":5,"minecraft:cobbled_deepslate":9,"minecraft:pumpkin":2,"minecraft:cooked_mutton":2,"minecraft:baked_potato":12,"undead_revamp2:bostroxsword":469,"minecraft:crafting_table":5,"minecraft:magenta_bed":1,"minecraft:white_bed":1,"minecraft:cake":1,"minecraft:diamond_shovel":105,"minecraft:iron_pickaxe":549,"minecraft:stone_axe":78,"quark:dark_oak_chest":8,"minecraft:cobblestone":108,"minecraft:white_banner":3,"minecraft:cooked_porkchop":1,"minecraft:yellow_bed":1,"quark:oak_chest":4,"minecraft:stripped_oak_log":2},"minecraft:crafted":{"minecraft:oak_planks":48,"minecraft:cooked_chicken":3,"quark:cherry_chest":1,"minecraft:cooked_mutton":2,"iceandfire:armor_copper_metal_boots":1,"undead_revamp2:bostroxset_chestplate":1,"iceandfire:armor_copper_metal_chestplate":1,"minecraft:crafting_table":5,"minecraft:wooden_pickaxe":1,"minecraft:copper_ingot":91,"minecraft:stick":76,"quark:oak_chest":2,"minecraft:iron_ingot":30,"minecraft:iron_pickaxe":3,"minecraft:stone_sword":1,"minecraft:shears":1,"minecraft:cherry_planks":16,"minecraft:oak_door":6,"minecraft:furnace":3,"iceandfire:armor_copper_metal_leggings":1,"minecraft:mushroom_stew":26,"minecraft:bone_meal":6,"iceandfire:armor_copper_metal_helmet":1,"iceandfire:copper_shovel":1,"quark:dark_oak_chest":12,"minecraft:diamond":1,"undead_revamp2:bostroxsword":1,"minecraft:leather":2,"minecraft:stone_pickaxe":5,"minecraft:dark_oak_planks":168,"minecraft:bowl":12,"minecraft:stone_axe":1,"minecraft:air":0,"minecraft:white_bed":1,"undead_revamp2:bostroxingot":10,"minecraft:torch":176},"minecraft:dropped":{"minecraft:moss_block":7,"minecraft:glass_bottle":2,"minecraft:spore_blossom":2,"born_in_chaos_v1:monster_flesh":1,"luminousworld:decorative_brown_2":1,"minecraft:bone":1,"minecraft:cobbled_deepslate":4,"minecraft:rotten_flesh":12,"minecraft:chainmail_chestplate":1,"minecraft:powered_rail":1,"minecraft:wheat_seeds":4,"minecraft:cobblestone":6,"minecraft:stick":6,"minecraft:torch":2,"minecraft:string":8,"minecraft:moss_carpet":2,"minecraft:bowl":6,"minecraft:big_dripleaf":8,"minecraft:iron_chestplate":1,"minecraft:andesite":4,"minecraft:slime_ball":1},"minecraft:killed":{"undead_revamp2:thewolf":1,"born_in_chaos_v1:zombie_clown":1,"earthmobsmod:duck":4,"born_in_chaos_v1:zombie_lumberjack":1,"minecraft:spider":2,"undead_revamp2:thesmoker":3,"born_in_chaos_v1:siamese_skeletonsright":1,"friendsandfoes:glare":1,"minecraft:bee":2,"luminousworld:dark_oak_skeleton":4,"minecraft:pig":2,"enemyexpansion:ladybug":1,"born_in_chaos_v1:diamond_termite":12,"minecraft:sheep":1,"undead_revamp2:thebidyupside":1,"minecraft:zombie":13,"born_in_chaos_v1:dread_hound":2,"luminousworld:buckeye":1,"born_in_chaos_v1:corpse_fly":6,"enemyexpansion:botfly":2,"undead_revamp2:theskeeper":1,"alexsmobs:fly":2,"luminousworld:dark_oak_zombie":3,"born_in_chaos_v1:siamese_skeletonsleft":1,"alexsmobs:raccoon":1,"illagerinvasion:marauder":1,"minecraft:slime":1,"enemyexpansion:direwolf":1,"born_in_chaos_v1:zombie_bruiser":1,"born_in_chaos_v1:maggot":4,"alexsmobs:blue_jay":1,"earthmobsmod:fancy_chicken":2,"undead_revamp2:sucker":2,"earthmobsmod:bouldering_zombie":1,"naturalist:butterfly":1,"undead_revamp2:the_moonflower":4,"enemyexpansion:sprinter":2,"earthmobsmod:cream_cow":1,"undead_revamp2:thesomnolence":5},"minecraft:killed_by":{"mutantmonsters:mutant_zombie":1,"undead_revamp2:the_moonflower":2,"luminousworld:miner_zombie":1,"born_in_chaos_v1:corpse_fly":1,"minecraft:zombie":5,"undead_revamp2:axestrom":1,"undead_revamp2:thesmoker":1,"iceandfire:fire_dragon":1,"born_in_chaos_v1:siamese_skeletonsright":1,"born_in_chaos_v1:dread_hound":1},"minecraft:mined":{"luminousworld:white_petunias":1,"ecologics:surface_moss":1,"minecraft:cave_vines_plant":14,"minecraft:granite":13,"minecraft:grass_block":96,"luminousworld:decorative_red_2":2,"luminousworld:decorative_red_1":2,"minecraft:raw_iron_block":1,"undead_revamp2:bostroxore":14,"minecraft:iron_ore":41,"minecraft:cobbled_deepslate":1,"minecraft:fire":3,"minecraft:pumpkin":3,"minecraft:moss_carpet":2,"minecraft:deepslate_lapis_ore":7,"minecraft:cave_vines":22,"minecraft:azalea":1,"luminousworld:decorative_brown_2":1,"minecraft:deepslate_redstone_ore":6,"minecraft:soul_lantern":2,"minecraft:powder_snow":28,"minecraft:clay":63,"born_in_chaos_v1:infected_deepslate_diamond_ore":3,"minecraft:torch":16,"minecraft:mushroom_stem":26,"minecraft:cobblestone":29,"minecraft:cyan_bed":1,"minecraft:oak_planks":18,"minecraft:wall_torch":20,"minecraft:deepslate_copper_ore":1,"minecraft:pink_petals":2,"minecraft:chain":7,"minecraft:magenta_bed":1,"minecraft:grass":41,"minecraft:oak_log":9,"minecraft:dirt":236,"luminousworld:grassvariant_3":4,"minecraft:red_mushroom_block":90,"born_in_chaos_v1:infernal_evil_pumpkin_s":2,"minecraft:oak_leaves":107,"minecraft:deepslate":26,"minecraft:deepslate_tiles":2,"luminousworld:groundpebbles_1":8,"minecraft:tuff":3,"iceandfire:silver_ore":4,"minecraft:mossy_cobblestone":5,"minecraft:dark_oak_leaves":8,"luminousworld:grassvariant_4":2,"minecraft:candle":3,"minecraft:dark_oak_log":71,"born_in_chaos_v1:infected_diamond_ore":4,"minecraft:glow_lichen":1,"minecraft:ladder":1,"born_in_chaos_v1:black_argillite":2,"luminousworld:grassvariant_2":5,"minecraft:brown_mushroom_block":97,"minecraft:moss_block":41,"luminousworld:groundpebbles_3":6,"placeablesmod:bowl_block_1":1,"minecraft:spore_blossom":4,"minecraft:acacia_wood":4,"minecraft:andesite":29,"minecraft:big_dripleaf_stem":3,"minecraft:deepslate_iron_ore":19,"minecraft:vine":1,"minecraft:stripped_oak_log":6,"luminousworld:groundpebbles_2":9,"minecraft:stone":584,"minecraft:flowering_azalea":3,"quark:oak_chest":2,"quark:dark_oak_chest":2,"minecraft:crafting_table":1,"minecraft:tall_grass":17,"minecraft:copper_ore":29,"minecraft:lapis_ore":1,"minecraft:deepslate_gold_ore":1,"minecraft:diorite":43,"minecraft:big_dripleaf":5,"supplementaries:urn":5,"minecraft:bee_nest":1,"minecraft:white_wall_banner":2,"minecraft:yellow_bed":1,"minecraft:coal_ore":132,"luminousworld:ishstone":25,"minecraft:sunflower":2,"minecraft:gravel":37,"minecraft:cobweb":9,"minecraft:cracked_stone_bricks":10,"minecraft:stone_bricks":34,"minecraft:small_dripleaf":4,"minecraft:mossy_stone_bricks":1,"minecraft:gold_ore":1},"minecraft:custom":{"minecraft:interact_with_crafting_table":74,"minecraft:open_barrel":18,"minecraft:eat_cake_slice":6,"minecraft:leave_game":46,"minecraft:time_since_death":2441,"minecraft:sprint_one_cm":517024,"minecraft:damage_blocked_by_shield":785,"minecraft:drop":40,"minecraft:play_time":239097,"minecraft:deaths":18,"minecraft:jump":4089,"minecraft:interact_with_brewingstand":1,"minecraft:walk_on_water_one_cm":10483,"minecraft:interact_with_furnace":57,"minecraft:sleep_in_bed":9,"minecraft:damage_dealt":17520,"minecraft:player_kills":1,"minecraft:crouch_one_cm":15474,"tombstone:undead_killed":39,"minecraft:interact_with_smoker":1,"minecraft:interact_with_smithing_table":1,"minecraft:mob_kills":98,"minecraft:damage_dealt_resisted":470,"minecraft:climb_one_cm":14568,"minecraft:walk_one_cm":1007321,"minecraft:sneak_time":4166,"minecraft:walk_under_water_one_cm":1567,"minecraft:interact_with_blast_furnace":4,"minecraft:total_world_time":239097,"tombstone:raider_killed":1,"minecraft:tune_noteblock":14,"minecraft:time_since_rest":2439,"minecraft:damage_taken":7835,"minecraft:swim_one_cm":2760,"minecraft:fly_one_cm":509415,"minecraft:open_chest":106,"minecraft:fall_one_cm":72979}},"DataVersion":3465}