{"stats":{"minecraft:broken":{"minecraft:stone_pickaxe":2,"iceandfire:copper_shovel":1},"minecraft:used":{"minecraft:moss_block":2,"minecraft:cooked_mutton":2,"minecraft:stone_sword":56,"minecraft:stone_pickaxe":329,"minecraft:wooden_pickaxe":31,"minecraft:torch":34,"minecraft:glow_berries":14,"minecraft:dirt":97,"minecraft:crafting_table":1,"minecraft:mushroom_stew":5,"minecraft:flowering_azalea":1,"iceandfire:copper_shovel":311,"minecraft:iron_axe":42,"minecraft:stone_axe":58,"quark:dark_oak_chest":4,"minecraft:cobblestone":28,"minecraft:furnace":1,"tombstone:gift":1},"minecraft:crafted":{"minecraft:crafting_table":1,"minecraft:wooden_pickaxe":1,"minecraft:bowl":12,"minecraft:furnace":1,"iceandfire:armor_copper_metal_leggings":1,"minecraft:copper_ingot":30,"minecraft:mushroom_stew":17,"minecraft:stone_axe":1,"iceandfire:armor_copper_metal_boots":1,"minecraft:cooked_mutton":2,"minecraft:air":0,"iceandfire:armor_copper_metal_helmet":1,"iceandfire:copper_shovel":1,"quark:dark_oak_chest":4,"minecraft:leather":2,"minecraft:stick":24,"iceandfire:armor_copper_metal_chestplate":1,"minecraft:stone_pickaxe":3,"minecraft:stone_sword":1,"minecraft:dark_oak_planks":168,"minecraft:torch":40},"minecraft:picked_up":{"luminousworld:groundpebbles_1":9,"minecraft:feather":1,"minecraft:clay_ball":56,"minecraft:brown_mushroom":27,"minecraft:red_mushroom":28,"minecraft:oak_log":5,"minecraft:chainmail_chestplate":1,"minecraft:string":1,"minecraft:dirt":201,"minecraft:raw_copper":91,"minecraft:iron_axe":1,"minecraft:bone":1,"minecraft:bow":1,"minecraft:wheat_seeds":1,"luminousworld:decorative_red_1":2,"minecraft:moss_block":5,"minecraft:flowering_azalea":1,"minecraft:dark_oak_sapling":1,"minecraft:stick":4,"minecraft:big_dripleaf":1,"minecraft:torch":3,"minecraft:diorite":1,"born_in_chaos_v1:pieceofdarkmetal":2,"minecraft:dark_oak_log":67,"minecraft:rotten_flesh":6,"luminousworld:decorative_red_2":1,"tombstone:magic_scroll":1,"minecraft:oak_sapling":10,"minecraft:glow_berries":5,"minecraft:mutton":2,"minecraft:coal":55,"minecraft:white_wool":1,"iceandfire:raw_silver":4,"minecraft:cobblestone":272},"minecraft:custom":{"minecraft:interact_with_furnace":24,"minecraft:mob_kills":10,"minecraft:interact_with_crafting_table":37,"minecraft:leave_game":5,"minecraft:time_since_death":40814,"minecraft:climb_one_cm":90,"minecraft:time_since_rest":39373,"minecraft:sprint_one_cm":67972,"minecraft:damage_taken":683,"minecraft:walk_one_cm":237000,"minecraft:damage_dealt":2390,"minecraft:fly_one_cm":54874,"minecraft:player_kills":1,"minecraft:open_chest":21,"minecraft:crouch_one_cm":3808,"minecraft:deaths":1,"minecraft:play_time":47943,"tombstone:undead_killed":6,"minecraft:sneak_time":758,"minecraft:jump":840,"minecraft:total_world_time":47943,"minecraft:fall_one_cm":12980},"minecraft:killed":{"enemyexpansion:direwolf":1,"born_in_chaos_v1:zombie_bruiser":1,"minecraft:sheep":1,"alexsmobs:blue_jay":1,"luminousworld:dark_oak_skeleton":2,"alexsmobs:fly":1,"luminousworld:dark_oak_zombie":3},"minecraft:mined":{"luminousworld:groundpebbles_1":7,"minecraft:flowering_azalea":1,"iceandfire:silver_ore":4,"minecraft:dark_oak_leaves":8,"minecraft:dark_oak_log":71,"minecraft:powder_snow":28,"minecraft:clay":14,"ecologics:surface_moss":1,"minecraft:glow_lichen":1,"minecraft:torch":1,"minecraft:cave_vines_plant":1,"minecraft:grass_block":26,"minecraft:mushroom_stem":26,"luminousworld:grassvariant_2":5,"minecraft:brown_mushroom_block":97,"minecraft:copper_ore":24,"minecraft:cobblestone":8,"luminousworld:decorative_red_2":2,"minecraft:moss_block":5,"minecraft:diorite":1,"minecraft:wall_torch":1,"luminousworld:groundpebbles_3":2,"minecraft:big_dripleaf":2,"luminousworld:decorative_red_1":2,"minecraft:fire":2,"minecraft:grass":11,"minecraft:oak_log":4,"minecraft:coal_ore":55,"minecraft:cave_vines":7,"minecraft:dirt":175,"luminousworld:grassvariant_3":4,"minecraft:cobweb":1,"luminousworld:groundpebbles_2":1,"minecraft:red_mushroom_block":90,"minecraft:stone":254,"born_in_chaos_v1:infernal_evil_pumpkin_s":1,"minecraft:small_dripleaf":2,"minecraft:oak_leaves":106}},"DataVersion":3465}