{"stats":{"minecraft:picked_up":{"minecraft:iron_chestplate":1,"minecraft:wheat":258,"minecraft:chainmail_boots":1,"illagerinvasion:platinum_chunk":3,"minecraft:nether_brick_fence":4,"minecraft:anvil":1,"minecraft:lead":3,"minecraft:smithing_table":1,"minecraft:stone_slab":1,"aether:iron_gloves":1,"minecraft:potion":1,"born_in_chaos_v1:black_argillite":6,"iceandfire:armor_silver_metal_chestplate":1,"minecraft:polished_deepslate":22,"minecraft:string":38,"minecraft:raw_copper":133,"minecraft:red_nether_bricks":1,"minecraft:iron_leggings":1,"minecraft:deepslate_tiles":2,"minecraft:gold_nugget":525,"minecraft:cobbled_deepslate":547,"earthmobsmod:duck_egg":1,"minecraft:bucket":1,"minecraft:spruce_planks":4,"minecraft:redstone_torch":2,"minecraft:calcite":12,"minecraft:azalea":1,"minecraft:iron_pickaxe":2,"minecraft:melon_slice":156,"minecraft:mangrove_log":2,"minecraft:stick":23,"minecraft:big_dripleaf":24,"minecraft:oak_fence":8,"minecraft:torch":70,"minecraft:acacia_log":1,"minecraft:spruce_stairs":2,"minecraft:porkchop":3,"minecraft:golden_axe":1,"minecraft:cherry_log":54,"tombstone:grave_dust":33,"minecraft:diorite":43,"minecraft:deepslate_tile_stairs":1,"minecraft:stone_sword":4,"minecraft:rotten_flesh":184,"supplementaries:ash":41,"undead_revamp2:bostroxsword":6,"minecraft:blaze_rod":3,"undead_revamp2:arapholia":1,"minecraft:cobblestone":801,"minecraft:birch_log":4,"minecraft:pink_petals":7,"minecraft:magma_block":16,"minecraft:feather":5,"minecraft:cooked_beef":26,"minecraft:cherry_planks":4,"minecraft:iron_door":1,"minecraft:andesite":33,"minecraft:water_bucket":1,"minecraft:jungle_log":2,"minecraft:black_bed":2,"minecraft:potato":91,"minecraft:flint":6,"minecraft:tuff":25,"supplementaries:flax_seeds":1,"undead_revamp2:huntereye":2,"minecraft:magenta_bed":1,"minecraft:wither_skeleton_skull":1,"minecraft:lapis_lazuli":161,"minecraft:dirt":2647,"minecraft:lantern":2,"born_in_chaos_v1:monster_skin":3,"minecraft:bone":68,"minecraft:chipped_anvil":1,"undead_revamp2:blacpetalblock":1,"minecraft:bow":2,"minecraft:wheat_seeds":560,"minecraft:raw_gold":12,"minecraft:mossy_stone_bricks":1,"artifacts:antidote_vessel":1,"minecraft:glowstone_dust":16,"minecraft:powered_rail":1,"minecraft:moss_block":38,"minecraft:honeycomb":3,"minecraft:oak_planks":82,"endrem:lost_eye":1,"minecraft:cooked_porkchop":1,"minecraft:lime_terracotta":8,"minecraft:poisonous_potato":1,"earthmobsmod:harder_flesh":1,"minecraft:nether_brick_stairs":2,"minecraft:dark_oak_log":67,"minecraft:barrel":10,"minecraft:mossy_cobblestone":5,"minecraft:bundle":5,"minecraft:iron_hoe":2,"minecraft:diamond":3,"minecraft:soul_lantern":2,"minecraft:granite":12,"minecraft:grass":1,"minecraft:golden_apple":1,"minecraft:chainmail_helmet":1,"minecraft:emerald":7,"minecraft:bread":16,"alexsmobs:maggot":6,"minecraft:oak_sapling":10,"minecraft:netherrack":53,"iceandfire:raw_silver":12,"luminousworld:groundpebbles_1":76,"minecraft:crafting_table":2,"born_in_chaos_v1:diamond_termite_shard":11,"luminousworld:decorative_brown_2":1,"minecraft:ladder":1,"minecraft:chicken":5,"iceandfire:witherbone":5,"minecraft:nether_wart":24,"minecraft:clay_ball":236,"born_in_chaos_v1:seedof_chaos":4,"minecraft:leather_leggings":1,"minecraft:brown_mushroom":29,"born_in_chaos_v1:charmof_resistance":1,"twilightforest:bold_stone_pillar":1,"quark:nether_brick_chest":2,"minecraft:chain":12,"quark:dark_oak_chest":2,"minecraft:shield":2,"minecraft:oak_trapdoor":9,"minecraft:red_bed":1,"minecraft:moss_carpet":2,"minecraft:iron_axe":2,"born_in_chaos_v1:intoxicating_decoction":4,"minecraft:iron_shovel":2,"minecraft:blackstone":2,"minecraft:cracked_stone_bricks":10,"minecraft:candle":9,"minecraft:beef":36,"born_in_chaos_v1:gnawed_bones":1,"minecraft:iron_nugget":6,"luminousworld:decorative_red_1":2,"minecraft:chest":1,"minecraft:dark_oak_sapling":1,"minecraft:raw_iron":75,"minecraft:oak_door":4,"minecraft:bowl":3,"sophisticatedbackpacks:backpack":1,"minecraft:fire_charge":1,"minecraft:stone_button":1,"minecraft:cookie":10,"born_in_chaos_v1:pieceofdarkmetal":24,"minecraft:carrot":24,"born_in_chaos_v1:charmof_endurance":1,"minecraft:redstone":136,"minecraft:iron_horse_armor":1,"minecraft:dark_oak_planks":10,"minecraft:tnt":1,"minecraft:arrow":17,"minecraft:nether_bricks":1,"alexscaves:spelunkery_table":1,"minecraft:yellow_terracotta":14,"minecraft:gold_ingot":7,"minecraft:glistering_melon_slice":3,"minecraft:glow_berries":13,"born_in_chaos_v1:trident_hayfork":13,"minecraft:mutton":2,"minecraft:nether_brick_wall":3,"minecraft:white_wool":3,"minecraft:rail":7,"born_in_chaos_v1:fused_bone":3,"minecraft:stripped_oak_log":35,"born_in_chaos_v1:corpse_maggot":22,"born_in_chaos_v1:monster_flesh":6,"luminousworld:ishstone":35,"minecraft:leather":31,"minecraft:red_mushroom":33,"minecraft:acacia_wood":4,"minecraft:mushroom_stew":1,"minecraft:oak_log":53,"minecraft:chainmail_chestplate":3,"minecraft:yellow_bed":1,"minecraft:gunpowder":22,"minecraft:white_banner":6,"naturalist:glow_goop":1,"minecraft:red_carpet":2,"minecraft:stone_bricks":33,"minecraft:stone_pickaxe":1,"minecraft:spore_blossom":5,"born_in_chaos_v1:smoked_flesh":6,"minecraft:iron_ingot":29,"earthmobsmod:fancy_feather":2,"quark:glow_shroom":2,"minecraft:cobweb":5,"luminousworld:white_petunias":1,"minecraft:flowering_azalea":3,"minecraft:soul_sand":2,"minecraft:book":4,"minecraft:oak_slab":1,"minecraft:pumpkin":35,"born_in_chaos_v1:ethereal_spirit":6,"iceandfire:ash":2,"minecraft:quartz":5,"minecraft:dandelion":6,"minecraft:raw_iron_block":2,"minecraft:gravel":72,"minecraft:blast_furnace":1,"minecraft:white_bed":2,"minecraft:nether_brick_slab":1,"quark:oak_chest":3,"minecraft:spider_eye":2,"undead_revamp2:rawbostrox":14,"minecraft:diamond_shovel":1,"minecraft:pumpkin_seeds":7,"minecraft:slime_ball":8,"luminousworld:decorative_red_2":1,"minecraft:iron_helmet":2,"minecraft:cherry_sapling":38,"minecraft:baked_potato":21,"tombstone:magic_scroll":2,"minecraft:coal":164,"minecraft:sunflower":128},"minecraft:custom":{"minecraft:interact_with_crafting_table":143,"minecraft:open_barrel":35,"minecraft:eat_cake_slice":6,"minecraft:leave_game":68,"minecraft:time_since_death":8200,"minecraft:sprint_one_cm":1462779,"minecraft:damage_blocked_by_shield":1890,"minecraft:drop":62,"minecraft:play_time":704954,"minecraft:deaths":57,"minecraft:jump":10336,"minecraft:interact_with_brewingstand":1,"minecraft:walk_on_water_one_cm":62149,"minecraft:enchant_item":3,"minecraft:interact_with_furnace":83,"minecraft:sleep_in_bed":23,"minecraft:damage_dealt":73670,"minecraft:player_kills":1,"minecraft:crouch_one_cm":88441,"tombstone:undead_killed":180,"minecraft:interact_with_smoker":1,"minecraft:interact_with_smithing_table":2,"minecraft:horse_one_cm":235,"minecraft:interact_with_anvil":11,"minecraft:mob_kills":379,"minecraft:damage_dealt_resisted":4455,"minecraft:climb_one_cm":19827,"minecraft:walk_one_cm":2536879,"minecraft:damage_dealt_absorbed":80,"minecraft:sneak_time":23623,"minecraft:walk_under_water_one_cm":5010,"minecraft:interact_with_blast_furnace":5,"minecraft:total_world_time":704954,"tombstone:raider_killed":18,"minecraft:tune_noteblock":14,"minecraft:raid_trigger":1,"minecraft:time_since_rest":7514,"minecraft:damage_taken":26516,"minecraft:damage_absorbed":40,"minecraft:trigger_trapped_chest":1,"minecraft:swim_one_cm":3389,"minecraft:fly_one_cm":1602672,"minecraft:open_chest":474,"minecraft:fall_one_cm":187013},"minecraft:broken":{"minecraft:iron_shovel":3,"minecraft:iron_chestplate":1,"minecraft:iron_leggings":2,"minecraft:stone_pickaxe":4,"minecraft:chainmail_chestplate":1,"minecraft:diamond_shovel":1,"iceandfire:armor_silver_metal_chestplate":1,"iceandfire:armor_copper_metal_helmet":1,"minecraft:stone_sword":1,"aether:iron_gloves":1,"iceandfire:armor_copper_metal_leggings":1,"iceandfire:copper_shovel":1,"minecraft:iron_axe":1,"minecraft:leather_boots":1,"minecraft:iron_pickaxe":4,"minecraft:iron_helmet":2,"minecraft:wooden_hoe":2,"iceandfire:armor_copper_metal_boots":1},"minecraft:used":{"minecraft:cherry_sapling":2,"minecraft:moss_block":2,"minecraft:nether_brick_fence":1,"minecraft:polished_deepslate":201,"minecraft:iron_shovel":832,"minecraft:chest":1,"born_in_chaos_v1:intoxicating_decoction":2,"minecraft:shield":65,"minecraft:nether_wart":6,"minecraft:rotten_flesh":4,"quark:cherry_chest":2,"minecraft:soul_sand":2,"twilightforest:bold_stone_pillar":1,"minecraft:carrot":7,"minecraft:tuff":2,"born_in_chaos_v1:corpse_maggot":1,"born_in_chaos_v1:smoked_flesh":6,"minecraft:lantern":1,"minecraft:bow":9,"minecraft:furnace":4,"minecraft:potato":17,"minecraft:mossy_stone_bricks":1,"minecraft:diorite":2,"minecraft:stone_pickaxe":591,"minecraft:oak_planks":90,"luminousworld:groundpebbles_1":4,"minecraft:wooden_pickaxe":31,"minecraft:cookie":10,"minecraft:glow_berries":14,"minecraft:golden_apple":1,"alexscaves:cave_book":1,"minecraft:mushroom_stew":22,"minecraft:pumpkin_seeds":7,"minecraft:black_bed":1,"minecraft:shears":9,"minecraft:deepslate_tiles":2,"iceandfire:copper_shovel":311,"minecraft:melon_slice":91,"minecraft:bread":70,"minecraft:deepslate":1,"tombstone:grave_key":18,"minecraft:gravel":5,"minecraft:soul_lantern":2,"minecraft:oak_fence":1,"minecraft:stone_sword":109,"minecraft:chain":6,"minecraft:enchanting_table":1,"minecraft:bone_meal":34,"minecraft:spruce_planks":4,"minecraft:cooked_chicken":3,"minecraft:oak_door":6,"minecraft:torch":359,"minecraft:dirt":2413,"minecraft:spruce_stairs":2,"quark:cherry_bookshelf":18,"minecraft:nether_brick_slab":1,"minecraft:iron_hoe":9,"minecraft:chipped_anvil":1,"minecraft:flowering_azalea":1,"minecraft:iron_axe":336,"minecraft:melon_seeds":6,"minecraft:glowstone":2,"minecraft:deepslate_tile_stairs":1,"tombstone:gift":7,"minecraft:pumpkin":2,"minecraft:cooked_beef":34,"minecraft:cherry_log":3,"minecraft:cobbled_deepslate":251,"born_in_chaos_v1:trident_hayfork":609,"minecraft:wheat_seeds":79,"minecraft:cooked_mutton":2,"tombstone:scroll_of_mercy":2,"minecraft:water_bucket":49,"tombstone:scroll_of_knowledge":4,"undead_revamp2:bostroxsword":987,"minecraft:red_nether_bricks":1,"minecraft:baked_potato":45,"minecraft:cherry_planks":59,"luminousworld:ishstone":9,"quark:acacia_chest":2,"minecraft:magenta_bed":1,"minecraft:crafting_table":9,"minecraft:red_bed":1,"minecraft:white_bed":2,"minecraft:cake":1,"minecraft:wooden_hoe":151,"minecraft:diamond_shovel":1619,"minecraft:iron_pickaxe":1548,"tombstone:magic_scroll":1,"minecraft:stone_axe":78,"quark:dark_oak_chest":8,"minecraft:cobblestone":174,"minecraft:white_banner":6,"minecraft:bucket":49,"minecraft:cooked_porkchop":1,"quark:nether_brick_chest":2,"minecraft:yellow_bed":1,"quark:oak_chest":9,"minecraft:stripped_oak_log":2},"minecraft:dropped":{"minecraft:nether_brick_stairs":2,"minecraft:moss_block":7,"minecraft:cooked_beef":1,"minecraft:glass_bottle":2,"minecraft:spore_blossom":2,"minecraft:lime_terracotta":4,"minecraft:leather":2,"born_in_chaos_v1:monster_flesh":1,"minecraft:dirt":49,"undead_revamp2:bostroxsword":1,"minecraft:dark_oak_planks":2,"luminousworld:decorative_brown_2":1,"minecraft:bone":1,"minecraft:oak_door":2,"minecraft:cobbled_deepslate":4,"minecraft:rotten_flesh":14,"minecraft:oak_planks":25,"minecraft:chainmail_chestplate":1,"born_in_chaos_v1:seedof_chaos":1,"minecraft:powered_rail":1,"minecraft:wheat_seeds":5,"minecraft:cobblestone":6,"minecraft:stick":6,"minecraft:torch":2,"minecraft:string":15,"minecraft:moss_carpet":2,"minecraft:bowl":6,"minecraft:big_dripleaf":8,"aether:iron_gloves":1,"minecraft:bundle":1,"minecraft:iron_chestplate":1,"luminousworld:groundpebbles_1":4,"minecraft:andesite":4,"minecraft:slime_ball":1,"minecraft:magma_block":16},"minecraft:killed":{"undead_revamp2:thewolf":2,"illagerinvasion:archivist":1,"born_in_chaos_v1:zombie_clown":2,"earthmobsmod:duck":5,"minecraft:zombified_piglin":3,"minecraft:witch":1,"born_in_chaos_v1:restless_spirit":2,"born_in_chaos_v1:zombie_lumberjack":9,"minecraft:spider":4,"enemyexpansion:equestrian":2,"undead_revamp2:thesmoker":4,"born_in_chaos_v1:siamese_skeletonsright":3,"undead_revamp2:theswarmer":1,"born_in_chaos_v1:baby_skeleton_minion":11,"illagerinvasion:basher":1,"born_in_chaos_v1:scarlet_persecutor":2,"minecraft:skeleton":3,"friendsandfoes:glare":1,"minecraft:bee":4,"luminousworld:dark_oak_skeleton":4,"illagerinvasion:provoker":1,"enemyexpansion:vampflyer":1,"artifacts:mimic":1,"born_in_chaos_v1:bonescaller":2,"minecraft:pig":2,"enemyexpansion:ladybug":1,"minecraft:zombie_villager":1,"born_in_chaos_v1:diamond_termite":15,"naturalist:firefly":3,"minecraft:creeper":3,"minecraft:sheep":1,"undead_revamp2:thebidyupside":1,"minecraft:pillager":7,"minecraft:zombie":40,"born_in_chaos_v1:dread_hound":9,"enemyexpansion:vampire":2,"luminousworld:buckeye":1,"born_in_chaos_v1:corpse_fly":12,"enemyexpansion:botfly":8,"undead_revamp2:theskeeper":1,"alexsmobs:fly":18,"born_in_chaos_v1:door_knight":2,"luminousworld:dark_oak_zombie":3,"takesapillage:archer":2,"born_in_chaos_v1:siamese_skeletonsleft":2,"minecraft:blaze":6,"born_in_chaos_v1:missioner":1,"undead_revamp2:thehunter":10,"alexsmobs:raccoon":1,"illagerinvasion:marauder":2,"quark:toretoise":1,"minecraft:slime":2,"enemyexpansion:direwolf":8,"born_in_chaos_v1:zombie_bruiser":7,"born_in_chaos_v1:maggot":21,"alexsmobs:blue_jay":1,"undead_revamp2:coppertar":2,"enemyexpansion:silverqueen":1,"earthmobsmod:fancy_chicken":2,"undead_revamp2:sucker":10,"born_in_chaos_v1:fallen_chaos_knight":2,"earthmobsmod:bouldering_zombie":2,"born_in_chaos_v1:baby_skeleton":2,"born_in_chaos_v1:swarmer":1,"naturalist:butterfly":1,"undead_revamp2:the_moonflower":19,"minecraft:bat":2,"enemyexpansion:sprinter":3,"earthmobsmod:cream_cow":19,"born_in_chaos_v1:decrepit_skeleton":10,"undead_revamp2:thesomnolence":5,"enemyexpansion:huntsman":1,"minecraft:wither_skeleton":12,"enemyexpansion:slugger":3},"minecraft:killed_by":{"undead_revamp2:thewolf":2,"minecraft:zombie_villager":1,"mutantmonsters:mutant_zombie":1,"undead_revamp2:sucker":2,"undead_revamp2:the_moonflower":6,"born_in_chaos_v1:nightmare_stalker":1,"luminousworld:miner_zombie":1,"minecraft:wither_skeleton":1,"born_in_chaos_v1:corpse_fly":1,"undead_revamp2:bomber":1,"minecraft:blaze":1,"minecraft:zombie":6,"undead_revamp2:axestrom":2,"undead_revamp2:thesmoker":1,"iceandfire:fire_dragon":2,"enemyexpansion:invisicreeper":1,"born_in_chaos_v1:siamese_skeletonsright":1,"born_in_chaos_v1:swarmer":1,"undead_revamp2:thehunter":3,"minecraft:skeleton":1,"born_in_chaos_v1:missioner":9,"born_in_chaos_v1:dread_hound":1},"minecraft:mined":{"luminousworld:white_petunias":1,"minecraft:spruce_planks":4,"minecraft:white_bed":2,"minecraft:cherry_log":46,"minecraft:sculk_vein":3,"minecraft:red_nether_bricks":8,"ecologics:surface_moss":1,"placeablesmod:melon_block_2":1,"minecraft:cave_vines_plant":14,"minecraft:granite":13,"minecraft:grass_block":1992,"luminousworld:decorative_red_2":2,"minecraft:nether_wart":6,"minecraft:spawner":1,"luminousworld:decorative_red_1":2,"minecraft:raw_iron_block":1,"minecraft:magma_block":18,"minecraft:glowstone":5,"undead_revamp2:bostroxore":14,"minecraft:iron_ore":54,"minecraft:barrel":10,"minecraft:fire":4,"minecraft:cobbled_deepslate":27,"minecraft:moss_carpet":2,"minecraft:pumpkin":33,"minecraft:anvil":1,"minecraft:deepslate_lapis_ore":16,"minecraft:nether_brick_stairs":5,"minecraft:cave_vines":22,"iceandfire:gold_pile":54,"minecraft:azalea":1,"luminousworld:decorative_brown_2":1,"minecraft:deepslate_redstone_ore":25,"minecraft:brown_mushroom":2,"quark:nether_brick_chest":2,"minecraft:red_bed":1,"minecraft:blackstone":2,"minecraft:soul_lantern":2,"minecraft:powder_snow":28,"minecraft:clay":63,"born_in_chaos_v1:infected_deepslate_diamond_ore":5,"minecraft:torch":20,"minecraft:blast_furnace":1,"minecraft:calcite":12,"minecraft:melon":29,"minecraft:chest":1,"minecraft:nether_brick_slab":1,"minecraft:mushroom_stem":26,"minecraft:nether_quartz_ore":2,"minecraft:cobblestone":30,"minecraft:cyan_bed":1,"minecraft:oak_planks":59,"minecraft:iron_door":1,"minecraft:wall_torch":25,"minecraft:deepslate_copper_ore":6,"minecraft:pink_petals":6,"minecraft:chain":7,"minecraft:wheat":7,"minecraft:magenta_bed":1,"minecraft:pumpkin_stem":1,"minecraft:black_bed":2,"quark:glow_shroom":2,"minecraft:grass":405,"minecraft:oak_log":47,"minecraft:lime_terracotta":6,"minecraft:dirt":607,"luminousworld:grassvariant_3":4,"born_in_chaos_v1:infernal_evil_pumpkin_s":2,"minecraft:red_mushroom_block":90,"minecraft:netherrack":53,"minecraft:deepslate":479,"minecraft:oak_leaves":107,"minecraft:yellow_terracotta":14,"minecraft:tuff":27,"minecraft:nether_gold_ore":4,"minecraft:deepslate_tiles":2,"alexscaves:spelunkery_table":1,"luminousworld:groundpebbles_1":15,"iceandfire:silver_ore":4,"luminousworld:grassvariant_4":2,"minecraft:deepslate_diamond_ore":1,"minecraft:mossy_cobblestone":5,"minecraft:dark_oak_leaves":8,"minecraft:candle":3,"minecraft:nether_brick_wall":3,"minecraft:dark_oak_log":71,"born_in_chaos_v1:infected_diamond_ore":4,"minecraft:nether_bricks":2,"minecraft:glow_lichen":1,"minecraft:ladder":1,"born_in_chaos_v1:black_argillite":6,"iceandfire:deepslate_silver_ore":2,"luminousworld:grassvariant_2":5,"minecraft:brown_mushroom_block":97,"minecraft:moss_block":41,"minecraft:red_mushroom":2,"minecraft:cracked_nether_bricks":1,"luminousworld:groundpebbles_3":10,"placeablesmod:bowl_block_1":1,"minecraft:spore_blossom":4,"minecraft:redstone_ore":6,"minecraft:oak_trapdoor":9,"minecraft:acacia_wood":4,"minecraft:andesite":29,"minecraft:big_dripleaf_stem":3,"minecraft:nether_brick_fence":9,"minecraft:polished_deepslate":22,"minecraft:bookshelf":1,"minecraft:deepslate_iron_ore":22,"minecraft:vine":4,"minecraft:stripped_oak_log":39,"luminousworld:groundpebbles_2":14,"minecraft:stone":720,"minecraft:smithing_table":1,"minecraft:flowering_azalea":3,"minecraft:cherry_planks":4,"minecraft:chiseled_nether_bricks":1,"minecraft:soul_sand":2,"quark:oak_chest":3,"quark:dark_oak_chest":2,"minecraft:dandelion":1,"minecraft:oak_fence":4,"minecraft:crafting_table":2,"minecraft:emerald_ore":1,"minecraft:sculk_sensor":1,"minecraft:copper_ore":29,"minecraft:tall_grass":94,"minecraft:lapis_ore":1,"minecraft:deepslate_gold_ore":9,"minecraft:sculk":49,"minecraft:diorite":45,"minecraft:big_dripleaf":5,"supplementaries:urn":6,"minecraft:spruce_stairs":2,"minecraft:redstone_torch":1,"minecraft:white_wall_banner":2,"minecraft:bee_nest":2,"minecraft:yellow_bed":1,"twilightforest:bold_stone_pillar":1,"minecraft:coal_ore":160,"luminousworld:ishstone":36,"minecraft:cherry_leaves":15,"minecraft:sunflower":89,"minecraft:gravel":58,"minecraft:cobweb":23,"minecraft:cracked_stone_bricks":10,"minecraft:stone_bricks":34,"minecraft:small_dripleaf":4,"minecraft:mossy_stone_bricks":1,"minecraft:gold_ore":1,"minecraft:chipped_anvil":1,"minecraft:dark_oak_planks":10},"minecraft:crafted":{"minecraft:oak_planks":248,"minecraft:cooked_chicken":4,"quark:cherry_chest":2,"minecraft:cooked_mutton":2,"iceandfire:armor_copper_metal_boots":1,"undead_revamp2:bostroxset_chestplate":1,"minecraft:bow":1,"iceandfire:armor_copper_metal_chestplate":1,"minecraft:golden_boots":1,"minecraft:deepslate":1,"minecraft:crafting_table":7,"minecraft:baked_potato":24,"minecraft:wooden_pickaxe":1,"minecraft:iron_helmet":2,"minecraft:copper_ingot":91,"minecraft:iron_chestplate":1,"minecraft:book":1,"minecraft:wooden_hoe":3,"minecraft:golden_leggings":1,"minecraft:stick":120,"quark:oak_chest":6,"minecraft:iron_ingot":48,"minecraft:iron_pickaxe":4,"minecraft:stone_sword":1,"minecraft:gold_ingot":65,"minecraft:shears":1,"minecraft:cherry_planks":196,"minecraft:oak_door":9,"minecraft:leather_boots":1,"minecraft:golden_chestplate":1,"minecraft:furnace":4,"iceandfire:armor_copper_metal_leggings":1,"minecraft:mushroom_stew":26,"minecraft:bone_meal":36,"quark:cherry_bookshelf":18,"iceandfire:armor_copper_metal_helmet":1,"iceandfire:copper_shovel":1,"quark:dark_oak_chest":12,"minecraft:diamond":1,"quark:acacia_chest":2,"undead_revamp2:bostroxsword":1,"minecraft:leather":7,"minecraft:polished_deepslate":180,"minecraft:iron_axe":1,"minecraft:stone_pickaxe":5,"minecraft:dark_oak_planks":168,"minecraft:lead":2,"minecraft:cooked_beef":36,"minecraft:enchanting_table":1,"minecraft:bowl":12,"minecraft:stone_axe":1,"minecraft:glowstone":2,"minecraft:bread":64,"minecraft:air":0,"aether:iron_gloves":1,"minecraft:iron_shovel":3,"minecraft:iron_leggings":1,"minecraft:white_bed":1,"minecraft:acacia_planks":16,"undead_revamp2:bostroxingot":10,"minecraft:torch":296}},"DataVersion":3465}