{"stats":{"minecraft:broken":{"minecraft:stone_pickaxe":1},"minecraft:used":{"minecraft:moss_block":2,"minecraft:cooked_mutton":2,"minecraft:stone_sword":50,"minecraft:stone_pickaxe":195,"minecraft:wooden_pickaxe":31,"minecraft:torch":19,"minecraft:glow_berries":14,"minecraft:dirt":88,"minecraft:crafting_table":1,"minecraft:mushroom_stew":4,"minecraft:flowering_azalea":1,"iceandfire:copper_shovel":254,"minecraft:iron_axe":8,"minecraft:stone_axe":53,"quark:dark_oak_chest":2,"minecraft:furnace":1,"tombstone:gift":1},"minecraft:crafted":{"minecraft:crafting_table":1,"minecraft:wooden_pickaxe":1,"minecraft:bowl":4,"minecraft:furnace":1,"iceandfire:armor_copper_metal_leggings":1,"minecraft:copper_ingot":30,"minecraft:mushroom_stew":6,"minecraft:stone_axe":1,"iceandfire:armor_copper_metal_boots":1,"minecraft:cooked_mutton":2,"minecraft:air":0,"iceandfire:armor_copper_metal_helmet":1,"iceandfire:copper_shovel":1,"quark:dark_oak_chest":2,"minecraft:leather":2,"minecraft:stick":24,"iceandfire:armor_copper_metal_chestplate":1,"minecraft:stone_pickaxe":2,"minecraft:stone_sword":1,"minecraft:dark_oak_planks":168,"minecraft:torch":16},"minecraft:picked_up":{"luminousworld:groundpebbles_1":4,"minecraft:feather":1,"minecraft:clay_ball":52,"minecraft:brown_mushroom":8,"minecraft:red_mushroom":17,"minecraft:chainmail_chestplate":1,"minecraft:string":1,"minecraft:dirt":167,"minecraft:raw_copper":91,"minecraft:iron_axe":1,"minecraft:bone":1,"minecraft:bow":1,"minecraft:wheat_seeds":1,"luminousworld:decorative_red_1":2,"minecraft:moss_block":5,"minecraft:flowering_azalea":1,"minecraft:dark_oak_sapling":1,"minecraft:stick":4,"minecraft:big_dripleaf":1,"minecraft:torch":3,"minecraft:diorite":1,"minecraft:dark_oak_log":42,"minecraft:rotten_flesh":3,"luminousworld:decorative_red_2":1,"tombstone:magic_scroll":1,"minecraft:oak_sapling":10,"minecraft:glow_berries":5,"minecraft:mutton":2,"minecraft:coal":23,"minecraft:white_wool":1,"iceandfire:raw_silver":4,"minecraft:cobblestone":161},"minecraft:custom":{"minecraft:interact_with_furnace":23,"minecraft:mob_kills":8,"minecraft:interact_with_crafting_table":27,"minecraft:leave_game":5,"minecraft:time_since_death":28814,"minecraft:climb_one_cm":90,"minecraft:time_since_rest":27373,"minecraft:sprint_one_cm":63802,"minecraft:damage_taken":673,"minecraft:walk_one_cm":181575,"minecraft:damage_dealt":1717,"minecraft:fly_one_cm":52966,"minecraft:player_kills":1,"minecraft:open_chest":7,"minecraft:crouch_one_cm":2298,"minecraft:deaths":1,"minecraft:play_time":35943,"tombstone:undead_killed":5,"minecraft:sneak_time":354,"minecraft:jump":678,"minecraft:total_world_time":35943,"minecraft:fall_one_cm":11604},"minecraft:killed":{"enemyexpansion:direwolf":1,"minecraft:sheep":1,"alexsmobs:blue_jay":1,"luminousworld:dark_oak_skeleton":2,"luminousworld:dark_oak_zombie":3},"minecraft:mined":{"luminousworld:groundpebbles_1":2,"minecraft:flowering_azalea":1,"iceandfire:silver_ore":4,"minecraft:dark_oak_leaves":8,"minecraft:dark_oak_log":43,"minecraft:powder_snow":28,"minecraft:clay":13,"ecologics:surface_moss":1,"minecraft:glow_lichen":1,"minecraft:torch":1,"minecraft:cave_vines_plant":1,"minecraft:grass_block":22,"minecraft:mushroom_stem":17,"luminousworld:grassvariant_2":4,"minecraft:brown_mushroom_block":52,"minecraft:copper_ore":24,"luminousworld:decorative_red_2":2,"minecraft:moss_block":5,"minecraft:diorite":1,"minecraft:wall_torch":1,"luminousworld:groundpebbles_3":2,"minecraft:big_dripleaf":2,"luminousworld:decorative_red_1":2,"minecraft:fire":2,"minecraft:grass":9,"minecraft:coal_ore":23,"minecraft:cave_vines":7,"minecraft:dirt":145,"luminousworld:grassvariant_3":4,"minecraft:cobweb":1,"luminousworld:groundpebbles_2":1,"minecraft:red_mushroom_block":64,"minecraft:stone":162,"born_in_chaos_v1:infernal_evil_pumpkin_s":1,"minecraft:small_dripleaf":2,"minecraft:oak_leaves":103}},"DataVersion":3465}