{"stats":{"minecraft:broken":{"minecraft:stone_sword":1,"minecraft:stone_pickaxe":4,"iceandfire:copper_shovel":1,"minecraft:iron_pickaxe":1,"iceandfire:armor_copper_metal_helmet":1},"minecraft:killed_by":{"luminousworld:miner_zombie":1,"born_in_chaos_v1:corpse_fly":1,"born_in_chaos_v1:dread_hound":1},"minecraft:used":{"minecraft:moss_block":2,"minecraft:stone_sword":109,"minecraft:rotten_flesh":4,"minecraft:oak_door":1,"minecraft:torch":205,"minecraft:dirt":264,"minecraft:iron_hoe":9,"born_in_chaos_v1:corpse_maggot":1,"born_in_chaos_v1:smoked_flesh":6,"minecraft:flowering_azalea":1,"minecraft:iron_axe":88,"minecraft:furnace":2,"tombstone:gift":4,"minecraft:cobbled_deepslate":9,"minecraft:pumpkin":2,"minecraft:cooked_mutton":2,"minecraft:mossy_stone_bricks":1,"undead_revamp2:bostroxsword":305,"minecraft:stone_pickaxe":591,"minecraft:oak_planks":1,"minecraft:wooden_pickaxe":31,"luminousworld:groundpebbles_1":1,"minecraft:cookie":5,"minecraft:glow_berries":14,"minecraft:mushroom_stew":21,"minecraft:crafting_table":5,"minecraft:magenta_bed":1,"minecraft:white_bed":1,"minecraft:cake":1,"minecraft:shears":4,"iceandfire:copper_shovel":311,"minecraft:diamond_shovel":73,"minecraft:bread":8,"minecraft:iron_pickaxe":478,"minecraft:stone_axe":78,"quark:dark_oak_chest":8,"minecraft:cobblestone":108,"minecraft:white_banner":3,"minecraft:cooked_porkchop":1,"quark:oak_chest":4,"minecraft:stripped_oak_log":2,"minecraft:yellow_bed":1},"minecraft:crafted":{"minecraft:cherry_planks":4,"minecraft:oak_door":3,"minecraft:oak_planks":40,"minecraft:furnace":2,"iceandfire:armor_copper_metal_leggings":1,"minecraft:mushroom_stew":26,"minecraft:cooked_mutton":2,"iceandfire:armor_copper_metal_boots":1,"iceandfire:armor_copper_metal_helmet":1,"iceandfire:copper_shovel":1,"undead_revamp2:bostroxset_chestplate":1,"quark:dark_oak_chest":12,"minecraft:diamond":1,"undead_revamp2:bostroxsword":1,"minecraft:leather":2,"minecraft:stone_pickaxe":5,"iceandfire:armor_copper_metal_chestplate":1,"minecraft:dark_oak_planks":168,"minecraft:crafting_table":4,"minecraft:wooden_pickaxe":1,"minecraft:bowl":12,"minecraft:copper_ingot":91,"minecraft:stone_axe":1,"minecraft:air":0,"minecraft:stick":76,"quark:oak_chest":2,"minecraft:iron_ingot":25,"minecraft:iron_pickaxe":2,"minecraft:stone_sword":1,"minecraft:white_bed":1,"minecraft:torch":176,"undead_revamp2:bostroxingot":10,"minecraft:shears":1},"minecraft:picked_up":{"minecraft:iron_chestplate":1,"luminousworld:groundpebbles_1":26,"minecraft:crafting_table":1,"born_in_chaos_v1:diamond_termite_shard":10,"minecraft:chicken":1,"luminousworld:decorative_brown_2":1,"minecraft:ladder":1,"minecraft:clay_ball":236,"minecraft:brown_mushroom":27,"minecraft:chain":2,"quark:dark_oak_chest":2,"born_in_chaos_v1:black_argillite":2,"minecraft:string":21,"minecraft:moss_carpet":2,"minecraft:raw_copper":114,"minecraft:iron_axe":2,"minecraft:iron_shovel":2,"minecraft:candle":9,"minecraft:cobbled_deepslate":23,"minecraft:azalea":1,"luminousworld:decorative_red_1":2,"minecraft:iron_pickaxe":1,"minecraft:dark_oak_sapling":1,"minecraft:stick":8,"minecraft:raw_iron":59,"minecraft:big_dripleaf":24,"minecraft:torch":44,"minecraft:bowl":3,"minecraft:golden_axe":1,"minecraft:cherry_log":1,"minecraft:cookie":5,"tombstone:grave_dust":4,"minecraft:diorite":41,"born_in_chaos_v1:pieceofdarkmetal":7,"minecraft:redstone":26,"minecraft:tnt":1,"minecraft:stone_sword":3,"minecraft:rotten_flesh":24,"supplementaries:ash":19,"undead_revamp2:bostroxsword":1,"minecraft:glow_berries":13,"minecraft:mutton":2,"minecraft:rail":3,"minecraft:white_wool":3,"minecraft:cobblestone":655,"minecraft:stripped_oak_log":2,"born_in_chaos_v1:corpse_maggot":6,"minecraft:feather":3,"born_in_chaos_v1:monster_flesh":3,"minecraft:andesite":33,"luminousworld:ishstone":24,"minecraft:red_mushroom":28,"minecraft:flint":6,"minecraft:oak_log":10,"minecraft:chainmail_chestplate":3,"supplementaries:flax_seeds":1,"minecraft:yellow_bed":1,"minecraft:magenta_bed":1,"minecraft:gunpowder":2,"minecraft:lapis_lazuli":102,"minecraft:dirt":308,"minecraft:white_banner":3,"minecraft:bone":10,"minecraft:stone_bricks":1,"minecraft:bow":1,"minecraft:wheat_seeds":9,"minecraft:raw_gold":4,"minecraft:spore_blossom":5,"born_in_chaos_v1:smoked_flesh":6,"minecraft:iron_ingot":18,"minecraft:stone_pickaxe":1,"minecraft:mossy_stone_bricks":1,"minecraft:powered_rail":1,"minecraft:moss_block":38,"minecraft:oak_planks":13,"minecraft:honeycomb":3,"minecraft:flowering_azalea":3,"minecraft:cooked_porkchop":1,"minecraft:pumpkin":5,"minecraft:raw_iron_block":2,"earthmobsmod:harder_flesh":1,"minecraft:gravel":23,"quark:oak_chest":2,"minecraft:dark_oak_log":67,"minecraft:spider_eye":1,"undead_revamp2:rawbostrox":14,"minecraft:iron_hoe":2,"minecraft:diamond_shovel":1,"minecraft:slime_ball":2,"luminousworld:decorative_red_2":1,"minecraft:granite":12,"minecraft:grass":1,"minecraft:emerald":1,"minecraft:bread":8,"tombstone:magic_scroll":1,"minecraft:oak_sapling":10,"minecraft:coal":132,"iceandfire:raw_silver":4},"minecraft:dropped":{"minecraft:moss_block":7,"minecraft:wheat_seeds":4,"minecraft:glass_bottle":2,"minecraft:spore_blossom":2,"minecraft:cobblestone":6,"minecraft:stick":6,"born_in_chaos_v1:monster_flesh":1,"minecraft:string":8,"luminousworld:decorative_brown_2":1,"minecraft:bone":1,"minecraft:moss_carpet":2,"minecraft:cobbled_deepslate":4,"minecraft:bowl":6,"minecraft:rotten_flesh":12,"minecraft:chainmail_chestplate":1,"minecraft:big_dripleaf":8,"minecraft:iron_chestplate":1,"minecraft:andesite":4,"minecraft:slime_ball":1,"minecraft:powered_rail":1},"minecraft:custom":{"minecraft:interact_with_smithing_table":1,"minecraft:mob_kills":64,"minecraft:interact_with_crafting_table":64,"minecraft:open_barrel":18,"minecraft:damage_dealt_resisted":306,"minecraft:eat_cake_slice":6,"minecraft:leave_game":10,"minecraft:time_since_death":7003,"minecraft:climb_one_cm":14568,"minecraft:sprint_one_cm":373575,"minecraft:walk_one_cm":849331,"minecraft:drop":38,"minecraft:play_time":168297,"minecraft:deaths":4,"minecraft:sneak_time":3342,"minecraft:walk_under_water_one_cm":1441,"minecraft:jump":3210,"minecraft:interact_with_brewingstand":1,"minecraft:interact_with_blast_furnace":4,"minecraft:walk_on_water_one_cm":6263,"minecraft:total_world_time":168297,"minecraft:interact_with_furnace":49,"tombstone:raider_killed":1,"minecraft:tune_noteblock":14,"minecraft:sleep_in_bed":8,"minecraft:time_since_rest":4604,"minecraft:damage_taken":3394,"minecraft:damage_dealt":11473,"minecraft:player_kills":1,"minecraft:swim_one_cm":2116,"minecraft:fly_one_cm":308883,"minecraft:open_chest":82,"minecraft:crouch_one_cm":13575,"tombstone:undead_killed":17,"minecraft:interact_with_smoker":1,"minecraft:fall_one_cm":54163},"minecraft:killed":{"born_in_chaos_v1:zombie_clown":1,"earthmobsmod:duck":2,"born_in_chaos_v1:zombie_lumberjack":1,"alexsmobs:raccoon":1,"minecraft:spider":1,"illagerinvasion:marauder":1,"undead_revamp2:thesmoker":1,"minecraft:slime":1,"enemyexpansion:direwolf":1,"born_in_chaos_v1:zombie_bruiser":1,"born_in_chaos_v1:maggot":3,"friendsandfoes:glare":1,"alexsmobs:blue_jay":1,"minecraft:bee":2,"luminousworld:dark_oak_skeleton":4,"earthmobsmod:bouldering_zombie":1,"minecraft:pig":1,"enemyexpansion:ladybug":1,"born_in_chaos_v1:diamond_termite":12,"naturalist:butterfly":1,"enemyexpansion:sprinter":2,"minecraft:sheep":1,"undead_revamp2:thebidyupside":1,"undead_revamp2:thesomnolence":5,"minecraft:zombie":2,"born_in_chaos_v1:dread_hound":2,"luminousworld:buckeye":1,"born_in_chaos_v1:corpse_fly":6,"undead_revamp2:theskeeper":1,"alexsmobs:fly":1,"luminousworld:dark_oak_zombie":3},"minecraft:mined":{"luminousworld:groundpebbles_1":8,"minecraft:tuff":3,"iceandfire:silver_ore":4,"minecraft:dark_oak_leaves":8,"luminousworld:grassvariant_4":2,"minecraft:candle":3,"minecraft:dark_oak_log":71,"born_in_chaos_v1:infected_diamond_ore":4,"minecraft:cave_vines_plant":14,"minecraft:glow_lichen":1,"ecologics:surface_moss":1,"minecraft:ladder":1,"minecraft:granite":13,"minecraft:grass_block":83,"born_in_chaos_v1:black_argillite":2,"luminousworld:grassvariant_2":5,"minecraft:brown_mushroom_block":97,"minecraft:moss_block":41,"luminousworld:decorative_red_2":2,"luminousworld:groundpebbles_3":6,"placeablesmod:bowl_block_1":1,"luminousworld:decorative_red_1":2,"minecraft:spore_blossom":4,"minecraft:raw_iron_block":1,"undead_revamp2:bostroxore":14,"minecraft:iron_ore":41,"minecraft:fire":2,"minecraft:cobbled_deepslate":1,"minecraft:andesite":29,"minecraft:moss_carpet":2,"minecraft:pumpkin":3,"minecraft:deepslate_lapis_ore":7,"minecraft:big_dripleaf_stem":3,"minecraft:cave_vines":22,"minecraft:deepslate_iron_ore":19,"minecraft:vine":1,"minecraft:stripped_oak_log":6,"luminousworld:groundpebbles_2":9,"minecraft:azalea":1,"luminousworld:decorative_brown_2":1,"minecraft:stone":573,"minecraft:deepslate_redstone_ore":6,"minecraft:flowering_azalea":3,"quark:oak_chest":2,"quark:dark_oak_chest":2,"minecraft:powder_snow":28,"minecraft:clay":63,"minecraft:crafting_table":1,"born_in_chaos_v1:infected_deepslate_diamond_ore":3,"minecraft:torch":11,"minecraft:mushroom_stem":26,"minecraft:copper_ore":29,"minecraft:tall_grass":12,"minecraft:cobblestone":29,"minecraft:deepslate_gold_ore":1,"minecraft:lapis_ore":1,"minecraft:cyan_bed":1,"minecraft:oak_planks":14,"minecraft:wall_torch":18,"minecraft:diorite":43,"minecraft:big_dripleaf":5,"minecraft:deepslate_copper_ore":1,"supplementaries:urn":5,"minecraft:magenta_bed":1,"minecraft:white_wall_banner":2,"minecraft:bee_nest":1,"minecraft:yellow_bed":1,"minecraft:grass":37,"luminousworld:ishstone":25,"minecraft:coal_ore":132,"minecraft:oak_log":9,"minecraft:sunflower":2,"minecraft:gravel":13,"minecraft:dirt":225,"luminousworld:grassvariant_3":4,"minecraft:cobweb":9,"born_in_chaos_v1:infernal_evil_pumpkin_s":2,"minecraft:red_mushroom_block":90,"minecraft:stone_bricks":1,"minecraft:small_dripleaf":4,"minecraft:gold_ore":1,"minecraft:mossy_stone_bricks":1,"minecraft:oak_leaves":107,"minecraft:deepslate":26}},"DataVersion":3465}