{"stats":{"minecraft:broken":{"minecraft:stone_sword":1,"minecraft:stone_pickaxe":4,"iceandfire:copper_shovel":1,"minecraft:iron_pickaxe":1},"minecraft:killed_by":{"luminousworld:miner_zombie":1},"minecraft:used":{"minecraft:moss_block":2,"minecraft:stone_sword":109,"minecraft:torch":89,"minecraft:dirt":119,"minecraft:iron_hoe":9,"minecraft:flowering_azalea":1,"minecraft:iron_axe":53,"minecraft:furnace":2,"tombstone:gift":1,"minecraft:cobbled_deepslate":2,"minecraft:cooked_mutton":2,"minecraft:stone_pickaxe":591,"undead_revamp2:bostroxsword":28,"minecraft:oak_planks":1,"minecraft:wooden_pickaxe":31,"minecraft:glow_berries":14,"minecraft:crafting_table":3,"minecraft:magenta_bed":1,"minecraft:mushroom_stew":12,"iceandfire:copper_shovel":311,"minecraft:iron_pickaxe":307,"minecraft:stone_axe":75,"quark:dark_oak_chest":4,"minecraft:cobblestone":76},"minecraft:crafted":{"minecraft:oak_planks":20,"minecraft:furnace":2,"iceandfire:armor_copper_metal_leggings":1,"minecraft:mushroom_stew":17,"minecraft:cooked_mutton":2,"iceandfire:armor_copper_metal_helmet":1,"iceandfire:armor_copper_metal_boots":1,"iceandfire:copper_shovel":1,"undead_revamp2:bostroxset_chestplate":1,"quark:dark_oak_chest":4,"undead_revamp2:bostroxsword":1,"minecraft:leather":2,"minecraft:stone_pickaxe":5,"iceandfire:armor_copper_metal_chestplate":1,"minecraft:dark_oak_planks":168,"minecraft:crafting_table":2,"minecraft:wooden_pickaxe":1,"minecraft:bowl":12,"minecraft:copper_ingot":91,"minecraft:stone_axe":1,"minecraft:air":0,"minecraft:stick":40,"minecraft:iron_ingot":18,"minecraft:iron_pickaxe":2,"minecraft:stone_sword":1,"minecraft:torch":80,"undead_revamp2:bostroxingot":10,"minecraft:shears":1},"minecraft:picked_up":{"luminousworld:groundpebbles_1":9,"born_in_chaos_v1:diamond_termite_shard":5,"minecraft:crafting_table":1,"minecraft:clay_ball":220,"minecraft:brown_mushroom":27,"born_in_chaos_v1:black_argillite":2,"minecraft:raw_copper":109,"minecraft:string":9,"minecraft:iron_axe":2,"minecraft:cobbled_deepslate":2,"luminousworld:decorative_red_1":2,"minecraft:dark_oak_sapling":1,"minecraft:stick":4,"minecraft:raw_iron":23,"minecraft:big_dripleaf":16,"minecraft:torch":15,"minecraft:bowl":1,"minecraft:diorite":35,"born_in_chaos_v1:pieceofdarkmetal":3,"minecraft:stone_sword":3,"minecraft:rotten_flesh":12,"minecraft:glow_berries":13,"minecraft:mutton":2,"minecraft:white_wool":1,"minecraft:cobblestone":587,"minecraft:feather":1,"minecraft:andesite":25,"luminousworld:ishstone":24,"minecraft:red_mushroom":28,"minecraft:flint":2,"minecraft:oak_log":5,"minecraft:chainmail_chestplate":1,"minecraft:magenta_bed":1,"minecraft:dirt":208,"minecraft:bone":1,"minecraft:bow":1,"minecraft:wheat_seeds":1,"minecraft:spore_blossom":3,"minecraft:moss_block":31,"minecraft:flowering_azalea":2,"minecraft:oak_planks":1,"minecraft:gravel":21,"minecraft:dark_oak_log":67,"undead_revamp2:rawbostrox":14,"minecraft:iron_hoe":1,"luminousworld:decorative_red_2":1,"minecraft:granite":3,"tombstone:magic_scroll":1,"minecraft:oak_sapling":10,"minecraft:coal":124,"iceandfire:raw_silver":4},"minecraft:dropped":{"minecraft:cobblestone":6,"minecraft:string":8,"minecraft:rotten_flesh":12,"minecraft:big_dripleaf":8,"minecraft:andesite":4},"minecraft:custom":{"minecraft:mob_kills":18,"minecraft:interact_with_crafting_table":55,"minecraft:open_barrel":2,"minecraft:leave_game":6,"minecraft:time_since_death":29776,"minecraft:climb_one_cm":90,"minecraft:sprint_one_cm":114459,"minecraft:walk_one_cm":407708,"minecraft:drop":10,"minecraft:play_time":83681,"minecraft:deaths":2,"minecraft:sneak_time":2041,"minecraft:walk_under_water_one_cm":135,"minecraft:jump":1530,"minecraft:interact_with_blast_furnace":1,"minecraft:walk_on_water_one_cm":3957,"minecraft:total_world_time":83681,"minecraft:interact_with_furnace":44,"minecraft:sleep_in_bed":1,"minecraft:time_since_rest":11679,"minecraft:damage_taken":1433,"minecraft:damage_dealt":4114,"minecraft:fly_one_cm":89673,"minecraft:player_kills":1,"minecraft:open_chest":41,"minecraft:crouch_one_cm":8404,"tombstone:undead_killed":7,"minecraft:fall_one_cm":18661},"minecraft:killed":{"enemyexpansion:direwolf":1,"born_in_chaos_v1:zombie_bruiser":1,"alexsmobs:blue_jay":1,"luminousworld:dark_oak_skeleton":3,"born_in_chaos_v1:diamond_termite":5,"minecraft:sheep":1,"undead_revamp2:thebidyupside":1,"born_in_chaos_v1:dread_hound":1,"alexsmobs:fly":1,"luminousworld:dark_oak_zombie":3},"minecraft:mined":{"luminousworld:groundpebbles_1":7,"iceandfire:silver_ore":4,"minecraft:dark_oak_leaves":8,"minecraft:dark_oak_log":71,"born_in_chaos_v1:infected_diamond_ore":4,"ecologics:surface_moss":1,"minecraft:glow_lichen":1,"minecraft:cave_vines_plant":10,"minecraft:granite":3,"minecraft:grass_block":29,"born_in_chaos_v1:black_argillite":2,"luminousworld:grassvariant_2":5,"minecraft:brown_mushroom_block":97,"luminousworld:decorative_red_2":2,"minecraft:moss_block":31,"luminousworld:groundpebbles_3":2,"placeablesmod:bowl_block_1":1,"luminousworld:decorative_red_1":2,"minecraft:spore_blossom":3,"undead_revamp2:bostroxore":14,"minecraft:iron_ore":22,"minecraft:fire":2,"minecraft:cobbled_deepslate":1,"minecraft:andesite":21,"minecraft:big_dripleaf_stem":1,"minecraft:cave_vines":11,"minecraft:deepslate_iron_ore":1,"luminousworld:groundpebbles_2":1,"minecraft:azalea":1,"minecraft:stone":550,"minecraft:flowering_azalea":2,"minecraft:powder_snow":28,"minecraft:clay":58,"minecraft:crafting_table":1,"minecraft:torch":7,"minecraft:mushroom_stem":26,"minecraft:copper_ore":29,"minecraft:cobblestone":24,"minecraft:oak_planks":1,"minecraft:diorite":35,"minecraft:wall_torch":6,"minecraft:big_dripleaf":3,"minecraft:magenta_bed":1,"minecraft:grass":16,"minecraft:coal_ore":124,"minecraft:oak_log":4,"luminousworld:ishstone":24,"minecraft:gravel":12,"minecraft:dirt":179,"luminousworld:grassvariant_3":4,"minecraft:cobweb":1,"minecraft:red_mushroom_block":90,"born_in_chaos_v1:infernal_evil_pumpkin_s":1,"minecraft:small_dripleaf":4,"minecraft:oak_leaves":107,"minecraft:deepslate":1}},"DataVersion":3465}