{"stats":{"minecraft:broken":{"minecraft:stone_pickaxe":4,"minecraft:chainmail_chestplate":1,"iceandfire:armor_copper_metal_helmet":1,"minecraft:stone_sword":1,"iceandfire:armor_copper_metal_leggings":1,"iceandfire:copper_shovel":1,"minecraft:iron_axe":1,"minecraft:iron_pickaxe":3,"iceandfire:armor_copper_metal_boots":1},"minecraft:picked_up":{"minecraft:iron_chestplate":1,"minecraft:potion":1,"iceandfire:armor_silver_metal_chestplate":1,"born_in_chaos_v1:black_argillite":6,"minecraft:string":21,"minecraft:raw_copper":114,"minecraft:iron_leggings":1,"minecraft:deepslate_tiles":2,"minecraft:cobbled_deepslate":121,"earthmobsmod:duck_egg":1,"minecraft:azalea":1,"minecraft:calcite":12,"minecraft:iron_pickaxe":1,"minecraft:stick":8,"minecraft:big_dripleaf":24,"minecraft:oak_fence":4,"minecraft:torch":53,"minecraft:porkchop":3,"minecraft:golden_axe":1,"minecraft:cherry_log":4,"tombstone:grave_dust":5,"minecraft:diorite":43,"minecraft:stone_sword":3,"minecraft:rotten_flesh":45,"supplementaries:ash":28,"undead_revamp2:bostroxsword":2,"undead_revamp2:arapholia":1,"minecraft:cobblestone":696,"minecraft:birch_log":1,"minecraft:pink_petals":3,"minecraft:feather":4,"minecraft:andesite":33,"minecraft:flint":6,"minecraft:tuff":2,"supplementaries:flax_seeds":1,"minecraft:magenta_bed":1,"minecraft:lapis_lazuli":110,"minecraft:dirt":391,"minecraft:lantern":2,"born_in_chaos_v1:monster_skin":1,"minecraft:bone":17,"undead_revamp2:blacpetalblock":1,"minecraft:bow":1,"minecraft:wheat_seeds":11,"minecraft:raw_gold":4,"minecraft:mossy_stone_bricks":1,"minecraft:powered_rail":1,"minecraft:moss_block":38,"minecraft:oak_planks":77,"minecraft:honeycomb":3,"minecraft:cooked_porkchop":1,"earthmobsmod:harder_flesh":1,"minecraft:dark_oak_log":67,"minecraft:barrel":1,"minecraft:mossy_cobblestone":5,"minecraft:bundle":3,"minecraft:iron_hoe":2,"minecraft:diamond":1,"minecraft:soul_lantern":2,"minecraft:granite":12,"minecraft:grass":1,"minecraft:emerald":2,"minecraft:bread":16,"minecraft:oak_sapling":10,"iceandfire:raw_silver":10,"luminousworld:groundpebbles_1":29,"minecraft:crafting_table":1,"born_in_chaos_v1:diamond_termite_shard":10,"luminousworld:decorative_brown_2":1,"minecraft:chicken":4,"minecraft:ladder":1,"minecraft:clay_ball":236,"minecraft:brown_mushroom":27,"minecraft:chain":9,"quark:dark_oak_chest":2,"minecraft:shield":1,"minecraft:oak_trapdoor":9,"minecraft:moss_carpet":2,"minecraft:iron_axe":2,"minecraft:iron_shovel":2,"minecraft:cracked_stone_bricks":10,"minecraft:candle":9,"luminousworld:decorative_red_1":2,"minecraft:dark_oak_sapling":1,"minecraft:raw_iron":75,"minecraft:oak_door":2,"minecraft:bowl":3,"minecraft:cookie":10,"born_in_chaos_v1:pieceofdarkmetal":7,"minecraft:redstone":106,"minecraft:tnt":1,"minecraft:arrow":2,"alexscaves:spelunkery_table":1,"minecraft:glistering_melon_slice":3,"minecraft:glow_berries":13,"minecraft:mutton":2,"minecraft:white_wool":3,"minecraft:rail":3,"born_in_chaos_v1:fused_bone":2,"minecraft:stripped_oak_log":31,"born_in_chaos_v1:corpse_maggot":6,"born_in_chaos_v1:monster_flesh":3,"luminousworld:ishstone":32,"minecraft:red_mushroom":28,"minecraft:acacia_wood":4,"minecraft:mushroom_stew":1,"minecraft:oak_log":32,"minecraft:chainmail_chestplate":3,"minecraft:yellow_bed":1,"minecraft:gunpowder":10,"minecraft:white_banner":3,"minecraft:red_carpet":2,"minecraft:stone_bricks":33,"earthmobsmod:fancy_feather":2,"born_in_chaos_v1:smoked_flesh":6,"minecraft:spore_blossom":5,"minecraft:iron_ingot":19,"minecraft:stone_pickaxe":1,"luminousworld:white_petunias":1,"minecraft:flowering_azalea":3,"minecraft:book":3,"minecraft:oak_slab":1,"minecraft:pumpkin":5,"iceandfire:ash":2,"minecraft:raw_iron_block":2,"minecraft:gravel":53,"minecraft:blast_furnace":1,"quark:oak_chest":3,"minecraft:spider_eye":2,"undead_revamp2:rawbostrox":14,"minecraft:diamond_shovel":1,"minecraft:slime_ball":2,"luminousworld:decorative_red_2":1,"minecraft:cherry_sapling":2,"tombstone:magic_scroll":1,"minecraft:baked_potato":21,"minecraft:coal":155},"minecraft:used":{"minecraft:moss_block":2,"minecraft:cherry_sapling":2,"minecraft:shield":36,"minecraft:rotten_flesh":4,"quark:cherry_chest":1,"minecraft:tuff":2,"born_in_chaos_v1:corpse_maggot":1,"born_in_chaos_v1:smoked_flesh":6,"minecraft:lantern":1,"minecraft:furnace":4,"minecraft:mossy_stone_bricks":1,"minecraft:diorite":2,"minecraft:stone_pickaxe":591,"minecraft:oak_planks":1,"minecraft:wooden_pickaxe":31,"luminousworld:groundpebbles_1":1,"minecraft:cookie":7,"minecraft:glow_berries":14,"alexscaves:cave_book":1,"minecraft:mushroom_stew":22,"minecraft:shears":4,"minecraft:deepslate_tiles":2,"iceandfire:copper_shovel":311,"minecraft:bread":16,"minecraft:deepslate":1,"minecraft:gravel":5,"minecraft:soul_lantern":2,"minecraft:chain":6,"minecraft:bone_meal":6,"minecraft:oak_fence":1,"minecraft:stone_sword":109,"minecraft:cooked_chicken":3,"minecraft:oak_door":3,"minecraft:torch":294,"minecraft:dirt":279,"minecraft:iron_hoe":9,"minecraft:flowering_azalea":1,"minecraft:iron_axe":198,"tombstone:gift":5,"minecraft:cobbled_deepslate":54,"minecraft:pumpkin":2,"minecraft:cooked_mutton":2,"minecraft:baked_potato":19,"undead_revamp2:bostroxsword":576,"luminousworld:ishstone":8,"minecraft:crafting_table":7,"minecraft:magenta_bed":1,"minecraft:white_bed":1,"minecraft:cake":1,"minecraft:diamond_shovel":105,"minecraft:iron_pickaxe":764,"minecraft:stone_axe":78,"quark:dark_oak_chest":8,"minecraft:cobblestone":130,"minecraft:white_banner":3,"minecraft:cooked_porkchop":1,"minecraft:yellow_bed":1,"quark:oak_chest":6,"minecraft:stripped_oak_log":2},"minecraft:dropped":{"minecraft:moss_block":7,"minecraft:glass_bottle":2,"minecraft:spore_blossom":2,"born_in_chaos_v1:monster_flesh":1,"undead_revamp2:bostroxsword":1,"luminousworld:decorative_brown_2":1,"minecraft:bone":1,"minecraft:oak_door":2,"minecraft:cobbled_deepslate":4,"minecraft:rotten_flesh":12,"minecraft:oak_planks":25,"minecraft:chainmail_chestplate":1,"minecraft:powered_rail":1,"minecraft:wheat_seeds":4,"minecraft:cobblestone":6,"minecraft:stick":6,"minecraft:torch":2,"minecraft:string":8,"minecraft:moss_carpet":2,"minecraft:bowl":6,"minecraft:big_dripleaf":8,"minecraft:iron_chestplate":1,"luminousworld:groundpebbles_1":2,"minecraft:andesite":4,"minecraft:slime_ball":1},"minecraft:crafted":{"minecraft:oak_planks":48,"minecraft:cooked_chicken":3,"quark:cherry_chest":1,"minecraft:cooked_mutton":2,"iceandfire:armor_copper_metal_boots":1,"undead_revamp2:bostroxset_chestplate":1,"iceandfire:armor_copper_metal_chestplate":1,"minecraft:deepslate":1,"minecraft:crafting_table":7,"minecraft:iron_helmet":1,"minecraft:wooden_pickaxe":1,"minecraft:copper_ingot":91,"minecraft:iron_chestplate":1,"minecraft:stick":96,"quark:oak_chest":3,"minecraft:iron_ingot":46,"minecraft:iron_pickaxe":4,"minecraft:stone_sword":1,"minecraft:shears":1,"minecraft:cherry_planks":16,"minecraft:oak_door":9,"minecraft:leather_boots":1,"minecraft:furnace":4,"iceandfire:armor_copper_metal_leggings":1,"minecraft:bone_meal":6,"minecraft:mushroom_stew":26,"iceandfire:armor_copper_metal_helmet":1,"iceandfire:copper_shovel":1,"quark:dark_oak_chest":12,"minecraft:diamond":1,"undead_revamp2:bostroxsword":1,"minecraft:leather":7,"minecraft:stone_pickaxe":5,"minecraft:dark_oak_planks":168,"minecraft:bowl":12,"minecraft:stone_axe":1,"minecraft:air":0,"minecraft:white_bed":1,"minecraft:torch":248,"undead_revamp2:bostroxingot":10},"minecraft:killed":{"undead_revamp2:thewolf":1,"born_in_chaos_v1:zombie_clown":1,"earthmobsmod:duck":4,"born_in_chaos_v1:restless_spirit":1,"born_in_chaos_v1:zombie_lumberjack":2,"minecraft:spider":2,"undead_revamp2:thesmoker":3,"born_in_chaos_v1:siamese_skeletonsright":1,"friendsandfoes:glare":1,"minecraft:bee":2,"luminousworld:dark_oak_skeleton":4,"minecraft:pig":2,"enemyexpansion:ladybug":1,"born_in_chaos_v1:diamond_termite":12,"minecraft:sheep":1,"undead_revamp2:thebidyupside":1,"minecraft:zombie":20,"born_in_chaos_v1:dread_hound":4,"enemyexpansion:vampire":1,"luminousworld:buckeye":1,"born_in_chaos_v1:corpse_fly":6,"enemyexpansion:botfly":2,"undead_revamp2:theskeeper":1,"alexsmobs:fly":2,"luminousworld:dark_oak_zombie":3,"born_in_chaos_v1:siamese_skeletonsleft":1,"alexsmobs:raccoon":1,"illagerinvasion:marauder":1,"quark:toretoise":1,"minecraft:slime":1,"enemyexpansion:direwolf":1,"born_in_chaos_v1:zombie_bruiser":1,"born_in_chaos_v1:maggot":4,"alexsmobs:blue_jay":1,"earthmobsmod:fancy_chicken":2,"undead_revamp2:sucker":2,"earthmobsmod:bouldering_zombie":2,"naturalist:butterfly":1,"undead_revamp2:the_moonflower":5,"enemyexpansion:sprinter":2,"earthmobsmod:cream_cow":1,"born_in_chaos_v1:decrepit_skeleton":2,"undead_revamp2:thesomnolence":5},"minecraft:killed_by":{"mutantmonsters:mutant_zombie":1,"undead_revamp2:the_moonflower":2,"luminousworld:miner_zombie":1,"born_in_chaos_v1:corpse_fly":1,"minecraft:zombie":5,"undead_revamp2:axestrom":1,"undead_revamp2:thesmoker":1,"iceandfire:fire_dragon":1,"born_in_chaos_v1:siamese_skeletonsright":1,"born_in_chaos_v1:swarmer":1,"born_in_chaos_v1:dread_hound":1},"minecraft:mined":{"luminousworld:white_petunias":1,"ecologics:surface_moss":1,"minecraft:cave_vines_plant":14,"minecraft:granite":13,"minecraft:grass_block":96,"luminousworld:decorative_red_2":2,"luminousworld:decorative_red_1":2,"minecraft:raw_iron_block":1,"undead_revamp2:bostroxore":14,"minecraft:cobbled_deepslate":5,"minecraft:iron_ore":54,"minecraft:fire":3,"minecraft:barrel":1,"minecraft:pumpkin":3,"minecraft:moss_carpet":2,"minecraft:deepslate_lapis_ore":8,"minecraft:cave_vines":22,"minecraft:azalea":1,"luminousworld:decorative_brown_2":1,"minecraft:deepslate_redstone_ore":18,"minecraft:soul_lantern":2,"minecraft:powder_snow":28,"minecraft:clay":63,"born_in_chaos_v1:infected_deepslate_diamond_ore":3,"minecraft:torch":19,"minecraft:blast_furnace":1,"minecraft:calcite":12,"minecraft:mushroom_stem":26,"minecraft:cobblestone":29,"minecraft:cyan_bed":1,"minecraft:oak_planks":54,"minecraft:wall_torch":20,"minecraft:deepslate_copper_ore":1,"minecraft:pink_petals":2,"minecraft:chain":7,"minecraft:magenta_bed":1,"minecraft:grass":41,"minecraft:oak_log":31,"minecraft:dirt":236,"luminousworld:grassvariant_3":4,"minecraft:red_mushroom_block":90,"born_in_chaos_v1:infernal_evil_pumpkin_s":2,"minecraft:oak_leaves":107,"minecraft:deepslate":119,"minecraft:deepslate_tiles":2,"alexscaves:spelunkery_table":1,"luminousworld:groundpebbles_1":8,"minecraft:tuff":3,"iceandfire:silver_ore":4,"minecraft:mossy_cobblestone":5,"minecraft:deepslate_diamond_ore":1,"minecraft:dark_oak_leaves":8,"luminousworld:grassvariant_4":2,"minecraft:candle":3,"minecraft:dark_oak_log":71,"born_in_chaos_v1:infected_diamond_ore":4,"minecraft:glow_lichen":1,"minecraft:ladder":1,"born_in_chaos_v1:black_argillite":6,"luminousworld:grassvariant_2":5,"minecraft:brown_mushroom_block":97,"minecraft:moss_block":41,"luminousworld:groundpebbles_3":6,"placeablesmod:bowl_block_1":1,"minecraft:spore_blossom":4,"minecraft:redstone_ore":6,"minecraft:oak_trapdoor":9,"minecraft:acacia_wood":4,"minecraft:andesite":29,"minecraft:big_dripleaf_stem":3,"minecraft:bookshelf":1,"minecraft:deepslate_iron_ore":22,"minecraft:vine":1,"minecraft:stripped_oak_log":35,"luminousworld:groundpebbles_2":9,"minecraft:stone":615,"minecraft:flowering_azalea":3,"quark:oak_chest":3,"quark:dark_oak_chest":2,"minecraft:oak_fence":4,"minecraft:crafting_table":1,"minecraft:emerald_ore":1,"minecraft:tall_grass":17,"minecraft:copper_ore":29,"minecraft:deepslate_gold_ore":1,"minecraft:lapis_ore":1,"minecraft:diorite":45,"minecraft:big_dripleaf":5,"supplementaries:urn":6,"minecraft:bee_nest":1,"minecraft:white_wall_banner":2,"minecraft:yellow_bed":1,"minecraft:coal_ore":155,"luminousworld:ishstone":33,"minecraft:sunflower":2,"minecraft:gravel":39,"minecraft:cobweb":9,"minecraft:cracked_stone_bricks":10,"minecraft:stone_bricks":34,"minecraft:small_dripleaf":4,"minecraft:mossy_stone_bricks":1,"minecraft:gold_ore":1},"minecraft:custom":{"minecraft:interact_with_crafting_table":83,"minecraft:open_barrel":19,"minecraft:eat_cake_slice":6,"minecraft:leave_game":48,"minecraft:time_since_death":2217,"minecraft:sprint_one_cm":548335,"minecraft:damage_blocked_by_shield":1015,"minecraft:drop":46,"minecraft:play_time":278468,"minecraft:deaths":19,"minecraft:jump":4560,"minecraft:interact_with_brewingstand":1,"minecraft:walk_on_water_one_cm":10947,"minecraft:interact_with_furnace":61,"minecraft:sleep_in_bed":10,"minecraft:damage_dealt":22063,"minecraft:player_kills":1,"minecraft:crouch_one_cm":19846,"tombstone:undead_killed":52,"minecraft:interact_with_smoker":1,"minecraft:interact_with_smithing_table":1,"minecraft:mob_kills":118,"minecraft:damage_dealt_resisted":470,"minecraft:climb_one_cm":14568,"minecraft:walk_one_cm":1096142,"minecraft:sneak_time":7616,"minecraft:walk_under_water_one_cm":1567,"minecraft:interact_with_blast_furnace":5,"minecraft:total_world_time":278468,"tombstone:raider_killed":1,"minecraft:tune_noteblock":14,"minecraft:time_since_rest":1,"minecraft:damage_taken":8385,"minecraft:swim_one_cm":2760,"minecraft:fly_one_cm":552359,"minecraft:open_chest":109,"minecraft:fall_one_cm":86222}},"DataVersion":3465}