{"stats":{"minecraft:picked_up":{"minecraft:iron_chestplate":1,"minecraft:chainmail_boots":1,"minecraft:anvil":1,"minecraft:stone_slab":1,"minecraft:smithing_table":1,"minecraft:lead":4,"minecraft:string":39,"minecraft:polished_deepslate":59,"minecraft:red_nether_bricks":1,"minecraft:gold_nugget":525,"minecraft:cobbled_deepslate":567,"minecraft:spruce_planks":4,"minecraft:melon_slice":156,"minecraft:mangrove_log":4,"minecraft:big_dripleaf":24,"minecraft:acacia_log":1,"minecraft:golden_axe":1,"minecraft:cherry_log":54,"minecraft:deepslate_tile_stairs":1,"minecraft:stone_sword":4,"supplementaries:ash":41,"minecraft:blaze_rod":3,"minecraft:birch_log":4,"minecraft:magma_block":16,"minecraft:feather":5,"minecraft:cooked_beef":26,"minecraft:iron_door":1,"minecraft:water_bucket":1,"minecraft:jungle_log":2,"minecraft:flint":6,"minecraft:magenta_bed":1,"minecraft:lantern":2,"minecraft:chipped_anvil":1,"undead_revamp2:blacpetalblock":1,"artifacts:antidote_vessel":1,"minecraft:glowstone_dust":16,"minecraft:moss_block":38,"minecraft:honeycomb":3,"endrem:lost_eye":1,"minecraft:lime_terracotta":8,"minecraft:dark_oak_log":67,"minecraft:barrel":10,"minecraft:bundle":6,"minecraft:iron_hoe":2,"minecraft:granite":12,"minecraft:bread":16,"minecraft:chainmail_helmet":1,"alexsmobs:maggot":7,"iceandfire:raw_silver":12,"luminousworld:groundpebbles_1":81,"minecraft:crafting_table":2,"luminousworld:decorative_brown_2":1,"iceandfire:witherbone":5,"minecraft:nether_wart":25,"minecraft:clay_ball":236,"born_in_chaos_v1:seedof_chaos":6,"minecraft:leather_leggings":1,"born_in_chaos_v1:charmof_resistance":1,"ecologics:seashell":3,"twilightforest:bold_stone_pillar":1,"quark:nether_brick_chest":2,"quark:dark_oak_chest":2,"minecraft:red_bed":1,"born_in_chaos_v1:intoxicating_decoction":7,"minecraft:iron_shovel":2,"minecraft:cracked_stone_bricks":10,"minecraft:beef":36,"born_in_chaos_v1:gnawed_bones":2,"minecraft:iron_nugget":6,"minecraft:chest":1,"minecraft:oak_door":4,"sophisticatedbackpacks:backpack":1,"minecraft:fire_charge":1,"born_in_chaos_v1:pieceofdarkmetal":32,"minecraft:carrot":24,"minecraft:redstone":136,"mutantmonsters:creeper_shard":1,"minecraft:tnt":1,"minecraft:yellow_terracotta":14,"minecraft:gold_ingot":9,"minecraft:glow_berries":13,"minecraft:mutton":2,"minecraft:rail":7,"minecraft:white_wool":3,"minecraft:stripped_oak_log":35,"born_in_chaos_v1:monster_flesh":9,"luminousworld:ishstone":35,"minecraft:red_mushroom":33,"minecraft:acacia_wood":4,"minecraft:oak_log":58,"minecraft:white_banner":6,"minecraft:stone_bricks":33,"quark:glow_shroom":2,"earthmobsmod:fancy_feather":2,"minecraft:spore_blossom":5,"born_in_chaos_v1:smoked_flesh":6,"minecraft:stone_pickaxe":1,"minecraft:cobweb":5,"minecraft:flowering_azalea":3,"born_in_chaos_v1:ethereal_spirit":6,"minecraft:gravel":72,"minecraft:diamond_shovel":1,"minecraft:slime_ball":9,"luminousworld:decorative_red_2":1,"minecraft:baked_potato":21,"minecraft:wheat":262,"illagerinvasion:platinum_chunk":3,"minecraft:nether_brick_fence":4,"aether:iron_gloves":1,"minecraft:potion":1,"iceandfire:armor_silver_metal_chestplate":1,"born_in_chaos_v1:black_argillite":6,"minecraft:raw_copper":133,"minecraft:iron_leggings":1,"minecraft:deepslate_tiles":2,"minecraft:bucket":1,"earthmobsmod:duck_egg":1,"minecraft:redstone_torch":2,"minecraft:azalea":1,"minecraft:calcite":12,"minecraft:iron_pickaxe":3,"minecraft:iron_boots":1,"minecraft:stick":23,"minecraft:oak_fence":8,"minecraft:torch":70,"ecologics:coconut_seedling":4,"minecraft:spruce_stairs":2,"minecraft:porkchop":3,"tombstone:grave_dust":41,"minecraft:diorite":46,"minecraft:rotten_flesh":244,"ecologics:coconut_log":20,"undead_revamp2:bostroxsword":6,"undead_revamp2:arapholia":1,"minecraft:cobblestone":808,"minecraft:pink_petals":59,"minecraft:cherry_planks":4,"minecraft:andesite":33,"minecraft:black_bed":2,"minecraft:potato":91,"minecraft:tuff":25,"supplementaries:flax_seeds":1,"undead_revamp2:huntereye":2,"minecraft:wither_skeleton_skull":1,"minecraft:dirt":3213,"minecraft:lapis_lazuli":161,"born_in_chaos_v1:monster_skin":6,"minecraft:bone":78,"minecraft:bow":4,"minecraft:wheat_seeds":586,"minecraft:raw_gold":12,"minecraft:mossy_stone_bricks":1,"minecraft:powered_rail":1,"minecraft:oak_planks":82,"minecraft:cooked_porkchop":1,"minecraft:poisonous_potato":1,"earthmobsmod:harder_flesh":1,"minecraft:sand":75,"minecraft:nether_brick_stairs":2,"minecraft:mossy_cobblestone":5,"minecraft:diamond":3,"minecraft:soul_lantern":2,"minecraft:grass":1,"minecraft:golden_apple":1,"minecraft:emerald":7,"minecraft:oak_sapling":10,"minecraft:netherrack":53,"born_in_chaos_v1:diamond_termite_shard":11,"minecraft:chicken":5,"minecraft:ladder":1,"minecraft:brown_mushroom":29,"minecraft:chain":13,"minecraft:shield":2,"minecraft:oak_trapdoor":9,"minecraft:moss_carpet":2,"minecraft:iron_axe":2,"minecraft:blackstone":2,"minecraft:candle":9,"luminousworld:decorative_red_1":2,"minecraft:sugar_cane":9,"minecraft:dark_oak_sapling":1,"minecraft:raw_iron":80,"ecologics:coconut_slice":6,"minecraft:bowl":3,"minecraft:stone_button":1,"minecraft:cookie":10,"born_in_chaos_v1:charmof_endurance":1,"minecraft:iron_horse_armor":1,"minecraft:dark_oak_planks":10,"minecraft:arrow":22,"minecraft:nether_bricks":1,"alexscaves:spelunkery_table":1,"minecraft:glistering_melon_slice":3,"born_in_chaos_v1:trident_hayfork":18,"minecraft:nether_brick_wall":3,"born_in_chaos_v1:fused_bone":6,"born_in_chaos_v1:corpse_maggot":36,"minecraft:leather":31,"minecraft:mushroom_stew":1,"minecraft:chainmail_chestplate":3,"minecraft:yellow_bed":1,"minecraft:gunpowder":24,"naturalist:glow_goop":1,"minecraft:red_carpet":2,"minecraft:iron_ingot":31,"luminousworld:white_petunias":1,"minecraft:soul_sand":2,"minecraft:book":4,"minecraft:oak_slab":1,"minecraft:pumpkin":35,"iceandfire:ash":2,"minecraft:quartz":5,"minecraft:dandelion":6,"minecraft:raw_iron_block":2,"minecraft:blast_furnace":1,"minecraft:white_bed":2,"minecraft:nether_brick_slab":1,"quark:oak_chest":3,"minecraft:spider_eye":4,"undead_revamp2:rawbostrox":17,"minecraft:pumpkin_seeds":7,"minecraft:iron_helmet":2,"minecraft:cherry_sapling":38,"tombstone:magic_scroll":4,"minecraft:coal":183,"minecraft:sunflower":152},"minecraft:custom":{"minecraft:interact_with_crafting_table":155,"minecraft:open_barrel":36,"minecraft:eat_cake_slice":6,"minecraft:leave_game":68,"minecraft:time_since_death":578,"minecraft:damage_blocked_by_shield":2020,"minecraft:play_time":824954,"minecraft:deaths":74,"minecraft:jump":12175,"minecraft:enchant_item":3,"minecraft:interact_with_furnace":85,"minecraft:sleep_in_bed":29,"minecraft:damage_dealt":93831,"tombstone:undead_killed":231,"minecraft:interact_with_smoker":1,"minecraft:horse_one_cm":235,"minecraft:interact_with_smithing_table":2,"minecraft:interact_with_anvil":19,"minecraft:damage_dealt_absorbed":80,"minecraft:sneak_time":26946,"minecraft:interact_with_blast_furnace":5,"minecraft:total_world_time":824954,"tombstone:raider_killed":18,"minecraft:tune_noteblock":14,"minecraft:time_since_rest":546,"minecraft:swim_one_cm":3746,"minecraft:fly_one_cm":1994286,"minecraft:open_chest":616,"minecraft:fall_one_cm":221844,"minecraft:sprint_one_cm":1686987,"minecraft:drop":75,"minecraft:interact_with_brewingstand":14,"minecraft:walk_on_water_one_cm":64144,"minecraft:interact_with_loom":1,"minecraft:player_kills":3,"minecraft:crouch_one_cm":103138,"minecraft:mob_kills":463,"minecraft:damage_dealt_resisted":4997,"minecraft:climb_one_cm":19827,"minecraft:walk_one_cm":2863368,"minecraft:walk_under_water_one_cm":5867,"minecraft:raid_trigger":1,"minecraft:damage_taken":33808,"minecraft:damage_absorbed":40,"minecraft:trigger_trapped_chest":1},"minecraft:broken":{"minecraft:iron_chestplate":1,"minecraft:iron_leggings":2,"minecraft:chainmail_boots":1,"minecraft:diamond_shovel":1,"iceandfire:armor_silver_metal_chestplate":1,"minecraft:stone_sword":1,"aether:iron_gloves":1,"iceandfire:armor_copper_metal_leggings":1,"minecraft:iron_axe":1,"minecraft:iron_pickaxe":4,"minecraft:iron_helmet":3,"minecraft:wooden_hoe":2,"minecraft:iron_shovel":5,"minecraft:golden_shovel":3,"minecraft:golden_leggings":1,"minecraft:stone_pickaxe":4,"minecraft:chainmail_chestplate":1,"minecraft:golden_chestplate":1,"iceandfire:armor_copper_metal_helmet":1,"iceandfire:copper_shovel":1,"minecraft:leather_boots":1,"iceandfire:armor_copper_metal_boots":1},"minecraft:dropped":{"minecraft:cooked_beef":5,"minecraft:glass_bottle":2,"minecraft:spore_blossom":2,"born_in_chaos_v1:pieceofdarkmetal":4,"born_in_chaos_v1:monster_flesh":3,"minecraft:dirt":49,"minecraft:dark_oak_planks":2,"minecraft:bone":1,"minecraft:oak_door":2,"minecraft:cobbled_deepslate":4,"minecraft:rotten_flesh":14,"minecraft:oak_planks":25,"minecraft:white_bed":1,"minecraft:wheat_seeds":5,"minecraft:cobblestone":6,"minecraft:string":15,"minecraft:moss_carpet":2,"minecraft:bowl":6,"minecraft:big_dripleaf":8,"minecraft:bundle":1,"minecraft:bow":1,"minecraft:magma_block":16,"minecraft:nether_brick_stairs":2,"minecraft:moss_block":7,"minecraft:lime_terracotta":4,"minecraft:leather":2,"undead_revamp2:bostroxsword":1,"luminousworld:decorative_brown_2":1,"minecraft:chainmail_chestplate":1,"born_in_chaos_v1:seedof_chaos":3,"minecraft:arrow":2,"minecraft:powered_rail":1,"minecraft:stick":6,"minecraft:torch":2,"aether:iron_gloves":1,"minecraft:iron_chestplate":1,"luminousworld:groundpebbles_1":4,"minecraft:andesite":4,"minecraft:slime_ball":1},"minecraft:used":{"minecraft:moss_block":2,"minecraft:nether_brick_fence":1,"minecraft:chest":1,"minecraft:rotten_flesh":4,"minecraft:soul_sand":2,"quark:cherry_chest":2,"born_in_chaos_v1:smoked_flesh":6,"minecraft:bow":9,"supplementaries:ash":1,"minecraft:furnace":4,"minecraft:potato":17,"minecraft:mossy_stone_bricks":1,"minecraft:diorite":2,"minecraft:wooden_pickaxe":31,"minecraft:cookie":10,"minecraft:golden_apple":1,"minecraft:glow_berries":14,"minecraft:pumpkin_seeds":7,"minecraft:deepslate_tiles":2,"minecraft:soul_lantern":2,"minecraft:enchanting_table":1,"minecraft:stone_sword":109,"minecraft:torch":359,"minecraft:brewing_stand":1,"minecraft:nether_brick_slab":1,"quark:cherry_bookshelf":18,"minecraft:golden_shovel":96,"minecraft:flowering_azalea":1,"minecraft:chipped_anvil":1,"minecraft:iron_axe":366,"minecraft:melon_seeds":6,"minecraft:glowstone":2,"tombstone:gift":7,"minecraft:cobbled_deepslate":251,"minecraft:cherry_log":3,"minecraft:wheat_seeds":79,"minecraft:water_bucket":52,"minecraft:cherry_planks":59,"minecraft:deepslate_bricks":124,"minecraft:crafting_table":9,"minecraft:red_bed":1,"minecraft:white_bed":2,"minecraft:cake":1,"minecraft:diamond_shovel":1619,"minecraft:iron_pickaxe":1634,"tombstone:magic_scroll":2,"quark:dark_oak_chest":8,"minecraft:cobblestone":175,"minecraft:potion":2,"minecraft:cooked_porkchop":1,"quark:nether_brick_chest":2,"quark:oak_chest":11,"minecraft:stripped_oak_log":2,"minecraft:cherry_sapling":2,"minecraft:iron_shovel":1358,"minecraft:polished_deepslate":319,"born_in_chaos_v1:intoxicating_decoction":3,"minecraft:shield":68,"minecraft:nether_wart":7,"twilightforest:bold_stone_pillar":1,"minecraft:carrot":7,"minecraft:tuff":2,"born_in_chaos_v1:corpse_maggot":1,"minecraft:lantern":1,"minecraft:stone_pickaxe":591,"minecraft:oak_planks":90,"luminousworld:groundpebbles_1":4,"minecraft:mushroom_stew":22,"alexscaves:cave_book":1,"minecraft:black_bed":1,"minecraft:shears":9,"iceandfire:copper_shovel":311,"minecraft:bread":70,"minecraft:melon_slice":133,"tombstone:grave_key":37,"minecraft:deepslate":1,"minecraft:gravel":6,"ecologics:coconut_slice":4,"minecraft:chain":6,"minecraft:air":1,"minecraft:bone_meal":34,"minecraft:oak_fence":1,"minecraft:spruce_planks":4,"minecraft:cooked_chicken":3,"minecraft:oak_door":6,"minecraft:dirt":2719,"minecraft:spruce_stairs":2,"minecraft:iron_hoe":9,"minecraft:deepslate_tile_stairs":1,"minecraft:cooked_beef":57,"minecraft:pumpkin":2,"born_in_chaos_v1:trident_hayfork":944,"minecraft:cooked_mutton":2,"tombstone:scroll_of_mercy":2,"tombstone:scroll_of_knowledge":4,"minecraft:glass_bottle":5,"minecraft:baked_potato":45,"undead_revamp2:bostroxsword":1026,"minecraft:red_nether_bricks":1,"luminousworld:ishstone":11,"minecraft:magenta_bed":1,"quark:acacia_chest":2,"minecraft:wooden_hoe":151,"minecraft:stone_axe":78,"minecraft:white_banner":6,"minecraft:bucket":52,"minecraft:yellow_bed":1},"minecraft:killed":{"illagerinvasion:archivist":1,"earthmobsmod:duck":5,"born_in_chaos_v1:zombie_lumberjack":11,"born_in_chaos_v1:restless_spirit":2,"born_in_chaos_v1:skeleton_demoman":1,"enemyexpansion:equestrian":2,"born_in_chaos_v1:siamese_skeletonsright":5,"illagerinvasion:basher":1,"born_in_chaos_v1:baby_skeleton_minion":11,"undead_revamp2:theswarmer":1,"minecraft:skeleton":6,"friendsandfoes:glare":1,"luminousworld:dark_oak_skeleton":4,"ecologics:coconut_crab":1,"enemyexpansion:vampflyer":1,"naturalist:firefly":5,"undead_revamp2:theheavy":1,"minecraft:pillager":7,"minecraft:zombie":50,"enemyexpansion:vampire":2,"born_in_chaos_v1:corpse_fly":22,"enemyexpansion:botfly":12,"mutantmonsters:mutant_creeper":1,"born_in_chaos_v1:door_knight":2,"takesapillage:archer":2,"undead_revamp2:thehunter":10,"alexsmobs:raccoon":1,"illagerinvasion:marauder":2,"quark:toretoise":1,"enemyexpansion:silverqueen":1,"earthmobsmod:bouldering_zombie":2,"undead_revamp2:the_moonflower":23,"enemyexpansion:sprinter":3,"earthmobsmod:cream_cow":19,"born_in_chaos_v1:decrepit_skeleton":13,"undead_revamp2:thesomnolence":5,"undead_revamp2:thewolf":2,"born_in_chaos_v1:zombie_clown":4,"minecraft:witch":1,"minecraft:zombified_piglin":3,"minecraft:spider":8,"undead_revamp2:thesmoker":6,"born_in_chaos_v1:scarlet_persecutor":2,"minecraft:bee":4,"illagerinvasion:provoker":1,"artifacts:mimic":1,"born_in_chaos_v1:bonescaller":2,"minecraft:pig":2,"enemyexpansion:ladybug":1,"born_in_chaos_v1:diamond_termite":15,"minecraft:zombie_villager":1,"minecraft:creeper":3,"minecraft:sheep":1,"undead_revamp2:thebidyupside":1,"born_in_chaos_v1:dread_hound":12,"luminousworld:buckeye":1,"undead_revamp2:theskeeper":1,"alexsmobs:fly":19,"luminousworld:dark_oak_zombie":3,"minecraft:blaze":6,"born_in_chaos_v1:siamese_skeletonsleft":4,"born_in_chaos_v1:missioner":1,"minecraft:slime":2,"enemyexpansion:direwolf":10,"born_in_chaos_v1:zombie_bruiser":13,"born_in_chaos_v1:maggot":26,"alexsmobs:blue_jay":1,"undead_revamp2:coppertar":2,"earthmobsmod:fancy_chicken":2,"undead_revamp2:sucker":20,"born_in_chaos_v1:fallen_chaos_knight":3,"born_in_chaos_v1:baby_skeleton":3,"born_in_chaos_v1:swarmer":2,"naturalist:butterfly":1,"minecraft:bat":2,"enemyexpansion:huntsman":1,"minecraft:wither_skeleton":12,"enemyexpansion:slugger":3},"minecraft:killed_by":{"undead_revamp2:thewolf":2,"minecraft:zombie_villager":1,"undead_revamp2:the_moonflower":6,"luminousworld:miner_zombie":1,"born_in_chaos_v1:nightmare_stalker":3,"mutantmonsters:mutant_creeper":4,"minecraft:zombie":7,"enemyexpansion:invisicreeper":1,"born_in_chaos_v1:siamese_skeletonsright":1,"born_in_chaos_v1:swarmer":1,"born_in_chaos_v1:dread_hound":1,"mutantmonsters:mutant_zombie":1,"undead_revamp2:sucker":3,"minecraft:wither_skeleton":1,"born_in_chaos_v1:corpse_fly":1,"undead_revamp2:bomber":1,"minecraft:blaze":1,"undead_revamp2:axestrom":2,"undead_revamp2:thesmoker":3,"iceandfire:fire_dragon":2,"minecraft:player":2,"undead_revamp2:thehunter":3,"undead_revamp2:therod":1,"minecraft:skeleton":1,"born_in_chaos_v1:missioner":9},"minecraft:mined":{"minecraft:dark_oak_planks":10,"minecraft:white_bed":3,"minecraft:cherry_log":46,"minecraft:red_nether_bricks":8,"ecologics:surface_moss":1,"minecraft:granite":13,"minecraft:nether_wart":6,"minecraft:spawner":1,"minecraft:magma_block":18,"minecraft:cobbled_deepslate":27,"minecraft:fire":5,"minecraft:barrel":10,"minecraft:pumpkin":33,"minecraft:moss_carpet":2,"minecraft:deepslate_lapis_ore":16,"minecraft:nether_brick_stairs":5,"minecraft:cave_vines":22,"iceandfire:gold_pile":54,"minecraft:brown_mushroom":2,"quark:nether_brick_chest":2,"minecraft:red_bed":1,"minecraft:powder_snow":28,"born_in_chaos_v1:infected_deepslate_diamond_ore":5,"minecraft:torch":20,"minecraft:blast_furnace":1,"minecraft:melon":29,"minecraft:nether_brick_slab":1,"minecraft:cyan_bed":1,"minecraft:sugar_cane":4,"minecraft:chain":7,"ecologics:seashell":3,"minecraft:wheat":7,"minecraft:magenta_bed":1,"minecraft:pumpkin_stem":1,"minecraft:black_bed":2,"minecraft:grass":502,"luminousworld:grassvariant_3":4,"minecraft:red_mushroom_block":90,"born_in_chaos_v1:infernal_evil_pumpkin_s":2,"minecraft:deepslate":499,"minecraft:yellow_terracotta":14,"minecraft:deepslate_tiles":2,"iceandfire:silver_ore":4,"minecraft:mossy_cobblestone":5,"minecraft:nether_brick_wall":3,"minecraft:dark_oak_log":71,"minecraft:nether_bricks":2,"born_in_chaos_v1:black_argillite":6,"iceandfire:deepslate_silver_ore":2,"luminousworld:grassvariant_2":5,"minecraft:moss_block":41,"minecraft:red_mushroom":2,"minecraft:redstone_ore":6,"minecraft:acacia_wood":4,"minecraft:andesite":29,"minecraft:big_dripleaf_stem":3,"minecraft:vine":4,"luminousworld:groundpebbles_2":14,"minecraft:smithing_table":1,"minecraft:cherry_planks":4,"minecraft:chiseled_nether_bricks":1,"minecraft:soul_sand":2,"quark:oak_chest":3,"quark:dark_oak_chest":2,"minecraft:dandelion":1,"minecraft:emerald_ore":1,"minecraft:tall_grass":115,"minecraft:copper_ore":29,"minecraft:deepslate_gold_ore":9,"minecraft:diorite":48,"minecraft:big_dripleaf":5,"luminousworld:ishstone":36,"minecraft:sunflower":114,"minecraft:gravel":58,"minecraft:cobweb":24,"minecraft:stone_bricks":34,"minecraft:chipped_anvil":1,"minecraft:gold_ore":1,"luminousworld:white_petunias":1,"minecraft:spruce_planks":4,"minecraft:sculk_vein":3,"placeablesmod:melon_block_2":1,"minecraft:cave_vines_plant":14,"minecraft:grass_block":2297,"ecologics:coconut_leaves":4,"luminousworld:decorative_red_2":2,"luminousworld:decorative_red_1":2,"minecraft:raw_iron_block":1,"minecraft:glowstone":5,"undead_revamp2:bostroxore":14,"minecraft:iron_ore":54,"minecraft:anvil":1,"minecraft:azalea":1,"luminousworld:decorative_brown_2":1,"minecraft:deepslate_redstone_ore":25,"minecraft:blackstone":2,"minecraft:soul_lantern":2,"minecraft:clay":63,"minecraft:calcite":12,"minecraft:chest":1,"minecraft:mushroom_stem":26,"minecraft:nether_quartz_ore":2,"minecraft:cobblestone":30,"minecraft:oak_planks":59,"minecraft:iron_door":1,"minecraft:wall_torch":25,"minecraft:deepslate_copper_ore":6,"minecraft:pink_petals":20,"quark:glow_shroom":2,"minecraft:oak_log":47,"minecraft:lime_terracotta":6,"minecraft:sand":77,"minecraft:dirt":881,"minecraft:netherrack":53,"minecraft:oak_leaves":107,"minecraft:nether_gold_ore":4,"alexscaves:spelunkery_table":1,"luminousworld:groundpebbles_1":15,"minecraft:tuff":27,"minecraft:dark_oak_leaves":8,"minecraft:deepslate_diamond_ore":1,"luminousworld:grassvariant_4":2,"minecraft:candle":3,"born_in_chaos_v1:infected_diamond_ore":4,"minecraft:glow_lichen":1,"minecraft:ladder":1,"minecraft:brown_mushroom_block":97,"ecologics:coconut_log":21,"minecraft:cracked_nether_bricks":1,"luminousworld:groundpebbles_3":13,"placeablesmod:bowl_block_1":1,"minecraft:spore_blossom":4,"minecraft:oak_trapdoor":9,"minecraft:nether_brick_fence":9,"minecraft:polished_deepslate":59,"minecraft:bookshelf":1,"minecraft:deepslate_iron_ore":27,"minecraft:stripped_oak_log":39,"minecraft:stone":720,"minecraft:flowering_azalea":3,"minecraft:oak_fence":4,"minecraft:crafting_table":2,"minecraft:sculk_sensor":1,"minecraft:lapis_ore":1,"minecraft:sculk":49,"supplementaries:urn":6,"minecraft:spruce_stairs":2,"minecraft:redstone_torch":1,"minecraft:white_wall_banner":2,"minecraft:bee_nest":2,"minecraft:yellow_bed":1,"twilightforest:bold_stone_pillar":1,"minecraft:coal_ore":179,"ecologics:hanging_coconut":1,"minecraft:cherry_leaves":15,"minecraft:cracked_stone_bricks":10,"minecraft:small_dripleaf":4,"minecraft:mossy_stone_bricks":1},"minecraft:crafted":{"minecraft:blaze_powder":2,"minecraft:cooked_mutton":2,"undead_revamp2:bostroxset_chestplate":1,"iceandfire:armor_copper_metal_chestplate":1,"minecraft:deepslate":1,"minecraft:copper_ingot":91,"minecraft:wooden_hoe":3,"minecraft:golden_leggings":1,"quark:oak_chest":8,"minecraft:iron_pickaxe":4,"minecraft:gold_ingot":65,"ecologics:coconut_planks":8,"iceandfire:armor_copper_metal_leggings":1,"minecraft:bone_meal":36,"quark:cherry_bookshelf":18,"iceandfire:armor_copper_metal_helmet":1,"minecraft:diamond":1,"undead_revamp2:bostroxsword":1,"minecraft:stone_pickaxe":5,"minecraft:dark_oak_planks":168,"minecraft:lead":2,"minecraft:enchanting_table":1,"minecraft:glowstone":2,"minecraft:golden_apple":1,"minecraft:fermented_spider_eye":1,"minecraft:iron_shovel":5,"minecraft:iron_leggings":1,"minecraft:white_bed":1,"minecraft:oak_planks":256,"minecraft:cooked_chicken":4,"quark:cherry_chest":2,"iceandfire:armor_copper_metal_boots":1,"minecraft:bow":1,"minecraft:golden_boots":1,"minecraft:crafting_table":7,"minecraft:wooden_pickaxe":1,"minecraft:baked_potato":24,"minecraft:iron_helmet":2,"minecraft:brewing_stand":1,"minecraft:book":1,"minecraft:iron_chestplate":1,"minecraft:stick":120,"minecraft:iron_ingot":48,"minecraft:stone_sword":1,"minecraft:deepslate_bricks":124,"minecraft:shears":1,"minecraft:cherry_planks":196,"minecraft:oak_door":9,"minecraft:leather_boots":1,"minecraft:golden_chestplate":1,"minecraft:furnace":4,"minecraft:mushroom_stew":26,"iceandfire:copper_shovel":1,"quark:dark_oak_chest":12,"quark:acacia_chest":2,"minecraft:leather":7,"minecraft:polished_deepslate":388,"minecraft:iron_axe":1,"minecraft:cooked_beef":36,"minecraft:sugar":1,"minecraft:bowl":12,"minecraft:golden_shovel":3,"minecraft:stone_axe":1,"minecraft:bread":64,"minecraft:air":0,"aether:iron_gloves":1,"undead_revamp2:bostroxingot":10,"minecraft:acacia_planks":16,"minecraft:torch":296}},"DataVersion":3465}