{"stats":{"minecraft:killed":{"undead_revamp2:thewolf":2,"born_in_chaos_v1:zombie_clown":1,"earthmobsmod:duck":4,"minecraft:zombified_piglin":3,"minecraft:witch":1,"born_in_chaos_v1:restless_spirit":1,"born_in_chaos_v1:zombie_lumberjack":4,"enemyexpansion:equestrian":2,"minecraft:spider":3,"undead_revamp2:thesmoker":4,"born_in_chaos_v1:siamese_skeletonsright":2,"born_in_chaos_v1:baby_skeleton_minion":9,"born_in_chaos_v1:scarlet_persecutor":2,"minecraft:skeleton":1,"friendsandfoes:glare":1,"minecraft:bee":2,"luminousworld:dark_oak_skeleton":4,"enemyexpansion:vampflyer":1,"artifacts:mimic":1,"born_in_chaos_v1:bonescaller":1,"minecraft:pig":2,"enemyexpansion:ladybug":1,"minecraft:zombie_villager":1,"born_in_chaos_v1:diamond_termite":15,"naturalist:firefly":2,"minecraft:creeper":2,"minecraft:sheep":1,"undead_revamp2:thebidyupside":1,"minecraft:zombie":32,"born_in_chaos_v1:dread_hound":7,"enemyexpansion:vampire":2,"luminousworld:buckeye":1,"born_in_chaos_v1:corpse_fly":11,"enemyexpansion:botfly":8,"undead_revamp2:theskeeper":1,"alexsmobs:fly":9,"born_in_chaos_v1:door_knight":1,"luminousworld:dark_oak_zombie":3,"born_in_chaos_v1:siamese_skeletonsleft":2,"minecraft:blaze":6,"undead_revamp2:thehunter":6,"alexsmobs:raccoon":1,"illagerinvasion:marauder":1,"quark:toretoise":1,"minecraft:slime":2,"enemyexpansion:direwolf":4,"born_in_chaos_v1:zombie_bruiser":2,"born_in_chaos_v1:maggot":15,"alexsmobs:blue_jay":1,"enemyexpansion:silverqueen":1,"earthmobsmod:fancy_chicken":2,"undead_revamp2:sucker":5,"born_in_chaos_v1:fallen_chaos_knight":2,"earthmobsmod:bouldering_zombie":2,"born_in_chaos_v1:baby_skeleton":1,"born_in_chaos_v1:swarmer":1,"naturalist:butterfly":1,"undead_revamp2:the_moonflower":11,"minecraft:bat":2,"enemyexpansion:sprinter":3,"earthmobsmod:cream_cow":19,"born_in_chaos_v1:decrepit_skeleton":5,"undead_revamp2:thesomnolence":5,"minecraft:wither_skeleton":12,"enemyexpansion:slugger":3},"minecraft:custom":{"minecraft:interact_with_crafting_table":112,"minecraft:open_barrel":35,"minecraft:eat_cake_slice":6,"minecraft:leave_game":51,"minecraft:time_since_death":55124,"minecraft:sprint_one_cm":1080002,"minecraft:damage_blocked_by_shield":1545,"minecraft:drop":61,"minecraft:play_time":480784,"minecraft:deaths":33,"minecraft:jump":7626,"minecraft:interact_with_brewingstand":1,"minecraft:walk_on_water_one_cm":59176,"minecraft:interact_with_furnace":76,"minecraft:sleep_in_bed":15,"minecraft:damage_dealt":50318,"minecraft:player_kills":1,"minecraft:crouch_one_cm":38201,"tombstone:undead_killed":129,"minecraft:interact_with_smoker":1,"minecraft:interact_with_smithing_table":2,"minecraft:interact_with_anvil":4,"minecraft:mob_kills":279,"minecraft:damage_dealt_resisted":2093,"minecraft:climb_one_cm":19827,"minecraft:walk_one_cm":1921681,"minecraft:damage_dealt_absorbed":80,"minecraft:sneak_time":11747,"minecraft:walk_under_water_one_cm":2868,"minecraft:interact_with_blast_furnace":5,"minecraft:total_world_time":480784,"tombstone:raider_killed":5,"minecraft:tune_noteblock":14,"minecraft:time_since_rest":26093,"minecraft:damage_taken":17175,"minecraft:damage_absorbed":40,"minecraft:trigger_trapped_chest":1,"minecraft:swim_one_cm":3389,"minecraft:fly_one_cm":1074308,"minecraft:open_chest":267,"minecraft:fall_one_cm":141600},"minecraft:dropped":{"minecraft:moss_block":7,"minecraft:glass_bottle":2,"minecraft:spore_blossom":2,"minecraft:lime_terracotta":4,"minecraft:leather":2,"born_in_chaos_v1:monster_flesh":1,"minecraft:dirt":49,"undead_revamp2:bostroxsword":1,"minecraft:dark_oak_planks":2,"luminousworld:decorative_brown_2":1,"minecraft:bone":1,"minecraft:oak_door":2,"minecraft:cobbled_deepslate":4,"minecraft:rotten_flesh":14,"minecraft:oak_planks":25,"minecraft:chainmail_chestplate":1,"born_in_chaos_v1:seedof_chaos":1,"minecraft:powered_rail":1,"minecraft:wheat_seeds":5,"minecraft:cobblestone":6,"minecraft:stick":6,"minecraft:torch":2,"minecraft:string":15,"minecraft:moss_carpet":2,"minecraft:bowl":6,"minecraft:big_dripleaf":8,"aether:iron_gloves":1,"minecraft:bundle":1,"minecraft:iron_chestplate":1,"luminousworld:groundpebbles_1":4,"minecraft:andesite":4,"minecraft:slime_ball":1,"minecraft:magma_block":16,"minecraft:nether_brick_stairs":2},"minecraft:used":{"minecraft:moss_block":2,"minecraft:cherry_sapling":2,"minecraft:shield":44,"minecraft:nether_wart":2,"minecraft:rotten_flesh":4,"minecraft:soul_sand":2,"quark:cherry_chest":2,"twilightforest:bold_stone_pillar":1,"minecraft:carrot":4,"minecraft:tuff":2,"born_in_chaos_v1:corpse_maggot":1,"born_in_chaos_v1:smoked_flesh":6,"minecraft:lantern":1,"minecraft:furnace":4,"minecraft:potato":17,"minecraft:mossy_stone_bricks":1,"minecraft:diorite":2,"minecraft:stone_pickaxe":591,"minecraft:oak_planks":1,"minecraft:wooden_pickaxe":31,"luminousworld:groundpebbles_1":4,"minecraft:cookie":10,"minecraft:golden_apple":1,"minecraft:glow_berries":14,"alexscaves:cave_book":1,"minecraft:mushroom_stew":22,"minecraft:pumpkin_seeds":7,"minecraft:black_bed":1,"minecraft:shears":4,"minecraft:deepslate_tiles":2,"iceandfire:copper_shovel":311,"minecraft:melon_slice":67,"minecraft:bread":42,"minecraft:deepslate":1,"minecraft:gravel":5,"minecraft:soul_lantern":2,"minecraft:chain":6,"minecraft:bone_meal":34,"minecraft:oak_fence":1,"minecraft:stone_sword":109,"minecraft:cooked_chicken":3,"minecraft:oak_door":5,"minecraft:torch":341,"minecraft:dirt":1288,"minecraft:nether_brick_slab":1,"minecraft:iron_hoe":9,"minecraft:chipped_anvil":1,"minecraft:flowering_azalea":1,"minecraft:iron_axe":282,"minecraft:melon_seeds":6,"minecraft:deepslate_tile_stairs":1,"tombstone:gift":5,"minecraft:cooked_beef":25,"minecraft:pumpkin":2,"minecraft:cherry_log":3,"minecraft:cobbled_deepslate":132,"born_in_chaos_v1:trident_hayfork":270,"minecraft:wheat_seeds":79,"minecraft:cooked_mutton":2,"tombstone:scroll_of_mercy":2,"minecraft:water_bucket":38,"tombstone:scroll_of_knowledge":4,"minecraft:red_nether_bricks":1,"minecraft:baked_potato":29,"undead_revamp2:bostroxsword":930,"luminousworld:ishstone":9,"quark:acacia_chest":2,"minecraft:red_bed":1,"minecraft:crafting_table":9,"minecraft:magenta_bed":1,"minecraft:white_bed":1,"minecraft:cake":1,"minecraft:wooden_hoe":119,"minecraft:diamond_shovel":1349,"minecraft:iron_pickaxe":1087,"minecraft:stone_axe":78,"quark:dark_oak_chest":8,"minecraft:cobblestone":137,"minecraft:white_banner":3,"minecraft:cooked_porkchop":1,"minecraft:bucket":38,"quark:nether_brick_chest":2,"minecraft:yellow_bed":1,"quark:oak_chest":9,"minecraft:stripped_oak_log":2},"minecraft:killed_by":{"undead_revamp2:thewolf":2,"mutantmonsters:mutant_zombie":1,"undead_revamp2:sucker":1,"undead_revamp2:the_moonflower":2,"minecraft:wither_skeleton":1,"luminousworld:miner_zombie":1,"born_in_chaos_v1:corpse_fly":1,"minecraft:blaze":1,"minecraft:zombie":5,"undead_revamp2:axestrom":2,"undead_revamp2:thesmoker":1,"iceandfire:fire_dragon":1,"enemyexpansion:invisicreeper":1,"born_in_chaos_v1:siamese_skeletonsright":1,"born_in_chaos_v1:swarmer":1,"undead_revamp2:thehunter":1,"born_in_chaos_v1:dread_hound":1},"minecraft:picked_up":{"minecraft:iron_chestplate":1,"minecraft:wheat":140,"minecraft:nether_brick_fence":4,"minecraft:anvil":1,"minecraft:smithing_table":1,"minecraft:stone_slab":1,"aether:iron_gloves":1,"minecraft:potion":1,"iceandfire:armor_silver_metal_chestplate":1,"born_in_chaos_v1:black_argillite":6,"minecraft:string":35,"minecraft:raw_copper":116,"minecraft:red_nether_bricks":1,"minecraft:iron_leggings":1,"minecraft:deepslate_tiles":2,"minecraft:gold_nugget":21,"minecraft:cobbled_deepslate":246,"earthmobsmod:duck_egg":1,"minecraft:redstone_torch":2,"minecraft:calcite":12,"minecraft:azalea":1,"minecraft:iron_pickaxe":2,"minecraft:melon_slice":90,"minecraft:mangrove_log":1,"minecraft:stick":23,"minecraft:big_dripleaf":24,"minecraft:oak_fence":8,"minecraft:torch":66,"minecraft:porkchop":3,"minecraft:golden_axe":1,"minecraft:cherry_log":50,"tombstone:grave_dust":22,"minecraft:diorite":43,"minecraft:deepslate_tile_stairs":1,"minecraft:stone_sword":4,"minecraft:rotten_flesh":102,"supplementaries:ash":34,"minecraft:blaze_rod":3,"undead_revamp2:bostroxsword":2,"undead_revamp2:arapholia":1,"minecraft:cobblestone":747,"minecraft:birch_log":1,"minecraft:pink_petals":3,"minecraft:magma_block":16,"minecraft:feather":4,"minecraft:cooked_beef":25,"minecraft:jungle_log":2,"minecraft:iron_door":1,"minecraft:water_bucket":1,"minecraft:andesite":33,"minecraft:black_bed":2,"minecraft:potato":63,"minecraft:flint":6,"minecraft:tuff":23,"supplementaries:flax_seeds":1,"undead_revamp2:huntereye":1,"minecraft:magenta_bed":1,"minecraft:wither_skeleton_skull":1,"minecraft:lapis_lazuli":161,"minecraft:dirt":1597,"minecraft:lantern":2,"born_in_chaos_v1:monster_skin":3,"minecraft:bone":44,"minecraft:chipped_anvil":1,"undead_revamp2:blacpetalblock":1,"minecraft:bow":1,"minecraft:wheat_seeds":308,"minecraft:raw_gold":4,"minecraft:mossy_stone_bricks":1,"artifacts:antidote_vessel":1,"minecraft:glowstone_dust":12,"minecraft:powered_rail":1,"minecraft:moss_block":38,"minecraft:oak_planks":77,"minecraft:honeycomb":3,"endrem:lost_eye":1,"minecraft:cooked_porkchop":1,"minecraft:poisonous_potato":1,"minecraft:lime_terracotta":8,"earthmobsmod:harder_flesh":1,"minecraft:nether_brick_stairs":2,"minecraft:dark_oak_log":67,"minecraft:barrel":10,"minecraft:mossy_cobblestone":5,"minecraft:bundle":5,"minecraft:iron_hoe":2,"minecraft:diamond":3,"minecraft:soul_lantern":2,"minecraft:granite":12,"minecraft:grass":1,"minecraft:golden_apple":1,"minecraft:emerald":2,"minecraft:bread":16,"alexsmobs:maggot":2,"minecraft:oak_sapling":10,"minecraft:netherrack":53,"minecraft:leather_leggings":1,"iceandfire:raw_silver":10,"minecraft:nether_wart":12,"luminousworld:groundpebbles_1":59,"minecraft:crafting_table":2,"born_in_chaos_v1:diamond_termite_shard":11,"minecraft:chicken":4,"luminousworld:decorative_brown_2":1,"iceandfire:witherbone":5,"minecraft:ladder":1,"minecraft:clay_ball":236,"born_in_chaos_v1:seedof_chaos":4,"twilightforest:bold_stone_pillar":1,"minecraft:brown_mushroom":29,"quark:nether_brick_chest":2,"minecraft:chain":12,"quark:dark_oak_chest":2,"minecraft:shield":1,"minecraft:oak_trapdoor":9,"minecraft:red_bed":1,"minecraft:moss_carpet":2,"minecraft:iron_axe":2,"minecraft:iron_shovel":2,"minecraft:blackstone":2,"minecraft:cracked_stone_bricks":10,"minecraft:candle":9,"minecraft:beef":36,"born_in_chaos_v1:gnawed_bones":1,"minecraft:iron_nugget":3,"luminousworld:decorative_red_1":2,"minecraft:dark_oak_sapling":1,"minecraft:raw_iron":75,"minecraft:oak_door":4,"minecraft:bowl":3,"sophisticatedbackpacks:backpack":1,"minecraft:fire_charge":1,"minecraft:stone_button":1,"minecraft:cookie":10,"born_in_chaos_v1:pieceofdarkmetal":14,"minecraft:carrot":4,"minecraft:redstone":136,"minecraft:iron_horse_armor":1,"minecraft:dark_oak_planks":4,"minecraft:tnt":1,"minecraft:arrow":5,"minecraft:nether_bricks":1,"alexscaves:spelunkery_table":1,"minecraft:yellow_terracotta":14,"minecraft:gold_ingot":7,"minecraft:glistering_melon_slice":3,"born_in_chaos_v1:trident_hayfork":4,"minecraft:glow_berries":13,"minecraft:mutton":2,"minecraft:nether_brick_wall":3,"minecraft:rail":7,"minecraft:white_wool":3,"born_in_chaos_v1:fused_bone":2,"minecraft:stripped_oak_log":33,"born_in_chaos_v1:corpse_maggot":20,"born_in_chaos_v1:monster_flesh":4,"luminousworld:ishstone":33,"minecraft:leather":20,"minecraft:red_mushroom":33,"minecraft:acacia_wood":4,"minecraft:mushroom_stew":1,"minecraft:oak_log":33,"minecraft:chainmail_chestplate":3,"minecraft:yellow_bed":1,"minecraft:gunpowder":22,"minecraft:white_banner":3,"naturalist:glow_goop":1,"minecraft:red_carpet":2,"minecraft:stone_bricks":33,"quark:glow_shroom":2,"minecraft:spore_blossom":5,"born_in_chaos_v1:smoked_flesh":6,"minecraft:iron_ingot":22,"earthmobsmod:fancy_feather":2,"minecraft:stone_pickaxe":1,"minecraft:soul_sand":2,"luminousworld:white_petunias":1,"minecraft:flowering_azalea":3,"minecraft:book":3,"minecraft:oak_slab":1,"minecraft:pumpkin":26,"born_in_chaos_v1:ethereal_spirit":2,"iceandfire:ash":2,"minecraft:quartz":5,"minecraft:raw_iron_block":2,"minecraft:gravel":64,"minecraft:blast_furnace":1,"minecraft:white_bed":1,"minecraft:nether_brick_slab":1,"quark:oak_chest":3,"minecraft:spider_eye":2,"undead_revamp2:rawbostrox":14,"minecraft:pumpkin_seeds":7,"minecraft:diamond_shovel":1,"minecraft:slime_ball":3,"luminousworld:decorative_red_2":1,"minecraft:cherry_sapling":38,"minecraft:baked_potato":21,"tombstone:magic_scroll":1,"minecraft:coal":162,"minecraft:sunflower":43},"minecraft:mined":{"luminousworld:white_petunias":1,"minecraft:dark_oak_planks":4,"minecraft:white_bed":1,"minecraft:cherry_log":46,"minecraft:sculk_vein":3,"minecraft:red_nether_bricks":8,"placeablesmod:melon_block_2":1,"ecologics:surface_moss":1,"minecraft:cave_vines_plant":14,"minecraft:granite":13,"minecraft:grass_block":1194,"luminousworld:decorative_red_2":2,"minecraft:nether_wart":2,"minecraft:spawner":1,"luminousworld:decorative_red_1":2,"minecraft:raw_iron_block":1,"minecraft:magma_block":18,"minecraft:glowstone":4,"undead_revamp2:bostroxore":14,"minecraft:iron_ore":54,"minecraft:barrel":10,"minecraft:cobbled_deepslate":14,"minecraft:fire":3,"minecraft:moss_carpet":2,"minecraft:pumpkin":24,"minecraft:anvil":1,"minecraft:deepslate_lapis_ore":16,"minecraft:nether_brick_stairs":5,"minecraft:cave_vines":22,"minecraft:azalea":1,"luminousworld:decorative_brown_2":1,"minecraft:deepslate_redstone_ore":25,"minecraft:brown_mushroom":2,"quark:nether_brick_chest":2,"minecraft:red_bed":1,"minecraft:blackstone":2,"minecraft:soul_lantern":2,"minecraft:powder_snow":28,"minecraft:clay":63,"born_in_chaos_v1:infected_deepslate_diamond_ore":5,"minecraft:torch":20,"minecraft:blast_furnace":1,"minecraft:calcite":12,"minecraft:melon":17,"minecraft:nether_brick_slab":1,"minecraft:mushroom_stem":26,"minecraft:nether_quartz_ore":2,"minecraft:cobblestone":30,"minecraft:cyan_bed":1,"minecraft:oak_planks":54,"minecraft:iron_door":1,"minecraft:wall_torch":21,"minecraft:deepslate_copper_ore":2,"minecraft:pink_petals":4,"minecraft:chain":7,"minecraft:wheat":7,"minecraft:magenta_bed":1,"minecraft:pumpkin_stem":1,"minecraft:black_bed":2,"quark:glow_shroom":2,"minecraft:grass":225,"minecraft:oak_log":31,"minecraft:lime_terracotta":6,"minecraft:dirt":356,"luminousworld:grassvariant_3":4,"born_in_chaos_v1:infernal_evil_pumpkin_s":2,"minecraft:red_mushroom_block":90,"minecraft:netherrack":53,"minecraft:deepslate":190,"minecraft:oak_leaves":107,"minecraft:nether_gold_ore":4,"minecraft:yellow_terracotta":14,"minecraft:deepslate_tiles":2,"alexscaves:spelunkery_table":1,"luminousworld:groundpebbles_1":13,"minecraft:tuff":25,"iceandfire:silver_ore":4,"minecraft:mossy_cobblestone":5,"luminousworld:grassvariant_4":2,"minecraft:dark_oak_leaves":8,"minecraft:deepslate_diamond_ore":1,"minecraft:candle":3,"minecraft:nether_brick_wall":3,"minecraft:dark_oak_log":71,"born_in_chaos_v1:infected_diamond_ore":4,"minecraft:nether_bricks":2,"minecraft:glow_lichen":1,"minecraft:ladder":1,"born_in_chaos_v1:black_argillite":6,"luminousworld:grassvariant_2":5,"minecraft:brown_mushroom_block":97,"minecraft:moss_block":41,"minecraft:red_mushroom":2,"minecraft:cracked_nether_bricks":1,"luminousworld:groundpebbles_3":6,"placeablesmod:bowl_block_1":1,"minecraft:spore_blossom":4,"minecraft:redstone_ore":6,"minecraft:oak_trapdoor":9,"minecraft:acacia_wood":4,"minecraft:andesite":29,"minecraft:big_dripleaf_stem":3,"minecraft:nether_brick_fence":9,"minecraft:bookshelf":1,"minecraft:deepslate_iron_ore":22,"minecraft:vine":4,"minecraft:stripped_oak_log":37,"luminousworld:groundpebbles_2":12,"minecraft:stone":664,"minecraft:smithing_table":1,"minecraft:flowering_azalea":3,"minecraft:chiseled_nether_bricks":1,"minecraft:soul_sand":2,"quark:oak_chest":3,"quark:dark_oak_chest":2,"minecraft:oak_fence":4,"minecraft:crafting_table":2,"minecraft:emerald_ore":1,"minecraft:sculk_sensor":1,"minecraft:copper_ore":29,"minecraft:tall_grass":56,"minecraft:lapis_ore":1,"minecraft:deepslate_gold_ore":1,"minecraft:sculk":49,"minecraft:diorite":45,"minecraft:big_dripleaf":5,"supplementaries:urn":6,"minecraft:redstone_torch":1,"minecraft:white_wall_banner":2,"minecraft:bee_nest":1,"minecraft:yellow_bed":1,"twilightforest:bold_stone_pillar":1,"minecraft:coal_ore":158,"luminousworld:ishstone":34,"minecraft:cherry_leaves":15,"minecraft:sunflower":19,"minecraft:gravel":50,"minecraft:cobweb":15,"minecraft:cracked_stone_bricks":10,"minecraft:stone_bricks":34,"minecraft:small_dripleaf":4,"minecraft:mossy_stone_bricks":1,"minecraft:gold_ore":1,"minecraft:chipped_anvil":1},"minecraft:broken":{"minecraft:iron_chestplate":1,"minecraft:iron_leggings":1,"minecraft:stone_pickaxe":4,"minecraft:chainmail_chestplate":1,"iceandfire:armor_copper_metal_helmet":1,"minecraft:stone_sword":1,"iceandfire:armor_copper_metal_leggings":1,"iceandfire:copper_shovel":1,"minecraft:iron_axe":1,"minecraft:leather_boots":1,"minecraft:iron_pickaxe":4,"minecraft:iron_helmet":1,"minecraft:wooden_hoe":2,"iceandfire:armor_copper_metal_boots":1},"minecraft:crafted":{"minecraft:oak_planks":168,"minecraft:cooked_chicken":4,"quark:cherry_chest":2,"minecraft:cooked_mutton":2,"iceandfire:armor_copper_metal_boots":1,"undead_revamp2:bostroxset_chestplate":1,"iceandfire:armor_copper_metal_chestplate":1,"minecraft:deepslate":1,"minecraft:crafting_table":7,"minecraft:baked_potato":24,"minecraft:wooden_pickaxe":1,"minecraft:iron_helmet":2,"minecraft:copper_ingot":91,"minecraft:iron_chestplate":1,"minecraft:wooden_hoe":2,"minecraft:stick":108,"quark:oak_chest":6,"minecraft:iron_ingot":48,"minecraft:iron_pickaxe":4,"minecraft:gold_ingot":13,"minecraft:stone_sword":1,"minecraft:shears":1,"minecraft:cherry_planks":40,"minecraft:oak_door":9,"minecraft:leather_boots":1,"minecraft:furnace":4,"iceandfire:armor_copper_metal_leggings":1,"minecraft:mushroom_stew":26,"minecraft:bone_meal":36,"iceandfire:armor_copper_metal_helmet":1,"iceandfire:copper_shovel":1,"quark:dark_oak_chest":12,"quark:acacia_chest":2,"minecraft:diamond":1,"undead_revamp2:bostroxsword":1,"minecraft:leather":7,"minecraft:iron_axe":1,"minecraft:stone_pickaxe":5,"minecraft:dark_oak_planks":168,"minecraft:bowl":12,"minecraft:stone_axe":1,"minecraft:bread":26,"minecraft:air":0,"aether:iron_gloves":1,"minecraft:iron_leggings":1,"minecraft:white_bed":1,"minecraft:torch":276,"minecraft:acacia_planks":16,"undead_revamp2:bostroxingot":10}},"DataVersion":3465}