{"stats":{"minecraft:broken":{"minecraft:stone_sword":1,"minecraft:stone_pickaxe":4,"iceandfire:copper_shovel":1,"minecraft:iron_pickaxe":1},"minecraft:killed_by":{"luminousworld:miner_zombie":1},"minecraft:used":{"minecraft:moss_block":2,"minecraft:stone_sword":109,"minecraft:torch":149,"minecraft:dirt":119,"minecraft:iron_hoe":9,"minecraft:flowering_azalea":1,"minecraft:iron_axe":53,"minecraft:furnace":2,"tombstone:gift":1,"minecraft:cobbled_deepslate":2,"minecraft:cooked_mutton":2,"minecraft:stone_pickaxe":591,"undead_revamp2:bostroxsword":81,"minecraft:oak_planks":1,"minecraft:wooden_pickaxe":31,"minecraft:glow_berries":14,"minecraft:crafting_table":3,"minecraft:magenta_bed":1,"minecraft:mushroom_stew":14,"minecraft:shears":2,"minecraft:cake":1,"iceandfire:copper_shovel":311,"minecraft:iron_pickaxe":408,"minecraft:stone_axe":75,"quark:dark_oak_chest":4,"minecraft:cobblestone":82},"minecraft:crafted":{"minecraft:oak_planks":20,"minecraft:furnace":2,"iceandfire:armor_copper_metal_leggings":1,"minecraft:mushroom_stew":17,"minecraft:cooked_mutton":2,"iceandfire:armor_copper_metal_helmet":1,"iceandfire:armor_copper_metal_boots":1,"iceandfire:copper_shovel":1,"undead_revamp2:bostroxset_chestplate":1,"quark:dark_oak_chest":4,"undead_revamp2:bostroxsword":1,"minecraft:leather":2,"minecraft:stone_pickaxe":5,"iceandfire:armor_copper_metal_chestplate":1,"minecraft:dark_oak_planks":168,"minecraft:crafting_table":2,"minecraft:wooden_pickaxe":1,"minecraft:bowl":12,"minecraft:copper_ingot":91,"minecraft:stone_axe":1,"minecraft:air":0,"minecraft:stick":56,"minecraft:iron_ingot":25,"minecraft:iron_pickaxe":2,"minecraft:stone_sword":1,"minecraft:torch":144,"undead_revamp2:bostroxingot":10,"minecraft:shears":1},"minecraft:picked_up":{"luminousworld:groundpebbles_1":9,"born_in_chaos_v1:diamond_termite_shard":5,"minecraft:crafting_table":1,"minecraft:clay_ball":236,"minecraft:brown_mushroom":27,"minecraft:moss_carpet":1,"born_in_chaos_v1:black_argillite":2,"minecraft:raw_copper":114,"minecraft:string":9,"minecraft:iron_axe":2,"minecraft:iron_shovel":1,"minecraft:candle":1,"minecraft:cobbled_deepslate":16,"minecraft:azalea":1,"luminousworld:decorative_red_1":2,"minecraft:dark_oak_sapling":1,"minecraft:stick":8,"minecraft:raw_iron":54,"minecraft:big_dripleaf":24,"minecraft:torch":18,"minecraft:bowl":1,"minecraft:cookie":5,"minecraft:diorite":39,"born_in_chaos_v1:pieceofdarkmetal":3,"minecraft:stone_sword":3,"minecraft:rotten_flesh":13,"supplementaries:ash":8,"minecraft:glow_berries":13,"minecraft:mutton":2,"minecraft:white_wool":1,"minecraft:cobblestone":595,"born_in_chaos_v1:corpse_maggot":3,"minecraft:feather":1,"born_in_chaos_v1:monster_flesh":1,"minecraft:andesite":33,"luminousworld:ishstone":24,"minecraft:red_mushroom":28,"minecraft:flint":2,"minecraft:oak_log":5,"minecraft:chainmail_chestplate":1,"supplementaries:flax_seeds":1,"minecraft:yellow_bed":1,"minecraft:magenta_bed":1,"minecraft:lapis_lazuli":51,"minecraft:dirt":208,"minecraft:bone":3,"minecraft:bow":1,"minecraft:wheat_seeds":3,"minecraft:spore_blossom":5,"minecraft:moss_block":38,"minecraft:flowering_azalea":3,"minecraft:oak_planks":1,"minecraft:raw_iron_block":1,"earthmobsmod:harder_flesh":1,"minecraft:gravel":21,"minecraft:dark_oak_log":67,"undead_revamp2:rawbostrox":14,"minecraft:iron_hoe":1,"minecraft:slime_ball":2,"luminousworld:decorative_red_2":1,"minecraft:granite":4,"tombstone:magic_scroll":1,"minecraft:oak_sapling":10,"minecraft:coal":124,"iceandfire:raw_silver":4},"minecraft:dropped":{"minecraft:moss_block":7,"minecraft:wheat_seeds":2,"minecraft:glass_bottle":2,"minecraft:spore_blossom":2,"minecraft:cobblestone":6,"minecraft:stick":4,"minecraft:string":8,"minecraft:bone":1,"minecraft:moss_carpet":1,"minecraft:cobbled_deepslate":4,"minecraft:bowl":2,"minecraft:rotten_flesh":12,"minecraft:big_dripleaf":8,"minecraft:andesite":4,"minecraft:slime_ball":1},"minecraft:custom":{"minecraft:interact_with_smithing_table":1,"minecraft:mob_kills":25,"minecraft:interact_with_crafting_table":55,"minecraft:open_barrel":18,"minecraft:damage_dealt_resisted":38,"minecraft:eat_cake_slice":2,"minecraft:leave_game":6,"minecraft:time_since_death":41776,"minecraft:climb_one_cm":90,"minecraft:sprint_one_cm":143845,"minecraft:walk_one_cm":474621,"minecraft:drop":25,"minecraft:play_time":95681,"minecraft:deaths":2,"minecraft:sneak_time":2065,"minecraft:walk_under_water_one_cm":135,"minecraft:jump":1734,"minecraft:interact_with_blast_furnace":2,"minecraft:walk_on_water_one_cm":4433,"minecraft:total_world_time":95681,"minecraft:interact_with_furnace":47,"minecraft:sleep_in_bed":1,"minecraft:time_since_rest":23679,"minecraft:damage_taken":1678,"minecraft:damage_dealt":4936,"minecraft:fly_one_cm":98517,"minecraft:player_kills":1,"minecraft:open_chest":45,"minecraft:crouch_one_cm":8560,"tombstone:undead_killed":8,"minecraft:fall_one_cm":24170},"minecraft:killed":{"minecraft:slime":1,"enemyexpansion:direwolf":1,"born_in_chaos_v1:zombie_bruiser":1,"born_in_chaos_v1:maggot":3,"alexsmobs:blue_jay":1,"luminousworld:dark_oak_skeleton":3,"earthmobsmod:bouldering_zombie":1,"enemyexpansion:ladybug":1,"born_in_chaos_v1:diamond_termite":5,"minecraft:sheep":1,"undead_revamp2:thebidyupside":1,"born_in_chaos_v1:dread_hound":2,"alexsmobs:fly":1,"luminousworld:dark_oak_zombie":3},"minecraft:mined":{"luminousworld:groundpebbles_1":7,"minecraft:tuff":3,"iceandfire:silver_ore":4,"minecraft:dark_oak_leaves":8,"minecraft:dark_oak_log":71,"born_in_chaos_v1:infected_diamond_ore":4,"ecologics:surface_moss":1,"minecraft:glow_lichen":1,"minecraft:cave_vines_plant":13,"minecraft:granite":4,"minecraft:grass_block":29,"born_in_chaos_v1:black_argillite":2,"luminousworld:grassvariant_2":5,"minecraft:brown_mushroom_block":97,"luminousworld:decorative_red_2":2,"minecraft:moss_block":38,"luminousworld:groundpebbles_3":2,"placeablesmod:bowl_block_1":1,"luminousworld:decorative_red_1":2,"minecraft:spore_blossom":4,"minecraft:raw_iron_block":1,"undead_revamp2:bostroxore":14,"minecraft:iron_ore":36,"minecraft:fire":2,"minecraft:cobbled_deepslate":1,"minecraft:andesite":29,"minecraft:moss_carpet":1,"minecraft:deepslate_lapis_ore":7,"minecraft:big_dripleaf_stem":2,"minecraft:cave_vines":21,"minecraft:deepslate_iron_ore":19,"luminousworld:groundpebbles_2":1,"minecraft:azalea":1,"minecraft:stone":554,"minecraft:flowering_azalea":3,"minecraft:powder_snow":28,"minecraft:clay":62,"minecraft:crafting_table":1,"born_in_chaos_v1:infected_deepslate_diamond_ore":2,"minecraft:torch":7,"minecraft:mushroom_stem":26,"minecraft:tall_grass":7,"minecraft:copper_ore":29,"minecraft:cobblestone":28,"minecraft:lapis_ore":1,"minecraft:oak_planks":1,"minecraft:diorite":39,"minecraft:wall_torch":8,"minecraft:big_dripleaf":5,"minecraft:deepslate_copper_ore":1,"supplementaries:urn":2,"minecraft:magenta_bed":1,"minecraft:yellow_bed":1,"minecraft:grass":21,"minecraft:coal_ore":124,"minecraft:oak_log":4,"luminousworld:ishstone":24,"minecraft:gravel":12,"minecraft:dirt":179,"luminousworld:grassvariant_3":4,"minecraft:cobweb":1,"minecraft:red_mushroom_block":90,"born_in_chaos_v1:infernal_evil_pumpkin_s":1,"minecraft:small_dripleaf":4,"minecraft:oak_leaves":107,"minecraft:deepslate":19}},"DataVersion":3465}