{"stats":{"minecraft:picked_up":{"born_in_chaos_v1:fused_bone":1,"minecraft:cooked_beef":6,"minecraft:nether_wart":3,"minecraft:cherry_log":6,"alexsmobs:maggot":1,"minecraft:white_bed":2,"minecraft:dirt":2,"minecraft:sunflower":1},"minecraft:custom":{"minecraft:time_since_rest":34935,"minecraft:open_chest":1,"minecraft:crouch_one_cm":426,"minecraft:play_time":34935,"minecraft:sprint_one_cm":1007,"minecraft:damage_taken":300,"minecraft:walk_one_cm":74652,"minecraft:sneak_time":49,"minecraft:mob_kills":1,"minecraft:drop":2,"minecraft:jump":147,"minecraft:damage_dealt":49,"minecraft:time_since_death":34935,"minecraft:total_world_time":34935,"minecraft:interact_with_crafting_table":1,"minecraft:fall_one_cm":2660,"minecraft:fly_one_cm":1258},"minecraft:used":{"minecraft:white_bed":1,"alexsmobs:animal_dictionary":1,"minecraft:cooked_beef":2},"minecraft:dropped":{"minecraft:cooked_beef":2},"minecraft:killed":{"alexsmobs:fly":1},"minecraft:mined":{"minecraft:grass":1,"minecraft:grass_block":1,"minecraft:cherry_leaves":2,"minecraft:sunflower":1,"minecraft:dirt":1,"minecraft:cherry_log":9,"minecraft:nether_wart":2}},"DataVersion":3465}