{"stats":{"minecraft:picked_up":{"born_in_chaos_v1:fused_bone":1,"luminousworld:groundpebbles_1":1,"minecraft:stick":2,"minecraft:cooked_beef":6,"minecraft:nether_wart":3,"minecraft:oak_log":4,"minecraft:cherry_log":6,"minecraft:white_bed":2,"minecraft:dirt":52,"minecraft:apple":1,"minecraft:wheat_seeds":3,"alexsmobs:maggot":1,"minecraft:oak_sapling":1,"minecraft:sunflower":1},"minecraft:custom":{"minecraft:time_since_rest":63132,"minecraft:sprint_one_cm":1007,"minecraft:damage_taken":605,"minecraft:walk_one_cm":119961,"minecraft:mob_kills":1,"minecraft:drop":2,"minecraft:damage_dealt":194,"minecraft:interact_with_crafting_table":1,"minecraft:fly_one_cm":1603,"minecraft:open_chest":1,"minecraft:crouch_one_cm":426,"minecraft:play_time":63132,"minecraft:sneak_time":49,"minecraft:jump":233,"minecraft:leave_game":1,"minecraft:time_since_death":63132,"minecraft:total_world_time":63132,"minecraft:fall_one_cm":4226},"minecraft:used":{"minecraft:dirt":32,"minecraft:white_bed":2,"alexsmobs:animal_dictionary":2,"minecraft:cooked_beef":4,"minecraft:cherry_log":1},"minecraft:dropped":{"minecraft:cooked_beef":2},"minecraft:killed":{"alexsmobs:fly":1},"minecraft:mined":{"minecraft:cherry_log":9,"minecraft:grass":15,"minecraft:grass_block":23,"minecraft:oak_log":4,"minecraft:cherry_leaves":2,"minecraft:sunflower":1,"minecraft:dirt":28,"luminousworld:groundpebbles_2":1,"minecraft:nether_wart":2,"minecraft:oak_leaves":7}},"DataVersion":3465}