{"stats":{"minecraft:picked_up":{"born_in_chaos_v1:fused_bone":1,"minecraft:stick":2,"luminousworld:groundpebbles_1":1,"minecraft:cooked_beef":6,"minecraft:nether_wart":3,"minecraft:apple":1,"minecraft:wheat_seeds":3,"minecraft:oak_log":4,"minecraft:cherry_log":6,"alexsmobs:maggot":1,"minecraft:white_bed":2,"minecraft:oak_sapling":1,"minecraft:dirt":33,"minecraft:sunflower":1},"minecraft:custom":{"minecraft:time_since_rest":52935,"minecraft:open_chest":1,"minecraft:crouch_one_cm":426,"minecraft:play_time":52935,"minecraft:sprint_one_cm":1007,"minecraft:damage_taken":340,"minecraft:walk_one_cm":95208,"minecraft:sneak_time":49,"minecraft:mob_kills":1,"minecraft:drop":2,"minecraft:jump":178,"minecraft:damage_dealt":49,"minecraft:time_since_death":52935,"minecraft:total_world_time":52935,"minecraft:interact_with_crafting_table":1,"minecraft:fall_one_cm":2660,"minecraft:fly_one_cm":1356},"minecraft:dropped":{"minecraft:cooked_beef":2},"minecraft:used":{"minecraft:dirt":28,"minecraft:white_bed":1,"alexsmobs:animal_dictionary":1,"minecraft:cooked_beef":3},"minecraft:killed":{"alexsmobs:fly":1},"minecraft:mined":{"minecraft:grass":15,"minecraft:oak_log":4,"minecraft:grass_block":18,"minecraft:cherry_leaves":2,"minecraft:sunflower":1,"minecraft:dirt":12,"minecraft:cherry_log":9,"luminousworld:groundpebbles_2":1,"minecraft:nether_wart":2,"minecraft:oak_leaves":7}},"DataVersion":3465}