{"stats":{"minecraft:picked_up":{"minecraft:cooked_beef":6,"minecraft:nether_wart":3,"minecraft:cherry_log":6,"minecraft:white_bed":2,"minecraft:dirt":1,"minecraft:sunflower":1},"minecraft:custom":{"minecraft:time_since_rest":10935,"minecraft:open_chest":1,"minecraft:crouch_one_cm":426,"minecraft:play_time":10935,"minecraft:sprint_one_cm":110,"minecraft:damage_taken":230,"minecraft:walk_one_cm":65449,"minecraft:sneak_time":49,"minecraft:drop":2,"minecraft:jump":144,"minecraft:damage_dealt":20,"minecraft:time_since_death":10935,"minecraft:total_world_time":10935,"minecraft:interact_with_crafting_table":1,"minecraft:fall_one_cm":2660,"minecraft:fly_one_cm":1185},"minecraft:used":{"minecraft:white_bed":1,"alexsmobs:animal_dictionary":1,"minecraft:cooked_beef":2},"minecraft:dropped":{"minecraft:cooked_beef":2},"minecraft:mined":{"minecraft:grass":1,"minecraft:grass_block":1,"minecraft:cherry_leaves":2,"minecraft:sunflower":1,"minecraft:cherry_log":9,"minecraft:nether_wart":2}},"DataVersion":3465}