{"stats":{"minecraft:broken":{"minecraft:stone_pickaxe":1},"minecraft:killed_by":{"minecraft:husk":1,"minecraft:player":2,"alexsmobs:murmur_head":1,"born_in_chaos_v1:bonescaller":1,"minecraft:skeleton":1},"minecraft:used":{"minecraft:flint_and_steel":5,"quark:shale":15,"minecraft:shield":12,"minecraft:iron_sword":125,"minecraft:rotten_flesh":2,"endrem:lost_eye":1,"minecraft:torch":17,"minecraft:dirt":9,"minecraft:chainmail_chestplate":1,"minecraft:carrot":2,"minecraft:granite":2,"minecraft:dark_oak_planks":8,"minecraft:waxed_cut_copper":1,"minecraft:iron_axe":80,"minecraft:iron_helmet":1,"minecraft:furnace":1,"tombstone:gift":1,"minecraft:cobbled_deepslate":29,"minecraft:water_bucket":2,"minecraft:stone_pickaxe":184,"minecraft:wooden_pickaxe":23,"minecraft:golden_apple":2,"minecraft:glow_berries":62,"minecraft:crafting_table":6,"minecraft:mushroom_stew":2,"minecraft:shears":6,"minecraft:cake":1,"minecraft:apple":1,"minecraft:dark_oak_log":3,"minecraft:melon_slice":5,"minecraft:bread":18,"minecraft:iron_pickaxe":18,"minecraft:stone_axe":81,"minecraft:cobblestone":15,"minecraft:bucket":3,"minecraft:pumpkin_pie":5,"alexsmobs:animal_dictionary":2},"minecraft:crafted":{"minecraft:furnace":1,"minecraft:flint_and_steel":1,"minecraft:iron_axe":1,"minecraft:stone_pickaxe":2,"minecraft:dark_oak_planks":140,"minecraft:crafting_table":3,"minecraft:wooden_pickaxe":1,"minecraft:iron_helmet":1,"minecraft:iron_sword":1,"minecraft:bucket":1,"minecraft:birch_planks":12,"minecraft:stone_axe":1,"minecraft:air":0,"minecraft:shield":1,"minecraft:stick":16,"minecraft:iron_ingot":21,"minecraft:iron_pickaxe":1,"minecraft:torch":16,"minecraft:shears":1},"minecraft:picked_up":{"minecraft:crafting_table":3,"luminousworld:decorative_brown_2":3,"minecraft:clay_ball":28,"mowziesmobs:glowing_jelly":2,"minecraft:chain":1,"tombstone:grave_key":1,"minecraft:string":10,"minecraft:moss_carpet":3,"minecraft:cyan_carpet":1,"minecraft:cobbled_deepslate":59,"minecraft:azalea":2,"minecraft:iron_nugget":29,"luminousworld:decorative_red_1":1,"minecraft:raw_iron":23,"minecraft:stick":2,"minecraft:stripped_mangrove_wood":2,"minecraft:big_dripleaf":1,"minecraft:birch_trapdoor":1,"minecraft:bowl":5,"tombstone:grave_dust":1,"minecraft:diorite":2,"minecraft:carrot":2,"minecraft:dark_oak_planks":1,"luminousworld:decorative_brown_mushroom_1":2,"minecraft:rotten_flesh":2,"minecraft:pumpkin_pie":5,"minecraft:waxed_cut_copper":1,"supplementaries:ash":6,"minecraft:glow_berries":23,"minecraft:cobblestone":117,"minecraft:birch_log":3,"minecraft:glow_ink_sac":3,"minecraft:red_mushroom":19,"minecraft:mushroom_stew":1,"minecraft:gunpowder":1,"minecraft:dirt":30,"minecraft:bone":4,"minecraft:apple":1,"minecraft:bow":1,"minecraft:wheat_seeds":1,"minecraft:moss_block":7,"minecraft:oak_planks":7,"quark:shale":46,"minecraft:spruce_sapling":1,"minecraft:dark_oak_log":102,"minecraft:granite":2,"luminousworld:decorative_red_2":8,"minecraft:emerald":3,"minecraft:coal":48,"minecraft:oak_leaves":3,"iceandfire:raw_silver":3},"minecraft:dropped":{"minecraft:bread":3,"minecraft:stripped_mangrove_wood":2,"minecraft:glow_ink_sac":3,"minecraft:cobblestone":58,"minecraft:glow_berries":9,"minecraft:stick":1,"tombstone:grave_key":1,"minecraft:chain":1,"luminousworld:decorative_red_2":3,"luminousworld:decorative_brown_2":3,"minecraft:cyan_carpet":1,"quark:shale":31,"minecraft:birch_trapdoor":1},"minecraft:custom":{"minecraft:mob_kills":9,"minecraft:interact_with_crafting_table":20,"minecraft:open_barrel":9,"minecraft:damage_dealt_resisted":10,"minecraft:eat_cake_slice":22,"minecraft:leave_game":5,"minecraft:time_since_death":11580,"minecraft:climb_one_cm":20210,"minecraft:sprint_one_cm":632656,"minecraft:walk_one_cm":585159,"minecraft:damage_blocked_by_shield":515,"minecraft:drop":24,"minecraft:play_time":154717,"minecraft:deaths":8,"minecraft:sneak_time":6392,"minecraft:walk_under_water_one_cm":71595,"minecraft:jump":3154,"minecraft:interact_with_blast_furnace":7,"minecraft:walk_on_water_one_cm":89572,"minecraft:total_world_time":154717,"minecraft:interact_with_furnace":19,"minecraft:sleep_in_bed":1,"minecraft:time_since_rest":11304,"minecraft:damage_taken":4070,"minecraft:damage_absorbed":70,"minecraft:damage_dealt":3348,"minecraft:swim_one_cm":66216,"minecraft:fly_one_cm":400358,"minecraft:open_chest":20,"minecraft:crouch_one_cm":21247,"tombstone:undead_killed":6,"minecraft:fall_one_cm":69769},"minecraft:killed":{"luminousworld:miner_zombie":1,"enemyexpansion:direwolf":1,"born_in_chaos_v1:maggot":1,"minecraft:skeleton":1,"luminousworld:dark_oak_skeleton":3,"creeperoverhaul:dark_oak_creeper":1,"minecraft:husk":1},"minecraft:mined":{"minecraft:dark_oak_planks":1,"minecraft:spruce_planks":2,"iceandfire:silver_ore":3,"minecraft:dark_oak_leaves":9,"quark:shale":48,"minecraft:dark_oak_log":123,"minecraft:cave_vines_plant":3,"minecraft:granite":1,"minecraft:grass_block":16,"luminousworld:decorative_brown_mushroom_1":2,"minecraft:spruce_leaves":10,"luminousworld:decorative_red_2":3,"minecraft:moss_block":5,"minecraft:spawner":1,"luminousworld:decorative_red_1":1,"minecraft:iron_ore":16,"minecraft:fire":11,"minecraft:moss_carpet":1,"minecraft:cave_vines":4,"minecraft:vine":1,"minecraft:deepslate_iron_ore":3,"luminousworld:decorative_brown_2":3,"minecraft:stone":47,"minecraft:stripped_mangrove_wood":1,"minecraft:waxed_cut_copper":1,"minecraft:waxed_cut_copper_stairs":1,"minecraft:powder_snow":1,"minecraft:clay":8,"minecraft:crafting_table":4,"minecraft:mushroom_stem":5,"minecraft:lightning_rod":1,"minecraft:tall_grass":3,"minecraft:cobblestone":1,"minecraft:oak_planks":9,"minecraft:sculk":5,"supplementaries:urn":4,"minecraft:birch_log":3,"minecraft:birch_trapdoor":1,"minecraft:birch_leaves":1,"minecraft:grass":3,"minecraft:mangrove_slab":2,"minecraft:coal_ore":47,"minecraft:oak_log":3,"minecraft:cyan_carpet":2,"minecraft:dirt":14,"luminousworld:grassvariant_3":1,"minecraft:cobweb":3,"minecraft:red_mushroom_block":44,"minecraft:oak_leaves":7}},"DataVersion":3465}