{"stats":{"minecraft:broken":{"minecraft:stone_pickaxe":1,"aether:iron_gloves":1,"minecraft:iron_pickaxe":1},"minecraft:used":{"minecraft:nether_brick_fence":1,"minecraft:iron_shovel":82,"quark:shale":15,"minecraft:chest":1,"minecraft:shield":80,"minecraft:iron_sword":379,"minecraft:rotten_flesh":2,"minecraft:carrot":3,"born_in_chaos_v1:corpse_maggot":2,"minecraft:glass":27,"minecraft:lava_bucket":11,"minecraft:iron_helmet":1,"born_in_chaos_v1:gnawed_bones":1,"minecraft:bow":2,"minecraft:furnace":4,"minecraft:skeleton_skull":2,"minecraft:stone_pickaxe":184,"minecraft:wooden_pickaxe":23,"minecraft:golden_apple":2,"minecraft:respawn_anchor":1,"minecraft:glow_berries":73,"minecraft:mushroom_stew":2,"minecraft:shears":6,"earthmobsmod:duck_egg":1,"minecraft:dark_oak_log":3,"minecraft:cyan_bed":1,"minecraft:bread":51,"minecraft:melon_slice":5,"minecraft:chainmail_boots":2,"minecraft:bone_meal":30,"minecraft:flint_and_steel":8,"minecraft:spruce_planks":7,"minecraft:cooked_chicken":2,"endrem:lost_eye":1,"minecraft:torch":95,"minecraft:dirt":44,"minecraft:chainmail_chestplate":1,"minecraft:golden_chestplate":1,"minecraft:spruce_fence":2,"minecraft:granite":2,"minecraft:iron_hoe":77,"minecraft:dark_oak_planks":59,"minecraft:waxed_cut_copper":1,"minecraft:iron_axe":169,"minecraft:iron_boots":2,"minecraft:glowstone":1,"tombstone:gift":3,"minecraft:cooked_beef":5,"minecraft:cobbled_deepslate":85,"naturalist:bass":1,"minecraft:wheat_seeds":34,"minecraft:water_bucket":7,"minecraft:polished_andesite":1,"minecraft:crafting_table":11,"minecraft:white_bed":1,"minecraft:cake":1,"minecraft:dark_oak_door":3,"minecraft:apple":1,"minecraft:iron_pickaxe":343,"minecraft:stone_axe":81,"quark:dark_oak_chest":5,"minecraft:cobblestone":81,"minecraft:cooked_porkchop":3,"minecraft:bucket":19,"minecraft:pumpkin_pie":5,"alexsmobs:animal_dictionary":2,"minecraft:candle":2,"minecraft:chainmail_leggings":1},"minecraft:picked_up":{"minecraft:wheat":12,"minecraft:nether_brick_fence":9,"minecraft:flower_pot":1,"tombstone:grave_key":1,"minecraft:golden_sword":1,"minecraft:string":16,"minecraft:red_nether_bricks":4,"minecraft:gold_nugget":1,"minecraft:cobbled_deepslate":88,"earthmobsmod:duck_egg":3,"minecraft:spruce_planks":9,"minecraft:azalea":2,"minecraft:smooth_quartz":41,"minecraft:furnace":1,"minecraft:stick":4,"minecraft:birch_trapdoor":1,"minecraft:big_dripleaf":2,"minecraft:torch":10,"minecraft:spruce_stairs":1,"minecraft:porkchop":9,"tombstone:grave_dust":1,"minecraft:diorite":2,"minecraft:brown_carpet":1,"minecraft:stone_sword":1,"minecraft:rotten_flesh":6,"supplementaries:ash":6,"minecraft:waxed_cut_copper":1,"minecraft:blaze_rod":1,"undead_revamp2:arapholia":1,"minecraft:blaze_powder":1,"minecraft:cobblestone":229,"minecraft:birch_log":8,"minecraft:pink_petals":3,"minecraft:wither_skeleton_skull":1,"minecraft:dirt":98,"minecraft:bone":17,"minecraft:bow":1,"minecraft:wheat_seeds":63,"minecraft:glowstone_dust":72,"minecraft:moss_block":7,"minecraft:oak_planks":7,"minecraft:cooked_porkchop":1,"quark:shale":46,"minecraft:lime_terracotta":3,"minecraft:sand":36,"minecraft:nether_brick_stairs":12,"minecraft:cyan_bed":1,"minecraft:dark_oak_log":102,"minecraft:iron_hoe":1,"minecraft:polished_andesite":3,"minecraft:diamond":7,"minecraft:granite":2,"minecraft:spruce_button":3,"minecraft:emerald":3,"minecraft:oak_leaves":3,"iceandfire:raw_silver":3,"luminousworld:groundpebbles_1":6,"minecraft:crafting_table":4,"iceandfire:witherbone":1,"luminousworld:decorative_brown_2":7,"minecraft:chicken":2,"minecraft:nether_wart":1,"minecraft:clay_ball":28,"mowziesmobs:glowing_jelly":2,"minecraft:chain":1,"quark:dark_oak_chest":1,"minecraft:moss_carpet":3,"minecraft:iron_axe":1,"minecraft:item_frame":3,"minecraft:cyan_carpet":3,"minecraft:candle":2,"minecraft:beef":5,"born_in_chaos_v1:gnawed_bones":1,"minecraft:cyan_wool":10,"minecraft:iron_nugget":36,"luminousworld:decorative_red_1":1,"minecraft:raw_iron":23,"minecraft:stripped_mangrove_wood":2,"luminousworld:blue_petunias":1,"minecraft:bowl":5,"minecraft:spruce_fence":4,"minecraft:carrot":3,"minecraft:dark_oak_planks":19,"luminousworld:decorative_brown_mushroom_1":2,"minecraft:arrow":2,"minecraft:pumpkin_pie":5,"minecraft:nether_bricks":4,"minecraft:hay_block":5,"minecraft:yellow_terracotta":1,"minecraft:glow_berries":23,"minecraft:white_wool":5,"minecraft:skeleton_skull":3,"minecraft:rail":1,"born_in_chaos_v1:corpse_maggot":3,"minecraft:glow_ink_sac":3,"minecraft:leather":2,"minecraft:red_mushroom":19,"minecraft:mushroom_stew":1,"minecraft:oak_log":7,"minecraft:gunpowder":3,"minecraft:red_carpet":1,"minecraft:apple":1,"minecraft:spruce_wood":18,"earthmobsmod:fancy_feather":2,"minecraft:iron_ingot":26,"minecraft:cooked_chicken":2,"minecraft:iron_sword":3,"minecraft:oak_slab":1,"minecraft:warped_fungus":1,"minecraft:chiseled_stone_bricks":1,"minecraft:spruce_sapling":1,"minecraft:nether_brick_slab":1,"minecraft:stone_axe":1,"luminousworld:decorative_red_2":8,"minecraft:dark_oak_wood":3,"minecraft:coal":122},"minecraft:crafted":{"minecraft:cooked_chicken":2,"minecraft:glass":27,"minecraft:dark_oak_door":3,"minecraft:chest":1,"minecraft:respawn_anchor":1,"minecraft:cooked_porkchop":2,"minecraft:crafting_table":7,"minecraft:wooden_pickaxe":1,"minecraft:iron_helmet":1,"minecraft:birch_planks":12,"minecraft:shield":1,"minecraft:stick":48,"minecraft:iron_ingot":21,"minecraft:iron_pickaxe":2,"minecraft:shears":2,"minecraft:furnace":3,"minecraft:bone_meal":45,"minecraft:flint_and_steel":1,"quark:dark_oak_chest":4,"minecraft:iron_axe":1,"minecraft:iron_hoe":1,"minecraft:stone_pickaxe":2,"minecraft:dark_oak_planks":152,"minecraft:cooked_beef":5,"minecraft:iron_sword":3,"minecraft:bucket":1,"minecraft:stone_axe":1,"minecraft:glowstone":22,"minecraft:air":0,"minecraft:bread":7,"minecraft:iron_shovel":1,"minecraft:white_bed":1,"minecraft:torch":68},"minecraft:dropped":{"minecraft:iron_sword":2,"minecraft:stripped_mangrove_wood":2,"minecraft:warped_fungus":1,"minecraft:glow_ink_sac":3,"minecraft:diamond":7,"minecraft:glow_berries":9,"minecraft:dirt":2,"minecraft:chain":1,"minecraft:bone_meal":15,"luminousworld:decorative_red_2":3,"luminousworld:decorative_brown_2":3,"minecraft:cyan_carpet":1,"minecraft:cooked_chicken":2,"quark:shale":31,"minecraft:chiseled_stone_bricks":1,"minecraft:birch_trapdoor":1,"minecraft:skeleton_skull":1,"minecraft:oak_leaves":3,"minecraft:bread":3,"minecraft:cobblestone":58,"minecraft:spruce_button":3,"minecraft:polished_andesite":1,"minecraft:stick":1,"tombstone:grave_key":1,"earthmobsmod:duck_egg":2,"minecraft:nether_wart":1,"minecraft:big_dripleaf":2,"luminousworld:groundpebbles_1":1},"minecraft:killed":{"luminousworld:miner_zombie":1,"minecraft:spider":2,"minecraft:skeleton":4,"luminousworld:dark_oak_skeleton":3,"creeperoverhaul:dark_oak_creeper":1,"minecraft:pig":6,"born_in_chaos_v1:diamond_termite":2,"minecraft:zombie":1,"born_in_chaos_v1:corpse_fly":1,"minecraft:cow":3,"minecraft:blaze":3,"enemyexpansion:direwolf":3,"born_in_chaos_v1:maggot":3,"earthmobsmod:fancy_chicken":2,"minecraft:husk":1,"earthmobsmod:bouldering_zombie":1,"earthmobsmod:cream_cow":1,"undead_revamp2:thesomnolence":2,"iceandfire:ghost":1,"minecraft:wither_skeleton":6},"minecraft:killed_by":{"minecraft:wither_skeleton":3,"alexsmobs:murmur_head":1,"minecraft:zombie":1,"iceandfire:fire_dragon":4,"minecraft:husk":1,"minecraft:player":3,"minecraft:spider":1,"born_in_chaos_v1:bonescaller":1,"mutantmonsters:mutant_skeleton":1,"minecraft:skeleton":2,"iceandfire:ghost":1},"minecraft:mined":{"undead_revamp2:arapholia":1,"minecraft:dark_oak_planks":19,"minecraft:spruce_planks":11,"minecraft:farmland":1,"minecraft:red_nether_bricks":4,"minecraft:cave_vines_plant":3,"minecraft:granite":1,"minecraft:grass_block":64,"luminousworld:decorative_red_2":3,"minecraft:nether_wart":1,"minecraft:chiseled_stone_bricks":1,"minecraft:spawner":1,"minecraft:potted_warped_fungus":1,"luminousworld:decorative_red_1":1,"minecraft:glowstone":24,"minecraft:iron_ore":16,"minecraft:fire":13,"minecraft:moss_carpet":1,"minecraft:nether_brick_stairs":13,"minecraft:cave_vines":4,"minecraft:spruce_wood":19,"luminousworld:decorative_brown_2":3,"minecraft:stripped_mangrove_wood":1,"minecraft:waxed_cut_copper":1,"minecraft:waxed_cut_copper_stairs":1,"minecraft:powder_snow":1,"minecraft:clay":8,"born_in_chaos_v1:infected_deepslate_diamond_ore":1,"minecraft:torch":2,"minecraft:dark_oak_wood":3,"minecraft:mushroom_stem":5,"minecraft:cobblestone":26,"minecraft:cyan_bed":1,"minecraft:oak_planks":9,"minecraft:wall_torch":1,"minecraft:pink_petals":1,"minecraft:skeleton_skull":1,"minecraft:cyan_wool":11,"minecraft:birch_log":8,"minecraft:wheat":8,"minecraft:birch_trapdoor":1,"minecraft:stone_brick_stairs":1,"minecraft:grass":62,"minecraft:oak_log":10,"minecraft:lime_terracotta":3,"minecraft:dirt":35,"minecraft:sand":37,"minecraft:smooth_quartz":44,"luminousworld:grassvariant_3":18,"minecraft:red_mushroom_block":44,"minecraft:oak_leaves":13,"minecraft:deepslate":32,"minecraft:yellow_terracotta":1,"iceandfire:silver_ore":3,"quark:shale":48,"minecraft:dark_oak_leaves":9,"luminousworld:grassvariant_4":3,"minecraft:candle":1,"luminousworld:blue_petunias":1,"minecraft:dark_oak_log":123,"minecraft:nether_bricks":6,"minecraft:spruce_fence":4,"luminousworld:grassvariant_2":25,"luminousworld:decorative_brown_mushroom_1":2,"minecraft:spruce_leaves":10,"minecraft:moss_block":5,"born_in_chaos_v1:gnawed_bones":1,"luminousworld:groundpebbles_3":3,"minecraft:hay_block":5,"minecraft:furnace":1,"minecraft:green_terracotta":1,"minecraft:nether_brick_fence":10,"minecraft:deepslate_iron_ore":3,"minecraft:vine":2,"luminousworld:groundpebbles_2":2,"minecraft:stone":135,"quark:dark_oak_chest":1,"minecraft:crafting_table":5,"minecraft:spruce_button":1,"minecraft:lightning_rod":1,"luminousworld:grassflowers":1,"minecraft:tall_grass":3,"minecraft:sculk":5,"supplementaries:urn":5,"minecraft:spruce_stairs":1,"minecraft:birch_leaves":5,"minecraft:mangrove_slab":2,"minecraft:coal_ore":110,"minecraft:cyan_carpet":4,"minecraft:cobweb":6,"minecraft:polished_andesite":1},"minecraft:custom":{"minecraft:interact_with_crafting_table":59,"minecraft:open_barrel":28,"minecraft:eat_cake_slice":22,"minecraft:leave_game":11,"minecraft:time_since_death":11951,"minecraft:sprint_one_cm":1560668,"minecraft:damage_blocked_by_shield":1850,"minecraft:drop":51,"minecraft:play_time":341566,"minecraft:deaths":26,"minecraft:jump":6787,"minecraft:walk_on_water_one_cm":117478,"minecraft:interact_with_furnace":55,"minecraft:sleep_in_bed":4,"minecraft:damage_dealt":9947,"minecraft:crouch_one_cm":39210,"tombstone:undead_killed":18,"minecraft:mob_kills":48,"minecraft:damage_dealt_resisted":305,"minecraft:climb_one_cm":37124,"minecraft:walk_one_cm":1362070,"minecraft:damage_dealt_absorbed":29,"minecraft:sneak_time":11061,"minecraft:walk_under_water_one_cm":84293,"minecraft:interact_with_blast_furnace":10,"minecraft:total_world_time":341566,"minecraft:time_since_rest":9982,"minecraft:damage_taken":10398,"minecraft:damage_absorbed":70,"minecraft:trigger_trapped_chest":1,"minecraft:swim_one_cm":133399,"minecraft:fly_one_cm":1039944,"minecraft:open_chest":67,"minecraft:fall_one_cm":128644}},"DataVersion":3465}