{"stats":{"minecraft:picked_up":{"minecraft:wheat":150,"minecraft:nether_brick_fence":9,"minecraft:flower_pot":1,"earthmobsmod:fancy_egg":1,"minecraft:turtle_egg":1,"tombstone:grave_key":1,"minecraft:golden_sword":1,"minecraft:raw_copper":8,"minecraft:string":19,"minecraft:dark_oak_trapdoor":1,"minecraft:red_nether_bricks":4,"minecraft:beetroot":1,"minecraft:gold_nugget":1,"minecraft:cobbled_deepslate":88,"earthmobsmod:duck_egg":3,"minecraft:dark_oak_leaves":76,"minecraft:spruce_planks":17,"minecraft:rose_bush":1,"minecraft:calcite":2,"minecraft:azalea":2,"minecraft:smooth_quartz":41,"minecraft:furnace":3,"minecraft:stick":4,"minecraft:birch_trapdoor":1,"minecraft:big_dripleaf":2,"minecraft:torch":12,"minecraft:spruce_stairs":1,"minecraft:porkchop":12,"tombstone:grave_dust":1,"minecraft:diorite":3,"minecraft:brown_carpet":1,"minecraft:stone_sword":1,"minecraft:rotten_flesh":9,"minecraft:waxed_cut_copper":1,"supplementaries:ash":22,"minecraft:blaze_rod":1,"undead_revamp2:arapholia":1,"minecraft:blaze_powder":1,"minecraft:cobblestone":489,"minecraft:birch_log":8,"minecraft:pink_petals":7,"minecraft:andesite":1,"minecraft:wither_skeleton_skull":1,"minecraft:dirt":203,"minecraft:bone":22,"minecraft:bow":1,"minecraft:wheat_seeds":431,"minecraft:glowstone_dust":72,"minecraft:moss_block":7,"minecraft:oak_planks":7,"minecraft:cooked_porkchop":1,"quark:shale":46,"earthmobsmod:harder_flesh":1,"minecraft:lime_terracotta":3,"minecraft:sand":36,"minecraft:nether_brick_stairs":12,"minecraft:cyan_bed":1,"minecraft:dark_oak_log":102,"iceandfire:chared_cobblestone":8,"minecraft:iron_hoe":1,"minecraft:polished_andesite":3,"minecraft:diamond":7,"minecraft:granite":78,"minecraft:bread":5,"minecraft:spruce_button":3,"minecraft:emerald":3,"minecraft:oak_leaves":28,"iceandfire:raw_silver":4,"luminousworld:groundpebbles_1":7,"minecraft:crafting_table":5,"iceandfire:witherbone":2,"luminousworld:decorative_brown_2":7,"minecraft:chicken":4,"minecraft:nether_wart":1,"minecraft:clay_ball":30,"mowziesmobs:glowing_jelly":2,"minecraft:chain":1,"quark:dark_oak_chest":1,"minecraft:moss_carpet":3,"minecraft:iron_axe":1,"minecraft:item_frame":3,"minecraft:cyan_carpet":3,"minecraft:candle":2,"minecraft:beef":5,"minecraft:cyan_wool":10,"born_in_chaos_v1:gnawed_bones":2,"minecraft:player_head":2,"minecraft:iron_nugget":36,"luminousworld:decorative_red_1":1,"minecraft:sugar_cane":2,"minecraft:raw_iron":76,"minecraft:stripped_mangrove_wood":2,"luminousworld:blue_petunias":1,"minecraft:bowl":5,"minecraft:spruce_fence":8,"minecraft:mangrove_sign":2,"minecraft:carrot":3,"minecraft:dark_oak_planks":31,"luminousworld:decorative_brown_mushroom_1":2,"minecraft:arrow":3,"minecraft:beetroot_seeds":3,"minecraft:pumpkin_pie":5,"minecraft:nether_bricks":4,"minecraft:hay_block":12,"minecraft:yellow_terracotta":1,"minecraft:glow_berries":23,"minecraft:mutton":2,"minecraft:white_wool":8,"minecraft:skeleton_skull":3,"minecraft:rail":1,"born_in_chaos_v1:corpse_maggot":3,"minecraft:glow_ink_sac":3,"minecraft:leather":2,"minecraft:red_mushroom":19,"minecraft:mushroom_stew":1,"minecraft:oak_log":44,"minecraft:gunpowder":3,"minecraft:red_carpet":1,"minecraft:apple":1,"minecraft:kelp":5,"earthmobsmod:fancy_feather":5,"minecraft:spruce_wood":18,"minecraft:iron_ingot":26,"minecraft:cooked_chicken":2,"minecraft:iron_sword":3,"iceandfire:chared_stone":5,"minecraft:book":57,"minecraft:oak_slab":1,"minecraft:warped_fungus":1,"minecraft:chiseled_stone_bricks":1,"minecraft:spruce_sapling":1,"minecraft:white_bed":1,"minecraft:nether_brick_slab":1,"minecraft:stone_axe":1,"luminousworld:decorative_red_2":8,"minecraft:dark_oak_wood":4,"minecraft:coal":142},"minecraft:custom":{"minecraft:interact_with_crafting_table":82,"minecraft:open_barrel":41,"minecraft:eat_cake_slice":23,"minecraft:leave_game":27,"minecraft:time_since_death":5276,"minecraft:sprint_one_cm":2666539,"minecraft:damage_blocked_by_shield":2275,"minecraft:drop":116,"minecraft:play_time":555009,"minecraft:deaths":28,"minecraft:jump":10920,"minecraft:walk_on_water_one_cm":141144,"minecraft:interact_with_furnace":73,"minecraft:sleep_in_bed":19,"minecraft:damage_dealt":13531,"minecraft:crouch_one_cm":83116,"tombstone:undead_killed":25,"minecraft:mob_kills":64,"minecraft:damage_dealt_resisted":539,"minecraft:climb_one_cm":63398,"minecraft:walk_one_cm":2080098,"minecraft:damage_dealt_absorbed":29,"minecraft:sneak_time":19535,"minecraft:walk_under_water_one_cm":94710,"minecraft:interact_with_blast_furnace":10,"minecraft:total_world_time":555009,"minecraft:time_since_rest":3709,"minecraft:damage_taken":13133,"minecraft:damage_absorbed":70,"minecraft:trigger_trapped_chest":1,"minecraft:swim_one_cm":215615,"minecraft:fly_one_cm":1710669,"minecraft:open_chest":151,"minecraft:fall_one_cm":215338},"minecraft:broken":{"minecraft:shears":1,"minecraft:stone_pickaxe":1,"minecraft:golden_sword":1,"aether:iron_gloves":1,"minecraft:iron_pickaxe":3,"minecraft:iron_helmet":1},"minecraft:used":{"minecraft:nether_brick_fence":1,"minecraft:iron_shovel":93,"quark:shale":15,"minecraft:oak_sign":1,"minecraft:chest":2,"minecraft:shield":91,"minecraft:iron_sword":488,"minecraft:player_head":1,"minecraft:rotten_flesh":2,"minecraft:carrot":3,"minecraft:glass":27,"born_in_chaos_v1:corpse_maggot":3,"born_in_chaos_v1:smoked_flesh":3,"minecraft:lava_bucket":34,"minecraft:iron_helmet":1,"minecraft:dark_oak_leaves":76,"born_in_chaos_v1:gnawed_bones":1,"minecraft:golden_sword":33,"minecraft:bow":2,"minecraft:furnace":5,"minecraft:skeleton_skull":2,"minecraft:stone_pickaxe":184,"minecraft:oak_planks":5,"minecraft:wooden_pickaxe":23,"minecraft:sugar_cane":2,"minecraft:oak_leaves":25,"minecraft:golden_apple":2,"minecraft:respawn_anchor":1,"minecraft:glow_berries":73,"minecraft:mushroom_stew":2,"minecraft:shears":190,"earthmobsmod:duck_egg":1,"minecraft:dark_oak_log":3,"born_in_chaos_v1:monster_flesh":1,"minecraft:melon_slice":5,"minecraft:bread":113,"minecraft:cyan_bed":1,"minecraft:chainmail_boots":2,"minecraft:bone_meal":30,"minecraft:flint_and_steel":21,"minecraft:spruce_planks":7,"minecraft:cooked_chicken":4,"endrem:lost_eye":1,"minecraft:torch":253,"minecraft:dirt":106,"minecraft:chainmail_chestplate":2,"minecraft:golden_chestplate":1,"minecraft:golden_shovel":13,"minecraft:granite":2,"minecraft:spruce_fence":3,"minecraft:iron_hoe":98,"minecraft:dark_oak_planks":166,"minecraft:waxed_cut_copper":1,"minecraft:iron_axe":199,"minecraft:iron_boots":2,"minecraft:glowstone":1,"minecraft:golden_carrot":4,"tombstone:gift":3,"minecraft:cooked_beef":5,"minecraft:cobbled_deepslate":85,"naturalist:bass":1,"minecraft:wheat_seeds":226,"minecraft:cooked_mutton":2,"minecraft:water_bucket":24,"minecraft:polished_andesite":1,"minecraft:crafting_table":13,"minecraft:white_bed":3,"minecraft:mangrove_sign":2,"minecraft:cake":3,"minecraft:dark_oak_door":3,"minecraft:apple":1,"minecraft:iron_pickaxe":801,"minecraft:stone_axe":132,"quark:dark_oak_chest":7,"minecraft:cobblestone":133,"minecraft:cooked_porkchop":3,"minecraft:bucket":59,"minecraft:pumpkin_pie":9,"alexsmobs:animal_dictionary":2,"minecraft:candle":2,"minecraft:chainmail_leggings":1},"minecraft:dropped":{"minecraft:nether_brick_stairs":12,"minecraft:iron_sword":2,"minecraft:stripped_mangrove_wood":2,"minecraft:warped_fungus":1,"minecraft:glow_ink_sac":3,"minecraft:diamond":7,"minecraft:glow_berries":9,"minecraft:dirt":2,"minecraft:dark_oak_trapdoor":1,"minecraft:chain":1,"minecraft:bone_meal":15,"luminousworld:decorative_red_2":3,"luminousworld:decorative_brown_2":3,"minecraft:cyan_carpet":1,"minecraft:cooked_chicken":2,"minecraft:wheat":1,"quark:shale":31,"minecraft:chiseled_stone_bricks":1,"minecraft:birch_trapdoor":1,"minecraft:skeleton_skull":1,"minecraft:beetroot_seeds":3,"minecraft:oak_leaves":3,"minecraft:bread":8,"minecraft:wheat_seeds":95,"minecraft:cobblestone":58,"minecraft:spruce_button":3,"minecraft:polished_andesite":1,"minecraft:stick":1,"tombstone:grave_key":1,"earthmobsmod:duck_egg":2,"minecraft:nether_brick_slab":1,"minecraft:furnace":1,"minecraft:nether_wart":1,"minecraft:big_dripleaf":2,"luminousworld:groundpebbles_1":1,"earthmobsmod:fancy_feather":3,"minecraft:calcite":2},"minecraft:killed":{"luminousworld:miner_zombie":1,"minecraft:cave_spider":1,"minecraft:spider":2,"minecraft:skeleton":5,"luminousworld:dark_oak_skeleton":3,"creeperoverhaul:dark_oak_creeper":1,"minecraft:pig":7,"born_in_chaos_v1:diamond_termite":2,"minecraft:zombie":1,"born_in_chaos_v1:dread_hound":1,"born_in_chaos_v1:corpse_fly":1,"minecraft:cow":3,"minecraft:blaze":5,"enemyexpansion:direwolf":3,"born_in_chaos_v1:maggot":4,"earthmobsmod:fancy_chicken":4,"born_in_chaos_v1:barrel_zombie":2,"minecraft:husk":3,"earthmobsmod:bouldering_zombie":1,"earthmobsmod:cream_cow":1,"undead_revamp2:thesomnolence":2,"iceandfire:ghost":1,"earthmobsmod:horned_sheep":1,"minecraft:wither_skeleton":8},"minecraft:killed_by":{"minecraft:wither_skeleton":4,"alexsmobs:murmur_head":1,"minecraft:zombie":1,"iceandfire:fire_dragon":4,"minecraft:husk":1,"minecraft:player":3,"minecraft:spider":1,"born_in_chaos_v1:bonescaller":1,"mutantmonsters:mutant_skeleton":1,"minecraft:skeleton":2,"iceandfire:ghost":1},"minecraft:mined":{"undead_revamp2:arapholia":1,"minecraft:spruce_planks":19,"minecraft:white_bed":1,"minecraft:farmland":1,"minecraft:red_nether_bricks":4,"minecraft:cave_vines_plant":3,"minecraft:granite":77,"minecraft:grass_block":109,"luminousworld:decorative_red_2":3,"minecraft:nether_wart":1,"minecraft:chiseled_stone_bricks":1,"minecraft:spawner":1,"minecraft:potted_warped_fungus":1,"luminousworld:decorative_red_1":1,"minecraft:glowstone":24,"minecraft:dark_oak_trapdoor":1,"minecraft:iron_ore":69,"minecraft:fire":67,"minecraft:moss_carpet":1,"minecraft:nether_brick_stairs":13,"minecraft:cave_vines":4,"minecraft:spruce_wood":19,"luminousworld:decorative_brown_2":3,"minecraft:stripped_mangrove_wood":1,"minecraft:player_head":1,"iceandfire:chared_cobblestone":9,"minecraft:waxed_cut_copper":1,"minecraft:waxed_cut_copper_stairs":1,"minecraft:player_wall_head":1,"minecraft:powder_snow":1,"minecraft:clay":8,"born_in_chaos_v1:infected_deepslate_diamond_ore":1,"minecraft:torch":4,"minecraft:dark_oak_wood":4,"minecraft:calcite":4,"minecraft:mushroom_stem":5,"minecraft:cobblestone":31,"minecraft:cyan_bed":1,"minecraft:sugar_cane":1,"minecraft:oak_planks":9,"minecraft:wall_torch":1,"minecraft:skeleton_skull":1,"minecraft:pink_petals":2,"minecraft:cyan_wool":11,"minecraft:birch_log":8,"minecraft:wheat":159,"minecraft:birch_trapdoor":1,"minecraft:stone_brick_stairs":1,"minecraft:grass":67,"minecraft:oak_log":49,"minecraft:beetroots":1,"minecraft:lime_terracotta":3,"minecraft:smooth_quartz":44,"minecraft:sand":37,"minecraft:dirt":122,"luminousworld:grassvariant_3":20,"minecraft:red_mushroom_block":44,"minecraft:oak_leaves":63,"minecraft:deepslate":32,"iceandfire:chared_stone":8,"minecraft:yellow_terracotta":1,"iceandfire:silver_ore":5,"quark:shale":48,"minecraft:dark_oak_leaves":165,"luminousworld:grassvariant_4":3,"minecraft:candle":1,"luminousworld:blue_petunias":1,"minecraft:dark_oak_log":123,"minecraft:nether_bricks":6,"minecraft:spruce_fence":8,"luminousworld:grassvariant_2":27,"luminousworld:decorative_brown_mushroom_1":2,"minecraft:spruce_leaves":10,"minecraft:moss_block":5,"born_in_chaos_v1:gnawed_bones":1,"luminousworld:groundpebbles_3":3,"minecraft:hay_block":12,"luminousworld:sunset_petunias":1,"minecraft:furnace":2,"minecraft:andesite":1,"minecraft:green_terracotta":1,"minecraft:nether_brick_fence":10,"minecraft:bookshelf":21,"minecraft:deepslate_iron_ore":3,"minecraft:vine":2,"luminousworld:groundpebbles_2":2,"minecraft:stone":391,"minecraft:cake":2,"minecraft:glass_pane":2,"quark:dark_oak_chest":1,"minecraft:crafting_table":6,"minecraft:spruce_button":1,"minecraft:lightning_rod":1,"luminousworld:grassflowers":1,"minecraft:tall_grass":3,"minecraft:copper_ore":2,"minecraft:sculk":5,"minecraft:diorite":1,"supplementaries:urn":5,"minecraft:spruce_stairs":1,"minecraft:birch_leaves":5,"minecraft:mangrove_slab":2,"minecraft:coal_ore":128,"minecraft:cyan_carpet":5,"minecraft:cobweb":6,"minecraft:polished_andesite":1,"minecraft:dark_oak_planks":32},"minecraft:crafted":{"minecraft:oak_planks":12,"minecraft:oak_sign":3,"minecraft:cooked_chicken":4,"minecraft:cooked_mutton":2,"minecraft:glass":27,"minecraft:dark_oak_door":3,"minecraft:chest":2,"minecraft:respawn_anchor":1,"minecraft:cooked_porkchop":2,"minecraft:crafting_table":9,"minecraft:wooden_pickaxe":1,"minecraft:iron_helmet":1,"minecraft:birch_planks":16,"minecraft:shield":3,"minecraft:stick":96,"minecraft:iron_ingot":36,"minecraft:iron_pickaxe":4,"minecraft:shears":2,"minecraft:furnace":4,"minecraft:bone_meal":45,"minecraft:flint_and_steel":1,"quark:dark_oak_chest":6,"minecraft:iron_axe":2,"minecraft:iron_hoe":1,"minecraft:stone_pickaxe":2,"minecraft:dark_oak_planks":412,"minecraft:wheat":45,"minecraft:cooked_beef":5,"minecraft:iron_sword":4,"minecraft:bucket":2,"minecraft:stone_axe":1,"minecraft:glowstone":22,"minecraft:bread":67,"minecraft:air":0,"minecraft:iron_shovel":1,"minecraft:white_bed":2,"minecraft:torch":204}},"DataVersion":3465}