{"stats":{"minecraft:broken":{"minecraft:stone_pickaxe":1},"minecraft:killed_by":{"minecraft:player":1,"alexsmobs:murmur_head":1},"minecraft:used":{"minecraft:stone_pickaxe":184,"minecraft:wooden_pickaxe":23,"minecraft:iron_sword":8,"minecraft:glow_berries":49,"minecraft:dirt":4,"minecraft:crafting_table":5,"minecraft:mushroom_stew":1,"minecraft:granite":1,"minecraft:apple":1,"minecraft:bread":18,"minecraft:iron_helmet":1,"minecraft:stone_axe":69,"minecraft:cobblestone":15,"minecraft:furnace":1,"alexsmobs:animal_dictionary":1,"minecraft:pumpkin_pie":5},"minecraft:crafted":{"minecraft:crafting_table":2,"minecraft:wooden_pickaxe":1,"minecraft:iron_helmet":1,"minecraft:iron_sword":1,"minecraft:furnace":1,"minecraft:birch_planks":12,"minecraft:stone_axe":1,"minecraft:air":0,"minecraft:shield":1,"minecraft:iron_axe":1,"minecraft:stick":16,"minecraft:iron_ingot":15,"minecraft:iron_pickaxe":1,"minecraft:stone_pickaxe":2,"minecraft:dark_oak_planks":64},"minecraft:picked_up":{"minecraft:birch_log":3,"minecraft:crafting_table":3,"luminousworld:decorative_brown_2":3,"minecraft:clay_ball":28,"mowziesmobs:glowing_jelly":2,"minecraft:mushroom_stew":1,"tombstone:grave_key":1,"minecraft:chain":1,"minecraft:string":10,"minecraft:dirt":24,"minecraft:moss_carpet":3,"minecraft:apple":1,"minecraft:bow":1,"minecraft:wheat_seeds":1,"minecraft:azalea":2,"minecraft:iron_nugget":29,"luminousworld:decorative_red_1":1,"minecraft:moss_block":7,"minecraft:oak_planks":7,"minecraft:stick":2,"minecraft:raw_iron":15,"quark:shale":45,"minecraft:big_dripleaf":1,"minecraft:bowl":5,"minecraft:spruce_sapling":1,"tombstone:grave_dust":1,"minecraft:dark_oak_log":43,"luminousworld:decorative_brown_mushroom_1":2,"minecraft:rotten_flesh":2,"minecraft:pumpkin_pie":5,"luminousworld:decorative_red_2":3,"minecraft:granite":1,"minecraft:emerald":3,"minecraft:glow_berries":23,"minecraft:coal":46,"iceandfire:raw_silver":3,"minecraft:cobblestone":44},"minecraft:dropped":{"minecraft:cobblestone":2,"minecraft:stick":1,"tombstone:grave_key":1},"minecraft:custom":{"minecraft:interact_with_furnace":16,"minecraft:mob_kills":1,"minecraft:interact_with_crafting_table":18,"minecraft:damage_dealt_resisted":10,"minecraft:eat_cake_slice":7,"minecraft:leave_game":2,"minecraft:time_since_death":11257,"minecraft:climb_one_cm":15303,"minecraft:time_since_rest":8858,"minecraft:sprint_one_cm":286655,"minecraft:damage_taken":1964,"minecraft:walk_one_cm":295785,"minecraft:drop":4,"minecraft:damage_dealt":406,"minecraft:swim_one_cm":29276,"minecraft:fly_one_cm":167758,"minecraft:open_chest":5,"minecraft:crouch_one_cm":16552,"minecraft:play_time":95347,"tombstone:undead_killed":1,"minecraft:deaths":2,"minecraft:sneak_time":5166,"minecraft:walk_under_water_one_cm":34068,"minecraft:jump":1764,"minecraft:walk_on_water_one_cm":42472,"minecraft:total_world_time":95347,"minecraft:fall_one_cm":36041},"minecraft:killed":{"luminousworld:miner_zombie":1},"minecraft:mined":{"iceandfire:silver_ore":3,"minecraft:dark_oak_leaves":8,"quark:shale":47,"minecraft:dark_oak_log":55,"minecraft:clay":8,"minecraft:crafting_table":3,"minecraft:cave_vines_plant":3,"minecraft:granite":1,"minecraft:grass_block":12,"luminousworld:decorative_brown_mushroom_1":2,"minecraft:tall_grass":3,"minecraft:spruce_leaves":10,"luminousworld:decorative_red_2":3,"minecraft:oak_planks":9,"minecraft:moss_block":5,"supplementaries:urn":2,"luminousworld:decorative_red_1":1,"minecraft:birch_log":3,"minecraft:iron_ore":16,"minecraft:moss_carpet":1,"minecraft:grass":2,"minecraft:coal_ore":45,"minecraft:cave_vines":4,"minecraft:dirt":13,"luminousworld:grassvariant_3":1,"minecraft:cobweb":3,"minecraft:red_mushroom_block":2,"luminousworld:decorative_brown_2":3,"minecraft:stone":44,"minecraft:oak_leaves":1}},"DataVersion":3465}