{"stats":{"minecraft:broken":{"minecraft:stone_pickaxe":1},"minecraft:killed_by":{"born_in_chaos_v1:bonescaller":1,"minecraft:player":2,"minecraft:skeleton":1,"alexsmobs:murmur_head":1},"minecraft:used":{"minecraft:stone_pickaxe":184,"minecraft:wooden_pickaxe":23,"minecraft:shield":6,"minecraft:iron_sword":26,"endrem:lost_eye":1,"minecraft:torch":16,"minecraft:glow_berries":53,"minecraft:dirt":9,"minecraft:crafting_table":5,"minecraft:mushroom_stew":1,"minecraft:chainmail_chestplate":1,"minecraft:granite":2,"minecraft:dark_oak_planks":2,"minecraft:apple":1,"minecraft:iron_axe":3,"minecraft:bread":18,"minecraft:melon_slice":5,"minecraft:iron_pickaxe":10,"minecraft:iron_helmet":1,"minecraft:stone_axe":69,"minecraft:cobblestone":15,"minecraft:furnace":1,"tombstone:gift":1,"alexsmobs:animal_dictionary":2,"minecraft:pumpkin_pie":5,"minecraft:cobbled_deepslate":29},"minecraft:crafted":{"minecraft:crafting_table":2,"minecraft:wooden_pickaxe":1,"minecraft:iron_helmet":1,"minecraft:iron_sword":1,"minecraft:furnace":1,"minecraft:birch_planks":12,"minecraft:stone_axe":1,"minecraft:air":0,"minecraft:shield":1,"minecraft:iron_axe":1,"minecraft:stick":16,"minecraft:iron_ingot":21,"minecraft:iron_pickaxe":1,"minecraft:stone_pickaxe":2,"minecraft:torch":16,"minecraft:dark_oak_planks":64},"minecraft:picked_up":{"minecraft:birch_log":3,"minecraft:crafting_table":3,"luminousworld:decorative_brown_2":3,"minecraft:clay_ball":28,"minecraft:glow_ink_sac":3,"mowziesmobs:glowing_jelly":2,"minecraft:mushroom_stew":1,"tombstone:grave_key":1,"minecraft:chain":1,"minecraft:gunpowder":1,"minecraft:dirt":29,"minecraft:string":10,"minecraft:moss_carpet":3,"minecraft:bone":4,"minecraft:apple":1,"minecraft:bow":1,"minecraft:wheat_seeds":1,"minecraft:cobbled_deepslate":59,"minecraft:azalea":2,"minecraft:iron_nugget":29,"luminousworld:decorative_red_1":1,"minecraft:moss_block":7,"minecraft:oak_planks":7,"minecraft:stick":2,"minecraft:raw_iron":23,"minecraft:stripped_mangrove_wood":2,"quark:shale":45,"minecraft:big_dripleaf":1,"minecraft:bowl":5,"minecraft:spruce_sapling":1,"tombstone:grave_dust":1,"minecraft:diorite":2,"minecraft:dark_oak_log":43,"minecraft:dark_oak_planks":1,"luminousworld:decorative_brown_mushroom_1":2,"minecraft:rotten_flesh":2,"minecraft:pumpkin_pie":5,"luminousworld:decorative_red_2":3,"minecraft:granite":2,"minecraft:emerald":3,"supplementaries:ash":5,"minecraft:glow_berries":23,"minecraft:coal":48,"iceandfire:raw_silver":3,"minecraft:cobblestone":116},"minecraft:dropped":{"minecraft:stripped_mangrove_wood":2,"minecraft:glow_ink_sac":3,"minecraft:cobblestone":58,"minecraft:stick":1,"tombstone:grave_key":1,"minecraft:chain":1,"luminousworld:decorative_brown_2":3},"minecraft:custom":{"minecraft:interact_with_furnace":19,"minecraft:mob_kills":5,"minecraft:interact_with_crafting_table":19,"minecraft:open_barrel":8,"minecraft:damage_dealt_resisted":10,"minecraft:eat_cake_slice":15,"minecraft:leave_game":5,"minecraft:time_since_death":3469,"minecraft:climb_one_cm":15798,"minecraft:time_since_rest":1229,"minecraft:sprint_one_cm":518712,"minecraft:damage_taken":3120,"minecraft:walk_one_cm":427497,"minecraft:damage_blocked_by_shield":185,"minecraft:drop":9,"minecraft:damage_dealt":1511,"minecraft:swim_one_cm":57356,"minecraft:fly_one_cm":350601,"minecraft:open_chest":17,"minecraft:crouch_one_cm":18271,"minecraft:play_time":130717,"tombstone:undead_killed":4,"minecraft:deaths":6,"minecraft:sneak_time":5700,"minecraft:walk_under_water_one_cm":70797,"minecraft:jump":2756,"minecraft:interact_with_blast_furnace":7,"minecraft:walk_on_water_one_cm":83113,"minecraft:total_world_time":130717,"minecraft:fall_one_cm":59350},"minecraft:killed":{"luminousworld:miner_zombie":1,"enemyexpansion:direwolf":1,"minecraft:skeleton":1,"luminousworld:dark_oak_skeleton":2},"minecraft:mined":{"minecraft:dark_oak_planks":1,"minecraft:spruce_planks":2,"iceandfire:silver_ore":3,"minecraft:dark_oak_leaves":8,"quark:shale":47,"minecraft:dark_oak_log":55,"minecraft:powder_snow":1,"minecraft:clay":8,"minecraft:crafting_table":3,"minecraft:cave_vines_plant":3,"minecraft:granite":1,"minecraft:grass_block":15,"minecraft:tall_grass":3,"luminousworld:decorative_brown_mushroom_1":2,"minecraft:spruce_leaves":10,"minecraft:oak_planks":9,"minecraft:moss_block":5,"luminousworld:decorative_red_2":3,"minecraft:sculk":5,"supplementaries:urn":4,"luminousworld:decorative_red_1":1,"minecraft:birch_log":3,"minecraft:iron_ore":16,"minecraft:birch_leaves":1,"minecraft:moss_carpet":1,"minecraft:grass":2,"minecraft:coal_ore":47,"minecraft:cave_vines":4,"minecraft:deepslate_iron_ore":3,"minecraft:vine":1,"minecraft:dirt":14,"luminousworld:grassvariant_3":1,"minecraft:cobweb":3,"minecraft:stripped_mangrove_wood":1,"minecraft:stone":47,"minecraft:red_mushroom_block":2,"luminousworld:decorative_brown_2":3,"minecraft:oak_leaves":1,"minecraft:waxed_cut_copper_stairs":1}},"DataVersion":3465}