{"stats":{"minecraft:used":{"minecraft:stone_pickaxe":50,"minecraft:wooden_pickaxe":7,"minecraft:stone_axe":40,"minecraft:glow_berries":35,"minecraft:dirt":3,"minecraft:cobblestone":2,"minecraft:crafting_table":1,"alexsmobs:animal_dictionary":1},"minecraft:crafted":{"minecraft:crafting_table":1,"minecraft:stick":8,"minecraft:wooden_pickaxe":1,"minecraft:stone_pickaxe":1,"minecraft:birch_planks":12,"minecraft:stone_axe":1},"minecraft:picked_up":{"minecraft:birch_log":3,"minecraft:raw_iron":1,"minecraft:stick":1,"minecraft:crafting_table":1,"luminousworld:decorative_brown_2":3,"minecraft:clay_ball":16,"minecraft:dark_oak_log":29,"minecraft:dirt":4,"luminousworld:decorative_brown_mushroom_1":2,"minecraft:granite":1,"luminousworld:decorative_red_2":3,"luminousworld:decorative_red_1":1,"minecraft:glow_berries":15,"minecraft:coal":17,"minecraft:cobblestone":13},"minecraft:custom":{"minecraft:time_since_rest":24063,"minecraft:interact_with_furnace":1,"minecraft:sprint_one_cm":72742,"minecraft:walk_one_cm":106971,"minecraft:damage_taken":100,"minecraft:swim_one_cm":765,"minecraft:interact_with_crafting_table":4,"minecraft:fly_one_cm":31710,"minecraft:crouch_one_cm":5572,"minecraft:play_time":24063,"minecraft:sneak_time":1265,"minecraft:walk_under_water_one_cm":4283,"minecraft:jump":453,"minecraft:time_since_death":24063,"minecraft:walk_on_water_one_cm":5240,"minecraft:climb_one_cm":873,"minecraft:total_world_time":24063,"minecraft:fall_one_cm":9112},"minecraft:mined":{"luminousworld:decorative_red_1":1,"minecraft:dark_oak_leaves":3,"minecraft:birch_log":3,"minecraft:iron_ore":1,"minecraft:dark_oak_log":39,"minecraft:clay":4,"minecraft:crafting_table":1,"minecraft:cave_vines_plant":2,"minecraft:granite":1,"minecraft:grass":1,"minecraft:grass_block":1,"minecraft:coal_ore":18,"minecraft:cave_vines":4,"minecraft:dirt":3,"luminousworld:grassvariant_3":1,"minecraft:tall_grass":1,"luminousworld:decorative_brown_mushroom_1":2,"minecraft:red_mushroom_block":2,"minecraft:stone":14,"luminousworld:decorative_brown_2":3,"luminousworld:decorative_red_2":3,"minecraft:oak_leaves":1}},"DataVersion":3465}