{"stats":{"minecraft:broken":{"minecraft:stone_pickaxe":1},"minecraft:killed_by":{"minecraft:husk":1,"minecraft:player":3,"alexsmobs:murmur_head":1,"born_in_chaos_v1:bonescaller":1,"minecraft:skeleton":1,"iceandfire:ghost":1},"minecraft:used":{"minecraft:flint_and_steel":5,"quark:shale":15,"minecraft:chest":1,"minecraft:shield":49,"minecraft:iron_sword":213,"minecraft:cooked_chicken":1,"minecraft:rotten_flesh":2,"endrem:lost_eye":1,"minecraft:torch":29,"minecraft:dirt":9,"minecraft:chainmail_chestplate":1,"minecraft:carrot":2,"minecraft:granite":2,"minecraft:dark_oak_planks":8,"minecraft:waxed_cut_copper":1,"minecraft:iron_axe":84,"minecraft:iron_helmet":1,"born_in_chaos_v1:gnawed_bones":1,"minecraft:furnace":3,"minecraft:skeleton_skull":2,"tombstone:gift":1,"minecraft:cooked_beef":3,"minecraft:cobbled_deepslate":33,"naturalist:bass":1,"minecraft:water_bucket":2,"minecraft:polished_andesite":1,"minecraft:stone_pickaxe":184,"minecraft:wooden_pickaxe":23,"minecraft:golden_apple":2,"minecraft:glow_berries":62,"minecraft:crafting_table":8,"minecraft:mushroom_stew":2,"minecraft:shears":6,"minecraft:cake":1,"minecraft:dark_oak_door":2,"earthmobsmod:duck_egg":1,"minecraft:apple":1,"minecraft:dark_oak_log":3,"minecraft:cyan_bed":1,"minecraft:bread":21,"minecraft:melon_slice":5,"minecraft:iron_pickaxe":25,"minecraft:stone_axe":81,"quark:dark_oak_chest":2,"minecraft:cobblestone":15,"minecraft:cooked_porkchop":2,"minecraft:bucket":3,"minecraft:pumpkin_pie":5,"alexsmobs:animal_dictionary":2,"minecraft:candle":2},"minecraft:crafted":{"minecraft:cooked_chicken":2,"minecraft:furnace":2,"minecraft:flint_and_steel":1,"quark:dark_oak_chest":1,"minecraft:dark_oak_door":3,"minecraft:iron_axe":1,"minecraft:stone_pickaxe":2,"minecraft:chest":1,"minecraft:dark_oak_planks":140,"minecraft:cooked_beef":5,"minecraft:cooked_porkchop":2,"minecraft:crafting_table":4,"minecraft:wooden_pickaxe":1,"minecraft:iron_helmet":1,"minecraft:iron_sword":1,"minecraft:bucket":1,"minecraft:birch_planks":12,"minecraft:stone_axe":1,"minecraft:bread":3,"minecraft:air":0,"minecraft:shield":1,"minecraft:stick":16,"minecraft:iron_ingot":21,"minecraft:iron_pickaxe":1,"minecraft:torch":16,"minecraft:shears":1},"minecraft:picked_up":{"minecraft:crafting_table":4,"minecraft:chicken":2,"luminousworld:decorative_brown_2":7,"minecraft:flower_pot":1,"minecraft:clay_ball":28,"mowziesmobs:glowing_jelly":2,"quark:dark_oak_chest":1,"minecraft:chain":1,"tombstone:grave_key":1,"minecraft:string":12,"minecraft:moss_carpet":3,"minecraft:cyan_carpet":1,"minecraft:candle":2,"minecraft:cobbled_deepslate":59,"earthmobsmod:duck_egg":3,"minecraft:spruce_planks":1,"minecraft:beef":5,"born_in_chaos_v1:gnawed_bones":1,"minecraft:azalea":2,"minecraft:iron_nugget":36,"luminousworld:decorative_red_1":1,"minecraft:furnace":1,"minecraft:stick":2,"minecraft:raw_iron":23,"minecraft:stripped_mangrove_wood":2,"minecraft:big_dripleaf":2,"minecraft:birch_trapdoor":1,"minecraft:torch":1,"minecraft:bowl":5,"minecraft:spruce_fence":1,"minecraft:porkchop":9,"tombstone:grave_dust":1,"minecraft:diorite":2,"minecraft:carrot":2,"minecraft:dark_oak_planks":1,"minecraft:brown_carpet":1,"luminousworld:decorative_brown_mushroom_1":2,"minecraft:rotten_flesh":4,"minecraft:pumpkin_pie":5,"minecraft:waxed_cut_copper":1,"supplementaries:ash":6,"minecraft:glow_berries":23,"minecraft:skeleton_skull":3,"minecraft:cobblestone":117,"minecraft:birch_log":3,"minecraft:glow_ink_sac":3,"minecraft:leather":2,"minecraft:red_mushroom":19,"minecraft:mushroom_stew":1,"minecraft:gunpowder":1,"minecraft:dirt":31,"minecraft:red_carpet":1,"minecraft:bone":5,"minecraft:apple":1,"minecraft:bow":1,"minecraft:wheat_seeds":1,"minecraft:cooked_chicken":2,"earthmobsmod:fancy_feather":2,"minecraft:moss_block":7,"minecraft:oak_planks":7,"minecraft:oak_slab":1,"minecraft:warped_fungus":1,"minecraft:chiseled_stone_bricks":1,"quark:shale":46,"minecraft:spruce_sapling":1,"minecraft:cyan_bed":1,"minecraft:dark_oak_log":102,"minecraft:polished_andesite":3,"minecraft:granite":2,"luminousworld:decorative_red_2":8,"minecraft:spruce_button":3,"minecraft:emerald":3,"minecraft:coal":55,"minecraft:oak_leaves":3,"iceandfire:raw_silver":3},"minecraft:dropped":{"minecraft:bread":3,"minecraft:stripped_mangrove_wood":2,"minecraft:warped_fungus":1,"minecraft:glow_ink_sac":3,"minecraft:cobblestone":58,"minecraft:glow_berries":9,"minecraft:spruce_button":3,"minecraft:polished_andesite":1,"minecraft:stick":1,"minecraft:dirt":2,"tombstone:grave_key":1,"minecraft:chain":1,"luminousworld:decorative_red_2":3,"earthmobsmod:duck_egg":2,"luminousworld:decorative_brown_2":3,"minecraft:cyan_carpet":1,"minecraft:cooked_chicken":2,"quark:shale":31,"minecraft:chiseled_stone_bricks":1,"minecraft:big_dripleaf":2,"minecraft:birch_trapdoor":1,"minecraft:skeleton_skull":1,"minecraft:oak_leaves":3},"minecraft:custom":{"minecraft:mob_kills":27,"minecraft:interact_with_crafting_table":28,"minecraft:open_barrel":9,"minecraft:damage_dealt_resisted":10,"minecraft:eat_cake_slice":22,"minecraft:leave_game":7,"minecraft:time_since_death":22891,"minecraft:climb_one_cm":32916,"minecraft:sprint_one_cm":888925,"minecraft:walk_one_cm":769304,"minecraft:damage_blocked_by_shield":770,"minecraft:drop":39,"minecraft:play_time":187601,"minecraft:deaths":10,"minecraft:sneak_time":6698,"minecraft:walk_under_water_one_cm":74516,"minecraft:jump":4268,"minecraft:interact_with_blast_furnace":10,"minecraft:walk_on_water_one_cm":92378,"minecraft:total_world_time":187601,"minecraft:interact_with_furnace":31,"minecraft:sleep_in_bed":3,"minecraft:time_since_rest":4879,"minecraft:damage_taken":4905,"minecraft:damage_absorbed":70,"minecraft:trigger_trapped_chest":1,"minecraft:damage_dealt":5538,"minecraft:swim_one_cm":79199,"minecraft:fly_one_cm":631502,"minecraft:open_chest":27,"minecraft:crouch_one_cm":22408,"tombstone:undead_killed":8,"minecraft:fall_one_cm":92724},"minecraft:killed":{"luminousworld:miner_zombie":1,"minecraft:spider":1,"enemyexpansion:direwolf":1,"born_in_chaos_v1:maggot":1,"minecraft:skeleton":2,"luminousworld:dark_oak_skeleton":3,"creeperoverhaul:dark_oak_creeper":1,"earthmobsmod:fancy_chicken":2,"minecraft:husk":1,"minecraft:pig":6,"born_in_chaos_v1:diamond_termite":2,"earthmobsmod:cream_cow":1,"iceandfire:ghost":1,"born_in_chaos_v1:corpse_fly":1,"minecraft:cow":3},"minecraft:mined":{"minecraft:dark_oak_planks":1,"minecraft:spruce_planks":3,"iceandfire:silver_ore":3,"minecraft:dark_oak_leaves":9,"quark:shale":48,"minecraft:candle":1,"minecraft:dark_oak_log":123,"minecraft:cave_vines_plant":3,"minecraft:granite":1,"minecraft:grass_block":16,"minecraft:spruce_fence":1,"luminousworld:grassvariant_2":4,"luminousworld:decorative_brown_mushroom_1":2,"minecraft:spruce_leaves":10,"luminousworld:decorative_red_2":3,"minecraft:moss_block":5,"born_in_chaos_v1:gnawed_bones":1,"minecraft:chiseled_stone_bricks":1,"minecraft:spawner":1,"minecraft:potted_warped_fungus":1,"luminousworld:decorative_red_1":1,"minecraft:furnace":1,"minecraft:iron_ore":16,"minecraft:fire":11,"minecraft:moss_carpet":1,"minecraft:cave_vines":4,"minecraft:deepslate_iron_ore":3,"minecraft:vine":2,"minecraft:stone":47,"luminousworld:decorative_brown_2":3,"minecraft:stripped_mangrove_wood":1,"minecraft:waxed_cut_copper_stairs":1,"minecraft:waxed_cut_copper":1,"quark:dark_oak_chest":1,"minecraft:powder_snow":1,"born_in_chaos_v1:infected_deepslate_diamond_ore":1,"minecraft:clay":8,"minecraft:crafting_table":5,"minecraft:torch":1,"minecraft:spruce_button":1,"minecraft:mushroom_stem":5,"minecraft:lightning_rod":1,"minecraft:tall_grass":3,"minecraft:cobblestone":1,"minecraft:cyan_bed":1,"minecraft:oak_planks":9,"minecraft:sculk":5,"minecraft:skeleton_skull":1,"supplementaries:urn":4,"minecraft:birch_log":3,"minecraft:birch_trapdoor":1,"minecraft:birch_leaves":1,"minecraft:stone_brick_stairs":1,"minecraft:grass":16,"minecraft:mangrove_slab":2,"minecraft:oak_log":3,"minecraft:coal_ore":47,"minecraft:cyan_carpet":2,"minecraft:dirt":15,"luminousworld:grassvariant_3":2,"minecraft:cobweb":4,"minecraft:polished_andesite":1,"minecraft:red_mushroom_block":44,"minecraft:oak_leaves":8}},"DataVersion":3465}