{"stats":{"minecraft:broken":{"aether:iron_gloves":1,"minecraft:stone_pickaxe":1},"minecraft:killed_by":{"minecraft:husk":1,"minecraft:player":3,"minecraft:spider":1,"alexsmobs:murmur_head":1,"born_in_chaos_v1:bonescaller":1,"mutantmonsters:mutant_skeleton":1,"minecraft:skeleton":1,"minecraft:zombie":1,"iceandfire:ghost":1,"iceandfire:fire_dragon":3},"minecraft:used":{"minecraft:iron_shovel":81,"minecraft:flint_and_steel":6,"minecraft:spruce_planks":7,"quark:shale":15,"minecraft:chest":1,"minecraft:shield":78,"minecraft:iron_sword":286,"minecraft:cooked_chicken":2,"minecraft:rotten_flesh":2,"endrem:lost_eye":1,"minecraft:torch":58,"minecraft:dirt":14,"minecraft:chainmail_chestplate":1,"minecraft:carrot":3,"minecraft:granite":2,"minecraft:iron_hoe":77,"minecraft:glass":27,"minecraft:dark_oak_planks":59,"minecraft:waxed_cut_copper":1,"minecraft:iron_axe":161,"minecraft:iron_helmet":1,"minecraft:iron_boots":1,"born_in_chaos_v1:gnawed_bones":1,"minecraft:bow":2,"minecraft:furnace":4,"minecraft:skeleton_skull":2,"tombstone:gift":3,"minecraft:cooked_beef":5,"minecraft:cobbled_deepslate":85,"naturalist:bass":1,"minecraft:wheat_seeds":34,"minecraft:water_bucket":4,"minecraft:stone_pickaxe":184,"minecraft:polished_andesite":1,"minecraft:wooden_pickaxe":23,"minecraft:golden_apple":2,"minecraft:glow_berries":62,"minecraft:crafting_table":9,"minecraft:mushroom_stew":2,"minecraft:white_bed":1,"minecraft:dark_oak_door":3,"minecraft:shears":6,"minecraft:cake":1,"earthmobsmod:duck_egg":1,"minecraft:apple":1,"minecraft:dark_oak_log":3,"minecraft:melon_slice":5,"minecraft:bread":26,"minecraft:cyan_bed":1,"minecraft:iron_pickaxe":248,"minecraft:stone_axe":81,"quark:dark_oak_chest":4,"minecraft:cobblestone":81,"minecraft:chainmail_boots":2,"minecraft:cooked_porkchop":2,"minecraft:bucket":4,"alexsmobs:animal_dictionary":2,"minecraft:pumpkin_pie":5,"minecraft:bone_meal":30,"minecraft:candle":2,"minecraft:chainmail_leggings":1},"minecraft:crafted":{"minecraft:cooked_chicken":2,"minecraft:furnace":3,"minecraft:bone_meal":45,"minecraft:flint_and_steel":1,"quark:dark_oak_chest":3,"minecraft:glass":27,"minecraft:dark_oak_door":3,"minecraft:iron_axe":1,"minecraft:iron_hoe":1,"minecraft:stone_pickaxe":2,"minecraft:chest":1,"minecraft:dark_oak_planks":140,"minecraft:cooked_beef":5,"minecraft:cooked_porkchop":2,"minecraft:crafting_table":5,"minecraft:wooden_pickaxe":1,"minecraft:iron_helmet":1,"minecraft:iron_sword":3,"minecraft:bucket":1,"minecraft:birch_planks":12,"minecraft:stone_axe":1,"minecraft:bread":7,"minecraft:air":0,"minecraft:shield":1,"minecraft:stick":28,"minecraft:iron_ingot":21,"minecraft:iron_pickaxe":1,"minecraft:iron_shovel":1,"minecraft:white_bed":1,"minecraft:torch":48,"minecraft:shears":2},"minecraft:picked_up":{"luminousworld:groundpebbles_1":6,"minecraft:crafting_table":4,"minecraft:wheat":12,"luminousworld:decorative_brown_2":7,"minecraft:chicken":2,"minecraft:flower_pot":1,"minecraft:clay_ball":28,"mowziesmobs:glowing_jelly":2,"tombstone:grave_key":1,"minecraft:chain":1,"quark:dark_oak_chest":1,"minecraft:iron_axe":1,"minecraft:string":12,"minecraft:moss_carpet":3,"minecraft:cyan_carpet":3,"minecraft:candle":2,"minecraft:cobbled_deepslate":59,"earthmobsmod:duck_egg":3,"minecraft:spruce_planks":9,"minecraft:beef":5,"minecraft:cyan_wool":10,"minecraft:smooth_quartz":41,"born_in_chaos_v1:gnawed_bones":1,"minecraft:azalea":2,"minecraft:iron_nugget":36,"luminousworld:decorative_red_1":1,"minecraft:furnace":1,"minecraft:stick":4,"minecraft:raw_iron":23,"minecraft:stripped_mangrove_wood":2,"luminousworld:blue_petunias":1,"minecraft:birch_trapdoor":1,"minecraft:big_dripleaf":2,"minecraft:torch":3,"minecraft:bowl":5,"minecraft:spruce_stairs":1,"minecraft:spruce_fence":1,"minecraft:porkchop":9,"tombstone:grave_dust":1,"minecraft:diorite":2,"minecraft:carrot":3,"minecraft:dark_oak_planks":19,"minecraft:brown_carpet":1,"luminousworld:decorative_brown_mushroom_1":2,"minecraft:arrow":2,"minecraft:rotten_flesh":6,"minecraft:pumpkin_pie":5,"supplementaries:ash":6,"minecraft:waxed_cut_copper":1,"minecraft:glow_berries":23,"undead_revamp2:arapholia":1,"minecraft:skeleton_skull":3,"minecraft:white_wool":5,"minecraft:cobblestone":227,"minecraft:birch_log":8,"born_in_chaos_v1:corpse_maggot":2,"minecraft:glow_ink_sac":3,"minecraft:leather":2,"minecraft:red_mushroom":19,"minecraft:mushroom_stew":1,"minecraft:oak_log":7,"minecraft:gunpowder":1,"minecraft:dirt":70,"minecraft:red_carpet":1,"minecraft:bone":7,"minecraft:apple":1,"minecraft:bow":1,"minecraft:spruce_wood":18,"minecraft:wheat_seeds":34,"earthmobsmod:fancy_feather":2,"minecraft:cooked_chicken":2,"minecraft:moss_block":7,"minecraft:iron_sword":2,"minecraft:oak_planks":7,"minecraft:oak_slab":1,"minecraft:warped_fungus":1,"quark:shale":46,"minecraft:chiseled_stone_bricks":1,"minecraft:sand":36,"minecraft:spruce_sapling":1,"minecraft:cyan_bed":1,"minecraft:dark_oak_log":102,"minecraft:iron_hoe":1,"minecraft:polished_andesite":3,"minecraft:diamond":7,"luminousworld:decorative_red_2":8,"minecraft:granite":2,"minecraft:emerald":3,"minecraft:spruce_button":3,"minecraft:dark_oak_wood":3,"minecraft:coal":118,"minecraft:oak_leaves":3,"iceandfire:raw_silver":3},"minecraft:dropped":{"minecraft:bread":3,"minecraft:iron_sword":2,"minecraft:stripped_mangrove_wood":2,"minecraft:warped_fungus":1,"minecraft:glow_ink_sac":3,"minecraft:diamond":7,"minecraft:cobblestone":58,"minecraft:glow_berries":9,"minecraft:spruce_button":3,"minecraft:polished_andesite":1,"minecraft:stick":1,"minecraft:dirt":2,"tombstone:grave_key":1,"minecraft:chain":1,"luminousworld:decorative_red_2":3,"earthmobsmod:duck_egg":2,"luminousworld:decorative_brown_2":3,"minecraft:cyan_carpet":1,"minecraft:cooked_chicken":2,"quark:shale":31,"minecraft:chiseled_stone_bricks":1,"minecraft:big_dripleaf":2,"minecraft:birch_trapdoor":1,"minecraft:skeleton_skull":1,"luminousworld:groundpebbles_1":1,"minecraft:oak_leaves":3},"minecraft:custom":{"minecraft:mob_kills":36,"minecraft:interact_with_crafting_table":40,"minecraft:open_barrel":9,"minecraft:damage_dealt_resisted":305,"minecraft:eat_cake_slice":22,"minecraft:leave_game":10,"minecraft:time_since_death":6182,"minecraft:climb_one_cm":32916,"minecraft:sprint_one_cm":1111858,"minecraft:walk_one_cm":1003148,"minecraft:damage_blocked_by_shield":1660,"minecraft:drop":49,"minecraft:play_time":262014,"minecraft:sneak_time":9707,"minecraft:deaths":18,"minecraft:walk_under_water_one_cm":77603,"minecraft:jump":5326,"minecraft:interact_with_blast_furnace":10,"minecraft:walk_on_water_one_cm":97132,"minecraft:total_world_time":262014,"minecraft:interact_with_furnace":54,"minecraft:sleep_in_bed":4,"minecraft:time_since_rest":4040,"minecraft:damage_taken":7354,"minecraft:damage_absorbed":70,"minecraft:trigger_trapped_chest":1,"minecraft:damage_dealt":7547,"minecraft:swim_one_cm":112585,"minecraft:fly_one_cm":805674,"minecraft:open_chest":48,"minecraft:crouch_one_cm":35688,"tombstone:undead_killed":12,"minecraft:fall_one_cm":108674},"minecraft:killed":{"luminousworld:miner_zombie":1,"minecraft:spider":2,"enemyexpansion:direwolf":2,"born_in_chaos_v1:maggot":3,"minecraft:skeleton":4,"luminousworld:dark_oak_skeleton":3,"creeperoverhaul:dark_oak_creeper":1,"earthmobsmod:fancy_chicken":2,"minecraft:husk":1,"earthmobsmod:bouldering_zombie":1,"minecraft:pig":6,"born_in_chaos_v1:diamond_termite":2,"earthmobsmod:cream_cow":1,"minecraft:zombie":1,"iceandfire:ghost":1,"born_in_chaos_v1:corpse_fly":1,"minecraft:cow":3},"minecraft:mined":{"undead_revamp2:arapholia":1,"minecraft:dark_oak_planks":19,"minecraft:spruce_planks":11,"minecraft:farmland":1,"iceandfire:silver_ore":3,"luminousworld:grassvariant_4":3,"minecraft:dark_oak_leaves":9,"quark:shale":48,"minecraft:candle":1,"luminousworld:blue_petunias":1,"minecraft:dark_oak_log":123,"minecraft:cave_vines_plant":3,"minecraft:granite":1,"minecraft:grass_block":50,"minecraft:spruce_fence":1,"luminousworld:grassvariant_2":25,"luminousworld:decorative_brown_mushroom_1":2,"minecraft:spruce_leaves":10,"minecraft:moss_block":5,"luminousworld:decorative_red_2":3,"born_in_chaos_v1:gnawed_bones":1,"luminousworld:groundpebbles_3":3,"minecraft:chiseled_stone_bricks":1,"minecraft:spawner":1,"minecraft:potted_warped_fungus":1,"luminousworld:decorative_red_1":1,"minecraft:furnace":1,"minecraft:iron_ore":16,"minecraft:fire":11,"minecraft:moss_carpet":1,"minecraft:cave_vines":4,"minecraft:deepslate_iron_ore":3,"minecraft:vine":2,"minecraft:spruce_wood":19,"luminousworld:groundpebbles_2":2,"minecraft:stripped_mangrove_wood":1,"minecraft:stone":134,"luminousworld:decorative_brown_2":3,"minecraft:waxed_cut_copper":1,"minecraft:waxed_cut_copper_stairs":1,"quark:dark_oak_chest":1,"minecraft:powder_snow":1,"born_in_chaos_v1:infected_deepslate_diamond_ore":1,"minecraft:clay":8,"minecraft:crafting_table":5,"minecraft:torch":2,"minecraft:dark_oak_wood":3,"minecraft:spruce_button":1,"luminousworld:grassflowers":1,"minecraft:mushroom_stem":5,"minecraft:tall_grass":3,"minecraft:lightning_rod":1,"minecraft:cobblestone":25,"minecraft:cyan_bed":1,"minecraft:oak_planks":9,"minecraft:wall_torch":1,"minecraft:sculk":5,"minecraft:skeleton_skull":1,"supplementaries:urn":4,"minecraft:spruce_stairs":1,"minecraft:cyan_wool":11,"minecraft:wheat":8,"minecraft:birch_log":8,"minecraft:birch_trapdoor":1,"minecraft:birch_leaves":4,"minecraft:stone_brick_stairs":1,"minecraft:grass":62,"minecraft:mangrove_slab":2,"minecraft:oak_log":10,"minecraft:coal_ore":110,"minecraft:smooth_quartz":44,"minecraft:cyan_carpet":4,"minecraft:sand":37,"minecraft:dirt":19,"luminousworld:grassvariant_3":18,"minecraft:cobweb":4,"minecraft:red_mushroom_block":44,"minecraft:polished_andesite":1,"minecraft:oak_leaves":13}},"DataVersion":3465}