{"stats":{"minecraft:killed_by":{"minecraft:player":1},"minecraft:used":{"minecraft:apple":1,"minecraft:bread":14,"minecraft:stone_pickaxe":81,"minecraft:wooden_pickaxe":7,"minecraft:stone_axe":57,"minecraft:glow_berries":43,"minecraft:dirt":4,"minecraft:cobblestone":12,"minecraft:crafting_table":1,"alexsmobs:animal_dictionary":1,"minecraft:granite":1},"minecraft:crafted":{"minecraft:crafting_table":1,"minecraft:stick":8,"minecraft:wooden_pickaxe":1,"minecraft:stone_pickaxe":1,"minecraft:birch_planks":12,"minecraft:stone_axe":1},"minecraft:picked_up":{"minecraft:birch_log":3,"minecraft:raw_iron":1,"minecraft:stick":2,"minecraft:crafting_table":1,"luminousworld:decorative_brown_2":3,"minecraft:clay_ball":16,"mowziesmobs:glowing_jelly":2,"minecraft:chain":1,"minecraft:spruce_sapling":1,"tombstone:grave_key":1,"tombstone:grave_dust":1,"minecraft:dark_oak_log":43,"minecraft:dirt":14,"luminousworld:decorative_brown_mushroom_1":2,"minecraft:apple":1,"minecraft:bow":1,"minecraft:granite":1,"luminousworld:decorative_red_2":3,"luminousworld:decorative_red_1":1,"minecraft:glow_berries":19,"minecraft:coal":29,"iceandfire:raw_silver":3,"minecraft:cobblestone":21},"minecraft:dropped":{"tombstone:grave_key":1,"minecraft:cobblestone":2,"minecraft:stick":1},"minecraft:custom":{"minecraft:time_since_rest":19864,"minecraft:interact_with_furnace":1,"minecraft:sprint_one_cm":195359,"minecraft:damage_taken":1152,"minecraft:walk_one_cm":229920,"minecraft:drop":4,"minecraft:damage_dealt":148,"minecraft:swim_one_cm":26432,"minecraft:interact_with_crafting_table":8,"minecraft:fly_one_cm":110057,"minecraft:open_chest":3,"minecraft:crouch_one_cm":10947,"minecraft:play_time":59651,"minecraft:deaths":1,"minecraft:sneak_time":2695,"minecraft:walk_under_water_one_cm":12909,"minecraft:eat_cake_slice":7,"minecraft:damage_dealt_resisted":10,"minecraft:jump":1237,"minecraft:leave_game":1,"minecraft:time_since_death":22263,"minecraft:walk_on_water_one_cm":18394,"minecraft:total_world_time":59651,"minecraft:climb_one_cm":1450,"minecraft:fall_one_cm":26777},"minecraft:mined":{"luminousworld:decorative_red_1":1,"iceandfire:silver_ore":3,"minecraft:dark_oak_leaves":8,"minecraft:birch_log":3,"minecraft:iron_ore":1,"minecraft:dark_oak_log":55,"minecraft:clay":4,"minecraft:crafting_table":1,"minecraft:cave_vines_plant":2,"minecraft:granite":1,"minecraft:grass":1,"minecraft:grass_block":7,"minecraft:coal_ore":30,"minecraft:cave_vines":4,"minecraft:dirt":8,"luminousworld:grassvariant_3":1,"luminousworld:decorative_brown_mushroom_1":2,"minecraft:tall_grass":1,"minecraft:spruce_leaves":10,"minecraft:red_mushroom_block":2,"luminousworld:decorative_brown_2":3,"minecraft:stone":21,"luminousworld:decorative_red_2":3,"minecraft:oak_leaves":1}},"DataVersion":3465}