{"stats":{"minecraft:picked_up":{"minecraft:pink_petals":128,"born_in_chaos_v1:corpse_maggot":5,"minecraft:iron_chestplate":1,"minecraft:oak_log":2,"supplementaries:flax_seeds":164,"minecraft:gunpowder":1,"minecraft:dirt":157,"tombstone:gift":1,"minecraft:beetroot":36,"minecraft:wheat_seeds":5,"securitycraft:universal_block_reinforcer_lvl1":1,"minecraft:sugar_cane":12,"minecraft:stick":6,"minecraft:raw_iron":10,"minecraft:cooked_porkchop":3,"minecraft:torch":2,"minecraft:cherry_log":4,"minecraft:carrot":643,"supplementaries:flax":69,"alexsmobs:animal_dictionary":1,"minecraft:arrow":4,"minecraft:beetroot_seeds":114,"minecraft:pumpkin_pie":2,"minecraft:carved_pumpkin":1,"minecraft:bread":24,"minecraft:glistering_melon_slice":12,"minecraft:emerald":4,"supplementaries:ash":1,"minecraft:oak_sapling":2,"undead_revamp2:bostroxsword":1,"minecraft:cobblestone":9},"minecraft:custom":{"minecraft:interact_with_furnace":1,"minecraft:interact_with_crafting_table":6,"minecraft:open_barrel":1,"minecraft:interact_with_loom":2,"minecraft:leave_game":1,"minecraft:time_since_death":29794,"minecraft:sleep_in_bed":2,"minecraft:climb_one_cm":1287,"minecraft:time_since_rest":25475,"minecraft:sprint_one_cm":199090,"minecraft:damage_taken":1739,"minecraft:walk_one_cm":412526,"minecraft:drop":87,"minecraft:damage_dealt":493,"minecraft:player_kills":1,"minecraft:fly_one_cm":33154,"minecraft:open_chest":7,"minecraft:crouch_one_cm":1976,"minecraft:play_time":69210,"minecraft:deaths":5,"minecraft:sneak_time":494,"tombstone:tomb_raiding":2,"minecraft:jump":949,"minecraft:walk_on_water_one_cm":119,"minecraft:total_world_time":69210,"minecraft:fall_one_cm":12944},"minecraft:used":{"undead_revamp2:bostroxsword":357,"minecraft:wooden_pickaxe":5,"minecraft:dirt":107,"minecraft:carrot":38,"minecraft:oak_log":1,"born_in_chaos_v1:corpse_maggot":2,"minecraft:pink_petals":1,"minecraft:cobblestone":2,"supplementaries:ash":1,"tombstone:gift":2,"alexsmobs:animal_dictionary":1},"minecraft:dropped":{"undead_revamp2:huntereye":1,"minecraft:bread":32,"minecraft:iron_sword":1,"minecraft:sugar_cane":18,"minecraft:wheat_seeds":1,"alexsmobs:animal_dictionary":2,"minecraft:minecart":1,"minecraft:cooked_porkchop":3,"minecraft:raw_iron":12,"tombstone:gift":1,"minecraft:beetroot":6,"minecraft:iron_helmet":1,"minecraft:cobblestone":4,"minecraft:iron_boots":1,"minecraft:glowstone_dust":21,"sophisticatedbackpacks:backpack":1,"minecraft:saddle":1,"minecraft:totem_of_undying":1,"minecraft:shears":1,"minecraft:carrot":634,"minecraft:mushroom_stew":1,"minecraft:chainmail_chestplate":1,"minecraft:stick":6,"minecraft:diamond_sword":1,"minecraft:dirt":4,"supplementaries:ash":1,"minecraft:shield":1,"minecraft:gunpowder":13,"artifacts:superstitious_hat":1,"minecraft:torch":11,"minecraft:beetroot_seeds":4,"minecraft:cake":1,"born_in_chaos_v1:corpse_maggot":3,"minecraft:carved_pumpkin":2,"tombstone:grave_dust":1,"minecraft:pumpkin_pie":2,"minecraft:arrow":8,"minecraft:iron_pickaxe":2,"minecraft:glistering_melon_slice":15,"securitycraft:universal_block_reinforcer_lvl1":2,"securitycraft:sc_manual":1,"minecraft:pink_petals":37,"minecraft:bucket":1},"minecraft:killed_by":{"minecraft:spider":1,"iceandfire:ghost":3},"minecraft:mined":{"minecraft:cherry_log":4,"minecraft:grass_block":99,"minecraft:wall_torch":1,"minecraft:pink_petals":38,"minecraft:carrots":28,"supplementaries:flax":73,"minecraft:grass":26,"minecraft:oak_log":2,"minecraft:beetroots":39,"minecraft:dirt":83,"minecraft:stone":5,"minecraft:oak_leaves":58},"minecraft:crafted":{"minecraft:cherry_planks":8,"minecraft:oak_planks":4,"minecraft:wooden_pickaxe":1,"minecraft:stick":4,"minecraft:stone_pickaxe":1}},"DataVersion":3465}