{"stats":{"minecraft:picked_up":{"minecraft:pink_petals":14,"minecraft:beetroot_seeds":3,"minecraft:wheat_seeds":1,"alexsmobs:animal_dictionary":1,"minecraft:dirt":15},"minecraft:custom":{"minecraft:time_since_rest":13511,"minecraft:open_chest":2,"minecraft:crouch_one_cm":928,"minecraft:play_time":13511,"minecraft:sprint_one_cm":23389,"minecraft:damage_taken":153,"minecraft:walk_one_cm":85289,"minecraft:sneak_time":236,"minecraft:drop":5,"tombstone:tomb_raiding":1,"minecraft:jump":251,"minecraft:time_since_death":13511,"minecraft:climb_one_cm":416,"minecraft:total_world_time":13511,"minecraft:interact_with_crafting_table":1,"minecraft:fall_one_cm":3582,"minecraft:fly_one_cm":3401},"minecraft:dropped":{"alexsmobs:animal_dictionary":2,"minecraft:pink_petals":1,"minecraft:beetroot_seeds":2},"minecraft:used":{"minecraft:pink_petals":1,"minecraft:dirt":15,"minecraft:carrot":10,"alexsmobs:animal_dictionary":1},"minecraft:mined":{"minecraft:pink_petals":6,"minecraft:grass":6,"minecraft:grass_block":8,"minecraft:dirt":7}},"DataVersion":3465}