{"stats":{"minecraft:used":{"minecraft:wooden_axe":28,"minecraft:wooden_sword":2,"minecraft:crafting_table":2,"alexsmobs:animal_dictionary":2},"minecraft:crafted":{"minecraft:wooden_sword":2,"minecraft:crafting_table":1,"minecraft:spruce_planks":28,"minecraft:stick":20,"minecraft:wooden_pickaxe":1,"minecraft:wooden_axe":1},"minecraft:picked_up":{"minecraft:stick":4,"minecraft:crafting_table":2,"minecraft:spruce_planks":1,"minecraft:spruce_sapling":1,"minecraft:spruce_log":9,"minecraft:dark_oak_log":21},"minecraft:dropped":{"minecraft:wooden_sword":1,"minecraft:spruce_planks":2,"minecraft:stick":1},"minecraft:custom":{"minecraft:time_since_rest":11891,"minecraft:crouch_one_cm":540,"minecraft:sprint_one_cm":8150,"minecraft:play_time":11891,"minecraft:damage_taken":56,"minecraft:walk_one_cm":15969,"minecraft:sneak_time":188,"minecraft:drop":4,"minecraft:jump":90,"minecraft:damage_dealt":62,"minecraft:time_since_death":11891,"minecraft:total_world_time":11891,"minecraft:fall_one_cm":2736,"minecraft:interact_with_crafting_table":3,"minecraft:fly_one_cm":5790},"minecraft:mined":{"minecraft:dark_oak_leaves":17,"minecraft:dark_oak_log":22,"minecraft:spruce_leaves":3,"minecraft:spruce_log":9,"minecraft:crafting_table":2}},"DataVersion":3465}