{"stats":{"minecraft:broken":{"minecraft:stone_pickaxe":1,"minecraft:stone_axe":1,"minecraft:iron_sword":1,"minecraft:stone_sword":1},"minecraft:killed_by":{"undead_revamp2:sucker":1,"minecraft:creeper":1,"minecraft:cave_spider":1},"minecraft:used":{"minecraft:beetroot":3,"minecraft:diamond_hoe":44,"minecraft:chest":1,"minecraft:shield":96,"minecraft:iron_sword":474,"minecraft:player_head":4,"minecraft:rotten_flesh":2,"minecraft:carrot":38,"born_in_chaos_v1:corpse_maggot":4,"minecraft:glass":4,"minecraft:stone_bricks":3,"minecraft:furnace":1,"minecraft:beetroot_seeds":7,"minecraft:torchflower":1,"minecraft:stone_pickaxe":131,"minecraft:oak_planks":8,"minecraft:wooden_pickaxe":56,"minecraft:glow_berries":11,"minecraft:pitcher_pod":6,"minecraft:mushroom_stew":1,"minecraft:shears":3,"earthmobsmod:duck_egg":1,"minecraft:cyan_bed":3,"minecraft:bread":28,"minecraft:melon_slice":1,"supplementaries:flax_seeds":3,"minecraft:torchflower_seeds":5,"minecraft:stone_sword":130,"born_in_chaos_v1:ethereal_spirit":2,"minecraft:stick":1,"minecraft:torch":115,"minecraft:dirt":38,"quark:framed_glass":5,"minecraft:wooden_axe":47,"minecraft:dark_oak_planks":216,"alexsmobs:maggot":1,"minecraft:iron_axe":79,"minecraft:melon_seeds":8,"tombstone:gift":8,"minecraft:light_gray_bed":1,"minecraft:wheat_seeds":9,"minecraft:water_bucket":1,"minecraft:crafting_table":12,"minecraft:campfire":1,"tombstone:tablet_of_home":3,"minecraft:dark_oak_door":4,"tombstone:bag_of_seeds":4,"minecraft:apple":1,"minecraft:iron_pickaxe":135,"minecraft:stone_axe":112,"minecraft:cobblestone":54,"minecraft:potion":3,"minecraft:cooked_porkchop":3,"minecraft:red_banner":2,"minecraft:bucket":1,"minecraft:pumpkin_pie":4,"quark:oak_chest":3,"alexsmobs:animal_dictionary":6},"minecraft:crafted":{"minecraft:oak_planks":80,"aether:golden_gloves":1,"minecraft:glass":11,"minecraft:dark_oak_door":3,"minecraft:iron_boots":2,"quark:blossom_planks":24,"minecraft:crafting_table":9,"minecraft:spruce_planks":16,"minecraft:wooden_pickaxe":1,"minecraft:iron_helmet":2,"minecraft:campfire":1,"minecraft:iron_chestplate":2,"minecraft:shield":2,"minecraft:stick":80,"quark:oak_chest":3,"minecraft:iron_ingot":28,"minecraft:iron_pickaxe":2,"minecraft:stone_sword":1,"minecraft:gold_ingot":6,"minecraft:shears":1,"minecraft:wooden_sword":1,"minecraft:furnace":1,"quark:framed_glass":4,"minecraft:iron_axe":1,"minecraft:iron_hoe":1,"minecraft:stone_pickaxe":1,"minecraft:dark_oak_planks":316,"minecraft:wheat":45,"minecraft:iron_sword":3,"minecraft:bucket":1,"minecraft:stone_axe":1,"minecraft:air":0,"minecraft:bread":15,"minecraft:wooden_axe":2,"minecraft:iron_leggings":1,"minecraft:torch":116},"minecraft:picked_up":{"minecraft:birch_door":2,"minecraft:flower_pot":2,"minecraft:potion":1,"minecraft:brewing_stand":1,"minecraft:polished_deepslate_wall":1,"minecraft:polished_deepslate":4,"minecraft:string":10,"minecraft:soul_soil":1,"minecraft:raw_copper":29,"minecraft:red_nether_bricks":6,"minecraft:iron_leggings":1,"minecraft:armor_stand":2,"minecraft:beetroot":2,"earthmobsmod:duck_egg":1,"minecraft:bucket":2,"minecraft:calcite":12,"quark:black_shard":4,"minecraft:smooth_quartz_stairs":1,"minecraft:dark_oak_door":1,"minecraft:stick":1,"minecraft:torch":6,"quark:blossom_log":6,"tombstone:grave_dust":3,"minecraft:pointed_dripstone":13,"born_in_chaos_v1:nightmare_claw":1,"supplementaries:flax":1,"minecraft:cauldron":1,"minecraft:light_gray_bed":1,"quark:clear_shard":15,"minecraft:rotten_flesh":17,"supplementaries:ash":1,"minecraft:iron_bars":2,"minecraft:cobblestone":171,"minecraft:pink_petals":5,"minecraft:leather_chestplate":1,"alexsmobs:bison_fur":1,"luminousworld:purple_petunias":2,"supplementaries:flax_seeds":1,"minecraft:map":1,"minecraft:dirt":55,"minecraft:mangrove_slab":2,"born_in_chaos_v1:monster_skin":3,"minecraft:bone":8,"minecraft:wheat_seeds":9,"minecraft:dark_oak_sign":1,"minecraft:oak_planks":18,"minecraft:pitcher_pod":1,"minecraft:cooked_porkchop":3,"minecraft:sand":10,"minecraft:cyan_bed":3,"minecraft:dark_oak_log":82,"minecraft:spruce_button":1,"minecraft:bread":3,"minecraft:emerald":1,"iceandfire:raw_silver":3,"minecraft:charcoal":10,"luminousworld:groundpebbles_1":5,"minecraft:crafting_table":3,"minecraft:chicken":1,"born_in_chaos_v1:seedof_chaos":1,"minecraft:brown_mushroom":1,"minecraft:cornflower":1,"minecraft:item_frame":1,"minecraft:candle":4,"minecraft:beef":13,"minecraft:player_head":4,"luminousworld:decorative_red_1":2,"minecraft:chest":2,"minecraft:diamond_hoe":1,"minecraft:egg":1,"minecraft:dark_oak_sapling":1,"minecraft:polished_deepslate_slab":1,"minecraft:stripped_mangrove_wood":5,"minecraft:raw_iron":1,"minecraft:carrot":6,"minecraft:mangrove_trapdoor":1,"minecraft:dark_oak_planks":51,"minecraft:arrow":6,"minecraft:beetroot_seeds":5,"minecraft:hay_block":6,"minecraft:stripped_dark_oak_wood":3,"quark:framed_glass":1,"minecraft:glow_berries":9,"minecraft:mutton":1,"minecraft:white_wool":1,"minecraft:skeleton_skull":1,"born_in_chaos_v1:fused_bone":2,"born_in_chaos_v1:corpse_maggot":3,"born_in_chaos_v1:monster_flesh":3,"minecraft:torchflower":1,"minecraft:oak_log":19,"minecraft:apple":1,"minecraft:stone_bricks":3,"minecraft:rabbit_hide":4,"tombstone:bag_of_seeds":1,"minecraft:flowering_azalea":1,"minecraft:book":63,"minecraft:torchflower_seeds":2,"minecraft:dripstone_block":26,"minecraft:red_banner":2,"minecraft:spruce_log":4,"minecraft:spider_eye":4,"minecraft:oak_wood":3,"minecraft:gray_wool":6,"minecraft:melon_seeds":1,"minecraft:coal":55,"minecraft:sunflower":7},"minecraft:dropped":{"minecraft:oak_log":1,"minecraft:glass_bottle":1,"minecraft:dark_oak_sapling":1,"luminousworld:decorative_red_1":2,"minecraft:dirt":4,"minecraft:dark_oak_log":1,"minecraft:mutton":1,"minecraft:stripped_dark_oak_wood":3,"minecraft:wooden_sword":1,"minecraft:glistering_melon_slice":3,"minecraft:white_wool":1,"minecraft:bone":4,"minecraft:armor_stand":2,"minecraft:rotten_flesh":14,"minecraft:rabbit_hide":4,"supplementaries:ash":1,"minecraft:chest":1,"minecraft:red_nether_bricks":5,"minecraft:iron_bars":2,"minecraft:egg":1,"minecraft:bread":6,"minecraft:smooth_quartz_stairs":1,"minecraft:cobblestone":18,"minecraft:coal":6,"minecraft:mushroom_stew":1,"minecraft:stick":15,"tombstone:grave_key":1,"tombstone:grave_dust":1,"minecraft:potion":2,"minecraft:flowering_azalea":1,"minecraft:pink_petals":5,"minecraft:polished_deepslate_wall":1,"minecraft:bucket":2,"minecraft:polished_deepslate":1,"minecraft:soul_soil":1,"minecraft:dark_oak_sign":1,"minecraft:polished_deepslate_slab":1,"minecraft:flower_pot":1},"minecraft:custom":{"minecraft:interact_with_crafting_table":50,"minecraft:open_barrel":18,"minecraft:eat_cake_slice":2,"minecraft:leave_game":4,"minecraft:time_since_death":57073,"minecraft:damage_resisted":75,"minecraft:sprint_one_cm":498218,"minecraft:damage_blocked_by_shield":2037,"minecraft:drop":56,"minecraft:play_time":280033,"minecraft:deaths":5,"minecraft:jump":3013,"minecraft:interact_with_brewingstand":1,"minecraft:walk_on_water_one_cm":12242,"minecraft:interact_with_furnace":22,"minecraft:sleep_in_bed":13,"minecraft:damage_dealt":11437,"minecraft:crouch_one_cm":8418,"tombstone:undead_killed":21,"minecraft:mob_kills":49,"minecraft:damage_dealt_resisted":7,"minecraft:climb_one_cm":3135,"minecraft:walk_one_cm":870323,"minecraft:sneak_time":4230,"minecraft:walk_under_water_one_cm":5829,"minecraft:interact_with_blast_furnace":10,"minecraft:total_world_time":280033,"tombstone:raider_killed":3,"minecraft:time_since_rest":39249,"minecraft:damage_taken":3400,"minecraft:swim_one_cm":12460,"minecraft:fly_one_cm":557582,"minecraft:open_chest":106,"minecraft:fall_one_cm":61741},"minecraft:killed":{"earthmobsmod:duck":1,"minecraft:cave_spider":3,"earthmobsmod:jumbo_rabbit":1,"minecraft:spider":1,"born_in_chaos_v1:siamese_skeletonsright":1,"illagerinvasion:basher":1,"minecraft:skeleton":2,"minecraft:bee":1,"minecraft:sheep":1,"born_in_chaos_v1:dread_hound":2,"born_in_chaos_v1:corpse_fly":5,"enemyexpansion:botfly":1,"luminousworld:dark_oak_zombie":1,"born_in_chaos_v1:siamese_skeletonsleft":1,"alexsmobs:raccoon":1,"minecraft:vindicator":1,"illagerinvasion:marauder":1,"enemyexpansion:direwolf":2,"alexsmobs:bison":2,"minecraft:husk":13,"enemyexpansion:sprinter":1,"born_in_chaos_v1:decrepit_skeleton":1,"enemyexpansion:huntsman":1,"born_in_chaos_v1:nightmare_stalker":1},"minecraft:mined":{"minecraft:dark_oak_planks":53,"quark:yellow_blossom_leaves":1,"minecraft:red_nether_bricks":6,"minecraft:brewing_stand":1,"minecraft:grass_block":32,"placeablesmod:carrot_block_1":1,"minecraft:light_gray_bed":1,"minecraft:spawner":1,"minecraft:iron_ore":1,"minecraft:stripped_dark_oak_wood":3,"minecraft:pointed_dripstone":3,"supplementaries:stick":1,"minecraft:cave_vines":3,"minecraft:polished_deepslate_slab":1,"minecraft:water_cauldron":1,"minecraft:iron_bars":1,"minecraft:stripped_mangrove_wood":5,"minecraft:player_head":4,"minecraft:potted_brown_mushroom":1,"minecraft:melon_stem":2,"minecraft:powder_snow":41,"minecraft:torch":2,"minecraft:calcite":8,"minecraft:chest":2,"quark:blossom_log":6,"minecraft:glass":4,"minecraft:cobblestone":9,"minecraft:cyan_bed":4,"minecraft:oak_planks":18,"minecraft:wall_torch":1,"minecraft:pink_petals":2,"minecraft:skeleton_skull":1,"minecraft:red_candle":1,"minecraft:wheat":5,"minecraft:torchflower_crop":2,"minecraft:birch_door":2,"minecraft:grass":72,"minecraft:oak_log":16,"minecraft:beetroots":2,"minecraft:sand":11,"minecraft:dirt":30,"minecraft:tripwire_hook":1,"minecraft:polished_deepslate_wall":1,"minecraft:oak_leaves":6,"iceandfire:silver_ore":3,"minecraft:dark_oak_leaves":1,"minecraft:candle":1,"minecraft:dark_oak_log":81,"minecraft:potted_flowering_azalea_bush":1,"quark:framed_glass":1,"luminousworld:grassvariant_2":2,"minecraft:soul_campfire":1,"minecraft:mangrove_trapdoor":1,"luminousworld:groundpebbles_3":2,"minecraft:hay_block":6,"minecraft:black_stained_glass_pane":2,"minecraft:carrots":4,"supplementaries:flax":1,"minecraft:polished_deepslate":4,"minecraft:bookshelf":21,"minecraft:smooth_quartz_stairs":1,"luminousworld:groundpebbles_2":3,"minecraft:stone":161,"minecraft:oak_slab":1,"minecraft:mangrove_stairs":1,"minecraft:glass_pane":2,"minecraft:crafting_table":3,"minecraft:cornflower":1,"minecraft:oak_wood":3,"minecraft:campfire":5,"minecraft:tall_grass":2,"minecraft:copper_ore":9,"minecraft:black_stained_glass":2,"minecraft:gray_wool":6,"minecraft:torchflower":1,"minecraft:spruce_log":4,"minecraft:red_wall_banner":2,"minecraft:mangrove_slab":2,"minecraft:coal_ore":55,"minecraft:pitcher_crop":1,"minecraft:sunflower":9,"minecraft:dripstone_block":27,"minecraft:cobweb":7,"minecraft:stone_bricks":2}},"DataVersion":3465}