{"stats":{"minecraft:broken":{"minecraft:stone_sword":1,"minecraft:stone_pickaxe":1,"minecraft:stone_axe":1,"minecraft:iron_sword":1},"minecraft:killed_by":{"undead_revamp2:sucker":1,"minecraft:creeper":1,"minecraft:cave_spider":1},"minecraft:used":{"minecraft:beetroot":3,"minecraft:stone_sword":130,"born_in_chaos_v1:ethereal_spirit":2,"minecraft:diamond_hoe":43,"minecraft:chest":1,"minecraft:shield":81,"minecraft:iron_sword":439,"minecraft:player_head":4,"minecraft:stick":1,"minecraft:rotten_flesh":2,"minecraft:torch":61,"minecraft:dirt":38,"quark:framed_glass":5,"minecraft:carrot":34,"minecraft:dark_oak_planks":216,"minecraft:glass":4,"minecraft:wooden_axe":47,"born_in_chaos_v1:corpse_maggot":4,"alexsmobs:maggot":1,"minecraft:iron_axe":73,"minecraft:melon_seeds":6,"minecraft:stone_bricks":2,"minecraft:furnace":1,"minecraft:beetroot_seeds":2,"tombstone:gift":8,"minecraft:light_gray_bed":1,"minecraft:wheat_seeds":6,"minecraft:water_bucket":1,"minecraft:torchflower":1,"minecraft:stone_pickaxe":131,"minecraft:oak_planks":8,"minecraft:wooden_pickaxe":56,"minecraft:glow_berries":11,"minecraft:pitcher_pod":5,"minecraft:crafting_table":12,"minecraft:mushroom_stew":1,"minecraft:campfire":1,"tombstone:tablet_of_home":3,"minecraft:dark_oak_door":4,"minecraft:shears":3,"tombstone:bag_of_seeds":4,"earthmobsmod:duck_egg":1,"minecraft:apple":1,"minecraft:melon_slice":1,"minecraft:bread":28,"minecraft:cyan_bed":3,"minecraft:iron_pickaxe":104,"supplementaries:flax_seeds":2,"minecraft:stone_axe":112,"minecraft:torchflower_seeds":5,"minecraft:cobblestone":39,"minecraft:potion":3,"minecraft:cooked_porkchop":3,"minecraft:red_banner":2,"minecraft:bucket":1,"quark:oak_chest":3,"alexsmobs:animal_dictionary":6},"minecraft:crafted":{"minecraft:wooden_sword":1,"minecraft:oak_planks":80,"minecraft:furnace":1,"aether:golden_gloves":1,"quark:framed_glass":4,"minecraft:dark_oak_door":3,"minecraft:glass":11,"minecraft:iron_boots":2,"minecraft:iron_axe":1,"minecraft:iron_hoe":1,"minecraft:stone_pickaxe":1,"minecraft:dark_oak_planks":316,"minecraft:wheat":45,"minecraft:crafting_table":9,"minecraft:spruce_planks":16,"minecraft:iron_helmet":2,"minecraft:wooden_pickaxe":1,"minecraft:iron_sword":3,"minecraft:bucket":1,"minecraft:campfire":1,"minecraft:stone_axe":1,"minecraft:bread":15,"minecraft:air":0,"minecraft:iron_chestplate":2,"minecraft:shield":2,"minecraft:stick":80,"quark:oak_chest":3,"minecraft:iron_ingot":28,"minecraft:iron_pickaxe":2,"minecraft:wooden_axe":2,"minecraft:stone_sword":1,"minecraft:iron_leggings":1,"minecraft:gold_ingot":6,"minecraft:torch":116,"minecraft:shears":1},"minecraft:picked_up":{"minecraft:crafting_table":3,"luminousworld:groundpebbles_1":5,"minecraft:charcoal":10,"minecraft:birch_door":2,"minecraft:chicken":1,"minecraft:flower_pot":2,"born_in_chaos_v1:seedof_chaos":1,"minecraft:brown_mushroom":1,"minecraft:potion":1,"minecraft:brewing_stand":1,"minecraft:polished_deepslate_wall":1,"minecraft:polished_deepslate":4,"minecraft:cornflower":1,"minecraft:string":3,"minecraft:soul_soil":1,"minecraft:red_nether_bricks":6,"minecraft:iron_leggings":1,"minecraft:item_frame":1,"minecraft:armor_stand":2,"minecraft:candle":4,"earthmobsmod:duck_egg":1,"minecraft:bucket":2,"minecraft:player_head":4,"minecraft:calcite":12,"quark:black_shard":4,"luminousworld:decorative_red_1":2,"minecraft:chest":2,"minecraft:smooth_quartz_stairs":1,"minecraft:diamond_hoe":1,"minecraft:egg":1,"minecraft:dark_oak_door":1,"minecraft:dark_oak_sapling":1,"minecraft:stick":1,"minecraft:raw_iron":1,"minecraft:stripped_mangrove_wood":5,"minecraft:polished_deepslate_slab":1,"minecraft:torch":4,"minecraft:pointed_dripstone":13,"tombstone:grave_dust":3,"born_in_chaos_v1:nightmare_claw":1,"minecraft:carrot":2,"minecraft:mangrove_trapdoor":1,"minecraft:cauldron":1,"minecraft:dark_oak_planks":51,"minecraft:arrow":3,"quark:clear_shard":15,"minecraft:light_gray_bed":1,"minecraft:rotten_flesh":17,"minecraft:hay_block":6,"minecraft:stripped_dark_oak_wood":3,"supplementaries:ash":1,"quark:framed_glass":1,"minecraft:glow_berries":9,"minecraft:mutton":1,"minecraft:iron_bars":2,"minecraft:skeleton_skull":1,"minecraft:white_wool":1,"minecraft:cobblestone":157,"born_in_chaos_v1:corpse_maggot":3,"minecraft:pink_petals":5,"minecraft:leather_chestplate":1,"born_in_chaos_v1:monster_flesh":3,"minecraft:torchflower":1,"minecraft:oak_log":19,"luminousworld:purple_petunias":2,"minecraft:map":1,"minecraft:mangrove_slab":2,"minecraft:dirt":51,"born_in_chaos_v1:monster_skin":3,"minecraft:bone":6,"minecraft:apple":1,"minecraft:stone_bricks":3,"minecraft:wheat_seeds":6,"minecraft:rabbit_hide":4,"minecraft:dark_oak_sign":1,"tombstone:bag_of_seeds":1,"minecraft:oak_planks":18,"minecraft:flowering_azalea":1,"minecraft:book":63,"minecraft:cooked_porkchop":3,"minecraft:dripstone_block":26,"minecraft:torchflower_seeds":2,"minecraft:sand":10,"minecraft:red_banner":2,"minecraft:spruce_log":4,"minecraft:cyan_bed":3,"minecraft:dark_oak_log":82,"minecraft:spider_eye":4,"minecraft:oak_wood":3,"minecraft:emerald":1,"minecraft:gray_wool":6,"minecraft:spruce_button":1,"minecraft:bread":3,"minecraft:coal":48,"iceandfire:raw_silver":3,"minecraft:sunflower":7},"minecraft:dropped":{"minecraft:bread":6,"minecraft:oak_log":1,"minecraft:glass_bottle":1,"minecraft:smooth_quartz_stairs":1,"minecraft:dark_oak_sapling":1,"minecraft:cobblestone":18,"luminousworld:decorative_red_1":2,"minecraft:coal":6,"minecraft:mushroom_stew":1,"minecraft:stick":15,"minecraft:dirt":4,"minecraft:dark_oak_log":1,"tombstone:grave_key":1,"minecraft:mutton":1,"minecraft:stripped_dark_oak_wood":3,"tombstone:grave_dust":1,"minecraft:potion":2,"minecraft:wooden_sword":1,"minecraft:flowering_azalea":1,"minecraft:glistering_melon_slice":3,"minecraft:pink_petals":5,"minecraft:polished_deepslate_wall":1,"minecraft:white_wool":1,"minecraft:bucket":2,"minecraft:armor_stand":2,"minecraft:bone":4,"minecraft:polished_deepslate":1,"minecraft:soul_soil":1,"minecraft:dark_oak_sign":1,"minecraft:rotten_flesh":14,"minecraft:polished_deepslate_slab":1,"minecraft:rabbit_hide":4,"supplementaries:ash":1,"minecraft:flower_pot":1,"minecraft:chest":1,"minecraft:red_nether_bricks":5,"minecraft:iron_bars":2,"minecraft:egg":1},"minecraft:custom":{"minecraft:mob_kills":42,"minecraft:interact_with_crafting_table":50,"minecraft:open_barrel":18,"minecraft:damage_dealt_resisted":7,"minecraft:eat_cake_slice":2,"minecraft:leave_game":4,"minecraft:time_since_death":45073,"minecraft:climb_one_cm":736,"minecraft:damage_resisted":75,"minecraft:sprint_one_cm":480372,"minecraft:walk_one_cm":814388,"minecraft:damage_blocked_by_shield":1747,"minecraft:drop":56,"minecraft:play_time":268033,"minecraft:sneak_time":3999,"minecraft:deaths":5,"minecraft:walk_under_water_one_cm":4636,"minecraft:interact_with_brewingstand":1,"minecraft:jump":2845,"minecraft:interact_with_blast_furnace":10,"minecraft:walk_on_water_one_cm":6918,"minecraft:total_world_time":268033,"minecraft:interact_with_furnace":22,"tombstone:raider_killed":3,"minecraft:sleep_in_bed":13,"minecraft:time_since_rest":27249,"minecraft:damage_taken":3286,"minecraft:damage_dealt":10282,"minecraft:swim_one_cm":12460,"minecraft:fly_one_cm":535445,"minecraft:open_chest":99,"minecraft:crouch_one_cm":7903,"tombstone:undead_killed":17,"minecraft:fall_one_cm":58302},"minecraft:killed":{"earthmobsmod:duck":1,"minecraft:cave_spider":3,"earthmobsmod:jumbo_rabbit":1,"minecraft:vindicator":1,"alexsmobs:raccoon":1,"minecraft:spider":1,"illagerinvasion:marauder":1,"enemyexpansion:direwolf":1,"illagerinvasion:basher":1,"minecraft:skeleton":1,"minecraft:bee":1,"minecraft:husk":13,"enemyexpansion:sprinter":1,"born_in_chaos_v1:decrepit_skeleton":1,"minecraft:sheep":1,"born_in_chaos_v1:dread_hound":2,"born_in_chaos_v1:corpse_fly":5,"enemyexpansion:botfly":1,"born_in_chaos_v1:nightmare_stalker":1,"luminousworld:dark_oak_zombie":1},"minecraft:mined":{"minecraft:dark_oak_planks":53,"iceandfire:silver_ore":3,"quark:yellow_blossom_leaves":1,"minecraft:dark_oak_leaves":1,"minecraft:candle":1,"minecraft:dark_oak_log":81,"minecraft:red_nether_bricks":6,"minecraft:potted_flowering_azalea_bush":1,"minecraft:brewing_stand":1,"quark:framed_glass":1,"minecraft:grass_block":29,"placeablesmod:carrot_block_1":1,"minecraft:light_gray_bed":1,"luminousworld:grassvariant_2":2,"minecraft:soul_campfire":1,"minecraft:mangrove_trapdoor":1,"luminousworld:groundpebbles_3":2,"minecraft:spawner":1,"minecraft:black_stained_glass_pane":2,"minecraft:hay_block":6,"minecraft:carrots":1,"minecraft:iron_ore":1,"minecraft:stripped_dark_oak_wood":3,"minecraft:polished_deepslate":4,"supplementaries:stick":1,"minecraft:bookshelf":21,"minecraft:pointed_dripstone":3,"minecraft:water_cauldron":1,"minecraft:cave_vines":3,"minecraft:polished_deepslate_slab":1,"minecraft:iron_bars":1,"minecraft:smooth_quartz_stairs":1,"luminousworld:groundpebbles_2":3,"minecraft:stripped_mangrove_wood":5,"minecraft:stone":146,"minecraft:player_head":4,"minecraft:oak_slab":1,"minecraft:mangrove_stairs":1,"minecraft:potted_brown_mushroom":1,"minecraft:glass_pane":2,"minecraft:melon_stem":1,"minecraft:powder_snow":41,"minecraft:cornflower":1,"minecraft:crafting_table":3,"minecraft:torch":1,"minecraft:oak_wood":3,"minecraft:calcite":8,"minecraft:chest":2,"minecraft:campfire":5,"minecraft:glass":4,"minecraft:tall_grass":2,"minecraft:cobblestone":9,"minecraft:cyan_bed":4,"minecraft:oak_planks":18,"minecraft:skeleton_skull":1,"minecraft:pink_petals":2,"minecraft:gray_wool":6,"minecraft:black_stained_glass":2,"minecraft:red_candle":1,"minecraft:wheat":2,"minecraft:spruce_log":4,"minecraft:torchflower":1,"minecraft:torchflower_crop":2,"minecraft:birch_door":2,"minecraft:red_wall_banner":2,"minecraft:grass":70,"minecraft:mangrove_slab":2,"minecraft:coal_ore":48,"minecraft:oak_log":16,"minecraft:sunflower":9,"minecraft:sand":11,"minecraft:dripstone_block":27,"minecraft:dirt":29,"minecraft:tripwire_hook":1,"minecraft:stone_bricks":2,"minecraft:polished_deepslate_wall":1,"minecraft:oak_leaves":6}},"DataVersion":3465}