{"stats":{"minecraft:broken":{"minecraft:iron_boots":1,"minecraft:iron_leggings":1,"minecraft:iron_sword":3,"minecraft:stone_sword":1,"minecraft:shield":1,"minecraft:iron_axe":1,"minecraft:iron_pickaxe":4,"minecraft:golden_helmet":1,"minecraft:stone_pickaxe":1,"minecraft:stone_axe":1,"minecraft:wooden_axe":2,"minecraft:golden_chestplate":1,"minecraft:golden_axe":1},"minecraft:killed_by":{"undead_revamp2:the_moonflower":1,"born_in_chaos_v1:nightmare_stalker":1,"alexsmobs:tiger":1,"mutantmonsters:mutant_zombie":1,"undead_revamp2:sucker":2,"minecraft:wither_skeleton":3,"minecraft:creeper":1,"minecraft:cave_spider":1,"minecraft:blaze":1,"iceandfire:fire_dragon":4,"minecraft:player":1,"enemyexpansion:trollenraged":1,"enemyexpansion:equestrian":1,"undead_revamp2:thehunter":1,"born_in_chaos_v1:corpse_fish":1},"minecraft:used":{"minecraft:beetroot":3,"minecraft:chest":2,"minecraft:rotten_flesh":2,"securitycraft:keypad_item":1,"born_in_chaos_v1:smoked_flesh":7,"minecraft:lava_bucket":31,"quark:chute":1,"minecraft:furnace":2,"minecraft:oak_sapling":10,"minecraft:blackstone":2,"minecraft:wooden_pickaxe":56,"naturalist:duck_egg":6,"minecraft:golden_apple":9,"minecraft:glow_berries":11,"minecraft:pitcher_pod":10,"earthmobsmod:duck_egg":1,"supplementaries:flax_seeds":35,"minecraft:diamond_sword":309,"born_in_chaos_v1:dark_ritual_dagger":16,"minecraft:stone_sword":130,"iceandfire:silver_sword":14,"born_in_chaos_v1:ethereal_spirit":2,"minecraft:netherrack":130,"minecraft:stick":1,"minecraft:torch":481,"minecraft:iron_axe":690,"minecraft:barrel":7,"minecraft:melon_seeds":24,"tombstone:gift":12,"furnitura:dark_oak_table":1,"minecraft:golden_axe":33,"minecraft:wheat_seeds":186,"minecraft:water_bucket":23,"minecraft:yellow_banner":1,"minecraft:cartography_table":2,"minecraft:salmon":1,"minecraft:rail":2,"minecraft:crafting_table":13,"supplementaries:bomb":3,"minecraft:campfire":1,"minecraft:diamond_pickaxe":1445,"minecraft:diamond_shovel":275,"minecraft:sunflower":1,"minecraft:iron_pickaxe":1004,"quark:dark_oak_chest":3,"minecraft:cobblestone":128,"minecraft:potion":3,"minecraft:cooked_porkchop":4,"quark:oak_chest":6,"minecraft:iron_shovel":197,"minecraft:diamond_hoe":166,"minecraft:shield":177,"minecraft:iron_sword":1053,"minecraft:player_head":10,"minecraft:carrot":137,"minecraft:tuff":5,"minecraft:obsidian":6,"born_in_chaos_v1:corpse_maggot":4,"minecraft:glass":4,"minecraft:stone_bricks":9,"minecraft:item_frame":4,"quark:blossom_chest":2,"minecraft:beetroot_seeds":119,"minecraft:torchflower":10,"minecraft:stone_pickaxe":131,"minecraft:oak_planks":34,"minecraft:mushroom_stew":2,"minecraft:black_bed":1,"minecraft:shears":7,"minecraft:cyan_bed":6,"minecraft:bread":51,"minecraft:melon_slice":8,"minecraft:string":1,"minecraft:iron_door":5,"luminousworld:auburn_sapling":4,"minecraft:torchflower_seeds":5,"naturalist:cooked_duck":3,"minecraft:chest_minecart":2,"minecraft:flint_and_steel":1,"quark:calcite_bricks":217,"minecraft:cooked_chicken":1,"minecraft:oak_door":5,"minecraft:dirt":188,"quark:framed_glass":5,"minecraft:iron_hoe":86,"minecraft:wooden_axe":81,"alexsmobs:maggot":1,"minecraft:dark_oak_planks":274,"alexscaves:spelunkery_table":3,"minecraft:pitcher_plant":21,"quark:beetroot_crate":7,"minecraft:cooked_beef":34,"minecraft:pumpkin":4,"minecraft:light_gray_bed":1,"luminousworld:ishstone":1,"tombstone:tablet_of_home":3,"minecraft:dark_oak_door":4,"tombstone:bag_of_seeds":8,"minecraft:apple":15,"minecraft:stone_axe":112,"minecraft:red_banner":3,"minecraft:bucket":57,"minecraft:yellow_bed":3,"minecraft:pumpkin_pie":5,"alexsmobs:animal_dictionary":10,"minecraft:gray_wool":1},"minecraft:crafted":{"furnitura:dark_oak_table":1,"securitycraft:keypad_item":1,"minecraft:diamond_shovel":1,"minecraft:iron_bars":16,"minecraft:glass":23,"minecraft:iron_door":3,"securitycraft:reinforced_stone_button":32,"minecraft:campfire":1,"quark:oak_chest":3,"born_in_chaos_v1:smoked_flesh":7,"minecraft:iron_pickaxe":2,"minecraft:gold_ingot":69,"securitycraft:whitelist_module":1,"iceandfire:silver_sword":1,"minecraft:bone_meal":12,"quark:blossom_chest":3,"minecraft:diamond":1,"minecraft:stone_pickaxe":1,"minecraft:redstone_block":7,"minecraft:dark_oak_planks":316,"minecraft:golden_helmet":2,"quark:chute":1,"minecraft:wheat":54,"quark:calcite_bricks":316,"quark:polished_calcite":316,"quark:beetroot_crate":5,"minecraft:golden_apple":4,"minecraft:wooden_axe":2,"minecraft:iron_shovel":1,"minecraft:iron_leggings":1,"tombstone:bone_needle":1,"naturalist:cooked_duck":3,"minecraft:oak_planks":104,"minecraft:cooked_chicken":1,"aether:golden_gloves":1,"minecraft:heavy_weighted_pressure_plate":1,"securitycraft:laser_block":3,"minecraft:dark_oak_door":3,"born_in_chaos_v1:dark_ritual_dagger":1,"minecraft:iron_boots":2,"sophisticatedbackpacks:backpack":2,"quark:blossom_planks":24,"quark:stick_block":5,"minecraft:crafting_table":9,"minecraft:spruce_planks":16,"minecraft:wooden_pickaxe":1,"minecraft:iron_helmet":2,"minecraft:birch_planks":4,"sophisticatedbackpacks:upgrade_base":1,"minecraft:tnt":4,"minecraft:string":4,"minecraft:iron_chestplate":2,"minecraft:diamond_pickaxe":1,"minecraft:shield":2,"minecraft:stick":220,"minecraft:iron_ingot":86,"minecraft:stone_sword":1,"securitycraft:sc_manual":2,"minecraft:shears":1,"securitycraft:universal_block_reinforcer_lvl1":2,"minecraft:wooden_sword":1,"minecraft:oak_door":3,"sophisticatedbackpacks:advanced_magnet_upgrade":1,"born_in_chaos_v1:nightmare_mantleofthe_night_boots":1,"minecraft:furnace":1,"quark:framed_glass":4,"alexscaves:cave_map":1,"minecraft:glass_pane":16,"quark:dark_oak_chest":3,"born_in_chaos_v1:bone_handle":1,"minecraft:iron_axe":1,"minecraft:iron_hoe":1,"born_in_chaos_v1:fried_maggot":26,"sophisticatedbackpacks:iron_backpack":1,"minecraft:cooked_beef":43,"minecraft:diamond_sword":2,"iceandfire:silver_ingot":8,"minecraft:iron_sword":7,"minecraft:bucket":5,"born_in_chaos_v1:bone_heart":2,"minecraft:stone_axe":1,"minecraft:air":0,"minecraft:bread":49,"securitycraft:reinforced_stone":64,"tombstone:book_of_scribe":1,"iceandfire:armor_silver_metal_helmet":1,"minecraft:gold_nugget":117,"minecraft:torch":384},"minecraft:picked_up":{"minecraft:seagrass":1,"minecraft:birch_door":2,"minecraft:flower_pot":2,"minecraft:prismarine_shard":3,"minecraft:brewing_stand":1,"minecraft:polished_deepslate_wall":1,"minecraft:amethyst_block":10,"minecraft:polished_deepslate":4,"minecraft:string":48,"minecraft:soul_soil":1,"minecraft:red_nether_bricks":6,"minecraft:beetroot":65,"quark:beetroot_crate":2,"minecraft:gold_nugget":97,"minecraft:cobbled_deepslate":80,"minecraft:spruce_planks":1,"minecraft:melon_slice":86,"minecraft:dark_oak_door":2,"luminousworld:auburnlog":7,"quark:blossom_log":6,"minecraft:cherry_log":3,"minecraft:golden_chestplate":2,"minecraft:cauldron":2,"minecraft:yellow_banner":2,"quark:clear_shard":15,"minecraft:light_gray_bed":1,"minecraft:stone_sword":1,"luminousworld:yellow_grassflowers":1,"quark:calcite_bricks":67,"minecraft:carved_pumpkin":4,"supplementaries:ash":31,"minecraft:blaze_rod":1,"minecraft:iron_bars":17,"minecraft:birch_log":1,"minecraft:feather":4,"minecraft:cooked_beef":54,"minecraft:iron_door":4,"alexsmobs:bison_fur":1,"minecraft:flint":1,"luminousworld:purple_petunias":2,"minecraft:map":3,"minecraft:mangrove_slab":2,"minecraft:dark_oak_sign":1,"minecraft:glowstone_dust":41,"minecraft:pitcher_pod":1,"minecraft:honeycomb":1,"quark:glow_lichen_growth":14,"minecraft:dark_oak_log":82,"alexsmobs:animal_dictionary":2,"minecraft:barrel":7,"naturalist:duck_egg":6,"minecraft:bundle":1,"minecraft:iron_hoe":1,"luminousworld:auburn_sapling":4,"minecraft:spruce_button":1,"minecraft:bread":11,"alexsmobs:maggot":4,"iceandfire:raw_silver":11,"luminousworld:groundpebbles_1":7,"minecraft:crafting_table":4,"iceandfire:witherbone":10,"minecraft:nether_wart":2,"born_in_chaos_v1:seedof_chaos":2,"minecraft:cornflower":1,"born_in_chaos_v1:intoxicating_decoction":2,"quark:chute":1,"minecraft:cracked_stone_bricks":5,"minecraft:cartography_table":2,"minecraft:beef":57,"minecraft:iron_nugget":1,"minecraft:poppy":1,"minecraft:minecart":1,"minecraft:chest":3,"minecraft:diamond_hoe":1,"minecraft:egg":1,"minecraft:polished_deepslate_slab":1,"naturalist:duck":3,"securitycraft:reinforced_cobblestone":115,"luminousworld:blue_petunias":5,"minecraft:oak_door":3,"born_in_chaos_v1:pieceofdarkmetal":7,"minecraft:carrot":113,"minecraft:redstone":65,"minecraft:mangrove_trapdoor":1,"minecraft:tnt":1,"minecraft:beetroot_seeds":215,"minecraft:hay_block":6,"minecraft:yellow_terracotta":22,"minecraft:gold_ingot":10,"born_in_chaos_v1:dark_ritual_dagger":1,"quark:framed_glass":5,"minecraft:glow_berries":9,"minecraft:mutton":1,"minecraft:rail":76,"minecraft:white_wool":1,"minecraft:stripped_oak_log":2,"born_in_chaos_v1:monster_flesh":7,"luminousworld:ishstone":12,"minecraft:torchflower":13,"securitycraft:sc_manual":1,"minecraft:oak_log":94,"minecraft:paper":1,"minecraft:stone_bricks":10,"minecraft:apple":1,"quark:glow_shroom":8,"born_in_chaos_v1:smoked_flesh":1,"tombstone:bag_of_seeds":3,"minecraft:iron_sword":2,"minecraft:flowering_azalea":1,"born_in_chaos_v1:ethereal_spirit":4,"minecraft:torchflower_seeds":2,"minecraft:gravel":6,"minecraft:spruce_log":4,"minecraft:oak_wood":3,"minecraft:scute":1,"minecraft:gray_wool":11,"minecraft:melon_seeds":43,"minecraft:wheat":105,"minecraft:nether_brick_fence":3,"minecraft:potion":1,"tombstone:grave_key":2,"minecraft:raw_copper":29,"minecraft:iron_leggings":2,"minecraft:armor_stand":2,"earthmobsmod:duck_egg":1,"minecraft:bucket":2,"minecraft:calcite":332,"quark:black_shard":8,"minecraft:smooth_quartz_stairs":1,"minecraft:furnace":1,"minecraft:stick":21,"quark:glow_shroom_ring":8,"minecraft:torch":107,"minecraft:porkchop":2,"minecraft:pointed_dripstone":38,"tombstone:grave_dust":9,"minecraft:diorite":98,"born_in_chaos_v1:nightmare_claw":2,"supplementaries:flax":27,"minecraft:rotten_flesh":73,"quark:blossom_chest":2,"minecraft:blaze_powder":1,"minecraft:cobblestone":742,"minecraft:pink_petals":61,"minecraft:leather_chestplate":2,"minecraft:magma_cream":1,"minecraft:black_bed":2,"minecraft:tuff":9,"supplementaries:flax_seeds":82,"undead_revamp2:huntereye":3,"minecraft:wither_skeleton_skull":3,"minecraft:dirt":530,"born_in_chaos_v1:monster_skin":8,"minecraft:leather_boots":2,"minecraft:bone":43,"minecraft:wheat_seeds":446,"minecraft:raw_gold":38,"minecraft:mossy_stone_bricks":3,"minecraft:powered_rail":5,"minecraft:oak_planks":35,"minecraft:cooked_porkchop":4,"securitycraft:dirt_mine":1,"earthmobsmod:harder_flesh":2,"minecraft:sand":54,"minecraft:nether_brick_stairs":1,"minecraft:cyan_bed":6,"minecraft:diamond":2,"minecraft:golden_apple":1,"minecraft:emerald":1,"minecraft:oak_sapling":10,"minecraft:netherrack":682,"minecraft:charcoal":10,"born_in_chaos_v1:diamond_termite_shard":10,"minecraft:chicken":1,"minecraft:chest_minecart":2,"minecraft:brown_mushroom":1,"minecraft:iron_axe":4,"minecraft:item_frame":5,"minecraft:blackstone":14,"minecraft:candle":8,"minecraft:detector_rail":2,"minecraft:player_head":11,"luminousworld:decorative_red_1":2,"minecraft:sugar_cane":7,"minecraft:dark_oak_sapling":1,"minecraft:stripped_mangrove_wood":5,"minecraft:raw_iron":41,"minecraft:copper_ingot":3,"iceandfire:chared_grass":2,"endrem:nether_eye":1,"minecraft:dark_oak_planks":135,"minecraft:arrow":12,"minecraft:nether_bricks":10,"alexscaves:spelunkery_table":3,"minecraft:stripped_dark_oak_wood":3,"minecraft:saddle":1,"minecraft:skeleton_skull":2,"born_in_chaos_v1:fused_bone":6,"born_in_chaos_v1:corpse_maggot":14,"minecraft:air":0,"minecraft:salmon":1,"minecraft:leather":62,"iceandfire:ectoplasm":6,"minecraft:yellow_bed":3,"minecraft:gunpowder":6,"minecraft:rabbit_hide":4,"minecraft:iron_ingot":55,"minecraft:cooked_chicken":1,"minecraft:book":66,"minecraft:pumpkin":5,"minecraft:pitcher_plant":30,"minecraft:quartz":28,"minecraft:dandelion":1,"minecraft:dripstone_block":106,"luminousworld:sunset_petunias":1,"minecraft:lava_bucket":1,"minecraft:red_banner":3,"minecraft:nether_brick_slab":1,"quark:oak_chest":3,"minecraft:spider_eye":6,"minecraft:pumpkin_seeds":16,"minecraft:cherry_sapling":1,"minecraft:coal":271,"minecraft:sunflower":17},"minecraft:dropped":{"minecraft:iron_sword":2,"minecraft:lapis_lazuli":4,"minecraft:cooked_beef":16,"minecraft:glass_bottle":1,"minecraft:diamond":1,"luminousworld:decorative_red_1":2,"minecraft:saddle":1,"born_in_chaos_v1:dark_ritual_dagger":2,"minecraft:rail":9,"minecraft:item_frame":1,"minecraft:dirt":6,"supplementaries:rope":9,"minecraft:stripped_dark_oak_wood":3,"minecraft:gold_nugget":7,"minecraft:wooden_sword":1,"minecraft:sunflower":4,"minecraft:sand":18,"minecraft:white_wool":1,"minecraft:bone":6,"minecraft:iron_nugget":1,"minecraft:cooked_chicken":1,"minecraft:golden_chestplate":1,"minecraft:detector_rail":2,"minecraft:wheat":2,"minecraft:rotten_flesh":14,"minecraft:oak_planks":1,"supplementaries:flax_seeds":3,"minecraft:leather_boots":2,"minecraft:red_nether_bricks":5,"minecraft:crying_obsidian":3,"minecraft:egg":1,"minecraft:iron_ingot":48,"minecraft:wheat_seeds":33,"minecraft:tnt":5,"minecraft:smooth_quartz_stairs":1,"minecraft:dripstone_block":1,"minecraft:feather":3,"minecraft:cobblestone":78,"minecraft:coal":10,"minecraft:golden_apple":1,"minecraft:mushroom_stew":1,"minecraft:gray_wool":8,"minecraft:potion":2,"minecraft:pumpkin":1,"minecraft:string":44,"minecraft:polished_deepslate_wall":1,"minecraft:soul_soil":1,"minecraft:player_head":1,"minecraft:dark_oak_sign":1,"minecraft:polished_deepslate_slab":1,"sophisticatedbackpacks:backpack":1,"minecraft:shears":1,"minecraft:flower_pot":1,"minecraft:carved_pumpkin":3,"minecraft:oak_log":2,"minecraft:dark_oak_sapling":1,"minecraft:scute":1,"minecraft:flint":1,"minecraft:dark_oak_log":1,"artifacts:superstitious_hat":1,"minecraft:mutton":1,"alexscaves:cave_map":1,"minecraft:glistering_melon_slice":3,"minecraft:armor_stand":2,"minecraft:cherry_sapling":1,"minecraft:carrot":9,"minecraft:rabbit_hide":4,"supplementaries:ash":1,"minecraft:gunpowder":13,"minecraft:beetroot_seeds":2,"minecraft:melon_seeds":3,"born_in_chaos_v1:corpse_maggot":1,"minecraft:chest":1,"minecraft:iron_bars":4,"minecraft:arrow":1,"minecraft:netherrack":3,"minecraft:bread":12,"minecraft:cherry_log":1,"minecraft:golden_helmet":1,"minecraft:minecart":2,"minecraft:copper_ingot":6,"minecraft:stick":33,"tombstone:grave_key":1,"tombstone:grave_dust":1,"minecraft:iron_leggings":1,"minecraft:flowering_azalea":1,"minecraft:iron_axe":1,"securitycraft:sc_manual":1,"minecraft:pink_petals":12,"minecraft:bucket":2,"minecraft:polished_deepslate":1,"minecraft:nether_brick_slab":1,"supplementaries:bomb":2,"securitycraft:universal_block_reinforcer_lvl1":1},"minecraft:custom":{"minecraft:interact_with_crafting_table":179,"minecraft:open_barrel":255,"minecraft:eat_cake_slice":2,"minecraft:leave_game":15,"minecraft:time_since_death":10590,"minecraft:damage_blocked_by_shield":3887,"minecraft:play_time":929007,"minecraft:deaths":30,"minecraft:jump":10900,"minecraft:interact_with_furnace":106,"minecraft:interact_with_cartography_table":6,"minecraft:sleep_in_bed":26,"minecraft:damage_dealt":36376,"tombstone:undead_killed":59,"minecraft:interact_with_smoker":18,"minecraft:interact_with_smithing_table":2,"minecraft:sneak_time":14297,"minecraft:interact_with_blast_furnace":13,"minecraft:total_world_time":929007,"tombstone:raider_killed":3,"minecraft:time_since_rest":9217,"minecraft:swim_one_cm":92923,"minecraft:fly_one_cm":1879551,"minecraft:open_chest":571,"minecraft:fall_one_cm":192404,"minecraft:animals_bred":1,"minecraft:damage_resisted":96,"minecraft:sprint_one_cm":1756633,"minecraft:drop":175,"minecraft:interact_with_brewingstand":1,"minecraft:walk_on_water_one_cm":93891,"minecraft:interact_with_loom":16,"minecraft:player_kills":3,"minecraft:crouch_one_cm":31517,"minecraft:mob_kills":171,"minecraft:damage_dealt_resisted":1977,"minecraft:climb_one_cm":67448,"minecraft:walk_one_cm":2977526,"minecraft:walk_under_water_one_cm":32120,"minecraft:damage_taken":14556,"minecraft:damage_absorbed":331},"minecraft:killed":{"earthmobsmod:duck":1,"minecraft:cave_spider":5,"earthmobsmod:jumbo_rabbit":1,"born_in_chaos_v1:restless_spirit":2,"undead_revamp2:axestrom":1,"born_in_chaos_v1:siamese_skeletonsright":2,"illagerinvasion:basher":1,"minecraft:skeleton":4,"minecraft:zombie":4,"born_in_chaos_v1:corpse_fly":8,"enemyexpansion:botfly":1,"undead_revamp2:thehunter":2,"alexsmobs:raccoon":1,"minecraft:vindicator":1,"illagerinvasion:marauder":1,"naturalist:duck":3,"born_in_chaos_v1:barrel_zombie":1,"minecraft:husk":13,"earthmobsmod:bouldering_zombie":2,"undead_revamp2:the_moonflower":4,"enemyexpansion:sprinter":1,"earthmobsmod:cream_cow":32,"born_in_chaos_v1:decrepit_skeleton":4,"iceandfire:ghost":3,"undead_revamp2:thewolf":2,"minecraft:spider":3,"born_in_chaos_v1:scarlet_persecutor":1,"minecraft:bee":1,"born_in_chaos_v1:diamond_termite":10,"minecraft:sheep":1,"born_in_chaos_v1:dread_hound":3,"luminousworld:dark_oak_zombie":1,"born_in_chaos_v1:siamese_skeletonsleft":1,"minecraft:blaze":2,"alexsmobs:tiger":1,"enemyexpansion:intruder":1,"minecraft:slime":1,"enemyexpansion:direwolf":6,"born_in_chaos_v1:maggot":3,"alexsmobs:bison":2,"undead_revamp2:sucker":1,"born_in_chaos_v1:fallen_chaos_knight":1,"born_in_chaos_v1:baby_skeleton":1,"enemyexpansion:huntsman":1,"born_in_chaos_v1:nightmare_stalker":2,"alexsmobs:crow":1,"minecraft:wither_skeleton":11},"minecraft:mined":{"minecraft:dark_oak_planks":138,"luminousworld:autumnleaves":2,"minecraft:cherry_log":3,"minecraft:red_nether_bricks":7,"minecraft:carved_pumpkin":4,"placeablesmod:carrot_block_1":1,"minecraft:light_gray_bed":1,"minecraft:nether_wart":2,"quark:glow_lichen_growth":4,"minecraft:spawner":2,"minecraft:magma_block":4,"quark:blossom_chest":2,"quark:beetroot_crate":2,"minecraft:fire":19,"quark:calcite_bricks":3,"minecraft:barrel":7,"minecraft:pumpkin":5,"minecraft:stripped_dark_oak_wood":3,"minecraft:nether_brick_stairs":5,"minecraft:cave_vines":3,"minecraft:polished_deepslate_slab":1,"iceandfire:gold_pile":8,"minecraft:water_cauldron":1,"minecraft:small_amethyst_bud":1,"minecraft:stripped_mangrove_wood":5,"minecraft:player_head":10,"minecraft:potted_brown_mushroom":1,"minecraft:powder_snow":41,"born_in_chaos_v1:infected_deepslate_diamond_ore":4,"minecraft:torch":21,"minecraft:melon":15,"minecraft:nether_brick_slab":1,"quark:blossom_log":6,"minecraft:glass":4,"minecraft:cyan_bed":6,"minecraft:amethyst_block":11,"minecraft:skeleton_skull":2,"minecraft:wheat":153,"minecraft:torchflower_crop":2,"minecraft:birch_door":2,"minecraft:black_bed":2,"minecraft:pitcher_plant":21,"minecraft:grass":184,"minecraft:deepslate":38,"minecraft:yellow_terracotta":25,"iceandfire:silver_ore":11,"minecraft:dark_oak_log":81,"minecraft:potted_flowering_azalea_bush":1,"minecraft:nether_bricks":12,"luminousworld:grassvariant_2":3,"minecraft:cartography_table":2,"minecraft:black_stained_glass_pane":2,"minecraft:redstone_ore":13,"supplementaries:flax":35,"minecraft:vine":7,"minecraft:rail":2,"minecraft:smooth_quartz_stairs":1,"luminousworld:groundpebbles_2":3,"minecraft:oak_slab":1,"minecraft:mangrove_stairs":1,"minecraft:glass_pane":2,"quark:oak_chest":3,"minecraft:cornflower":1,"minecraft:campfire":5,"luminousworld:auburnlog":7,"quark:glow_shroom_block":8,"minecraft:tall_grass":3,"minecraft:copper_ore":9,"minecraft:deepslate_gold_ore":14,"minecraft:diorite":49,"minecraft:black_stained_glass":2,"minecraft:coarse_dirt":2,"minecraft:torchflower":13,"minecraft:spruce_log":4,"minecraft:red_wall_banner":2,"luminousworld:ishstone":12,"minecraft:pitcher_crop":10,"minecraft:sunflower":25,"minecraft:gravel":9,"minecraft:dripstone_block":83,"minecraft:cobweb":41,"minecraft:stone_bricks":11,"minecraft:gold_ore":24,"minecraft:attached_melon_stem":10,"minecraft:oak_sapling":1,"minecraft:farmland":3,"quark:yellow_blossom_leaves":1,"minecraft:sculk_vein":2,"minecraft:brewing_stand":1,"quark:glow_shroom_stem":4,"minecraft:budding_amethyst":3,"minecraft:grass_block":450,"minecraft:glowstone":16,"minecraft:red_nether_brick_stairs":1,"minecraft:iron_ore":22,"minecraft:pointed_dripstone":17,"supplementaries:stick":1,"minecraft:iron_bars":2,"minecraft:deepslate_redstone_ore":2,"minecraft:blackstone":8,"minecraft:melon_stem":14,"minecraft:calcite":339,"minecraft:poppy":1,"minecraft:chest":3,"minecraft:nether_quartz_ore":29,"minecraft:cobblestone":30,"minecraft:oak_planks":39,"minecraft:iron_door":5,"minecraft:wall_torch":13,"minecraft:pink_petals":14,"minecraft:seagrass":1,"minecraft:red_candle":1,"minecraft:dark_oak_door":1,"quark:glow_shroom":2,"minecraft:oak_log":92,"minecraft:beetroots":66,"minecraft:lime_terracotta":10,"minecraft:dirt":136,"minecraft:sand":22,"quark:glow_shroom_ring":2,"minecraft:tripwire_hook":1,"minecraft:netherrack":786,"minecraft:polished_deepslate_wall":1,"minecraft:oak_leaves":14,"alexscaves:spelunkery_table":3,"minecraft:tuff":6,"minecraft:dark_oak_leaves":1,"minecraft:deepslate_diamond_ore":2,"minecraft:candle":1,"minecraft:oak_door":3,"luminousworld:blue_petunias":5,"minecraft:glow_lichen":1,"quark:framed_glass":5,"quark:chute":1,"minecraft:soul_campfire":1,"minecraft:mangrove_trapdoor":1,"luminousworld:groundpebbles_3":2,"iceandfire:chared_grass":1,"minecraft:hay_block":6,"luminousworld:sunset_petunias":1,"minecraft:carrots":47,"minecraft:furnace":1,"luminousworld:yellow_grassflowers":1,"minecraft:nether_brick_fence":4,"minecraft:polished_deepslate":4,"minecraft:bookshelf":22,"minecraft:deepslate_iron_ore":18,"minecraft:stripped_oak_log":2,"minecraft:stone":617,"minecraft:crafting_table":4,"minecraft:oak_wood":3,"minecraft:sculk":36,"supplementaries:urn":5,"minecraft:gray_wool":7,"minecraft:yellow_bed":3,"twilightforest:bold_stone_pillar":1,"minecraft:mangrove_slab":2,"minecraft:coal_ore":236,"minecraft:cracked_stone_bricks":6,"minecraft:mossy_stone_bricks":5}},"DataVersion":3465}