{"stats":{"minecraft:broken":{"minecraft:golden_helmet":1,"minecraft:iron_boots":1,"minecraft:stone_pickaxe":1,"minecraft:stone_axe":1,"minecraft:iron_sword":3,"minecraft:wooden_axe":2,"minecraft:golden_chestplate":1,"minecraft:stone_sword":1,"minecraft:shield":1,"minecraft:iron_axe":1,"minecraft:iron_pickaxe":2},"minecraft:killed_by":{"mutantmonsters:mutant_zombie":1,"undead_revamp2:sucker":2,"undead_revamp2:the_moonflower":1,"minecraft:wither_skeleton":3,"minecraft:creeper":1,"minecraft:cave_spider":1,"minecraft:blaze":1,"iceandfire:fire_dragon":4,"enemyexpansion:trollenraged":1,"alexsmobs:tiger":1,"undead_revamp2:thehunter":1},"minecraft:used":{"minecraft:beetroot":3,"minecraft:diamond_hoe":166,"minecraft:chest":1,"minecraft:iron_sword":1053,"minecraft:shield":177,"minecraft:rotten_flesh":2,"minecraft:player_head":8,"minecraft:carrot":68,"minecraft:tuff":5,"minecraft:glass":4,"born_in_chaos_v1:corpse_maggot":4,"born_in_chaos_v1:smoked_flesh":6,"minecraft:lava_bucket":22,"minecraft:stone_bricks":9,"quark:blossom_chest":1,"minecraft:furnace":1,"minecraft:beetroot_seeds":22,"minecraft:torchflower":7,"minecraft:stone_pickaxe":131,"minecraft:oak_planks":34,"minecraft:wooden_pickaxe":56,"minecraft:golden_apple":9,"minecraft:glow_berries":11,"minecraft:pitcher_pod":10,"minecraft:mushroom_stew":2,"minecraft:shears":3,"earthmobsmod:duck_egg":1,"minecraft:melon_slice":1,"minecraft:bread":39,"minecraft:cyan_bed":4,"minecraft:string":1,"supplementaries:flax_seeds":16,"minecraft:diamond_sword":91,"minecraft:torchflower_seeds":5,"minecraft:stone_sword":130,"born_in_chaos_v1:ethereal_spirit":2,"minecraft:netherrack":128,"minecraft:cooked_chicken":1,"minecraft:oak_door":2,"minecraft:stick":1,"minecraft:torch":311,"minecraft:dirt":61,"quark:framed_glass":5,"minecraft:dark_oak_planks":270,"minecraft:wooden_axe":81,"alexsmobs:maggot":1,"minecraft:iron_axe":510,"minecraft:barrel":3,"minecraft:melon_seeds":20,"alexscaves:spelunkery_table":2,"minecraft:pitcher_plant":10,"tombstone:gift":10,"minecraft:cooked_beef":32,"minecraft:light_gray_bed":1,"minecraft:wheat_seeds":99,"minecraft:water_bucket":5,"minecraft:salmon":1,"minecraft:crafting_table":12,"supplementaries:bomb":3,"minecraft:campfire":1,"tombstone:tablet_of_home":3,"minecraft:dark_oak_door":4,"tombstone:bag_of_seeds":8,"minecraft:diamond_pickaxe":58,"minecraft:apple":15,"minecraft:sunflower":1,"minecraft:iron_pickaxe":766,"minecraft:stone_axe":112,"quark:dark_oak_chest":1,"minecraft:cobblestone":65,"minecraft:potion":3,"minecraft:cooked_porkchop":4,"minecraft:bucket":31,"minecraft:red_banner":2,"minecraft:pumpkin_pie":5,"minecraft:yellow_bed":2,"quark:oak_chest":3,"alexsmobs:animal_dictionary":10,"minecraft:gray_wool":1},"minecraft:crafted":{"minecraft:oak_planks":104,"minecraft:cooked_chicken":1,"aether:golden_gloves":1,"minecraft:dark_oak_door":3,"minecraft:glass":11,"minecraft:iron_boots":2,"sophisticatedbackpacks:backpack":2,"quark:blossom_planks":24,"quark:stick_block":5,"minecraft:crafting_table":9,"minecraft:spruce_planks":16,"minecraft:wooden_pickaxe":1,"minecraft:iron_helmet":2,"minecraft:campfire":1,"sophisticatedbackpacks:upgrade_base":1,"minecraft:tnt":4,"minecraft:string":4,"minecraft:iron_chestplate":2,"minecraft:diamond_pickaxe":1,"minecraft:shield":2,"born_in_chaos_v1:smoked_flesh":7,"minecraft:stick":168,"quark:oak_chest":3,"minecraft:iron_pickaxe":2,"minecraft:iron_ingot":69,"minecraft:stone_sword":1,"minecraft:gold_ingot":69,"securitycraft:whitelist_module":1,"minecraft:shears":1,"minecraft:wooden_sword":1,"minecraft:oak_door":3,"minecraft:furnace":1,"quark:blossom_chest":3,"quark:framed_glass":4,"alexscaves:cave_map":1,"quark:dark_oak_chest":1,"minecraft:diamond":1,"minecraft:iron_axe":1,"minecraft:iron_hoe":1,"born_in_chaos_v1:fried_maggot":16,"minecraft:stone_pickaxe":1,"minecraft:dark_oak_planks":316,"minecraft:golden_helmet":2,"minecraft:wheat":45,"sophisticatedbackpacks:iron_backpack":1,"minecraft:cooked_beef":41,"minecraft:diamond_sword":2,"minecraft:iron_sword":7,"minecraft:bucket":5,"minecraft:stone_axe":1,"minecraft:bread":21,"minecraft:air":0,"minecraft:golden_apple":4,"minecraft:gold_nugget":117,"minecraft:wooden_axe":2,"minecraft:iron_leggings":1,"minecraft:torch":244},"minecraft:picked_up":{"minecraft:seagrass":1,"minecraft:birch_door":2,"minecraft:wheat":20,"minecraft:nether_brick_fence":1,"minecraft:flower_pot":2,"minecraft:prismarine_shard":3,"minecraft:potion":1,"minecraft:brewing_stand":1,"minecraft:polished_deepslate_wall":1,"minecraft:amethyst_block":10,"minecraft:polished_deepslate":4,"minecraft:string":48,"minecraft:soul_soil":1,"minecraft:raw_copper":29,"minecraft:red_nether_bricks":6,"minecraft:iron_leggings":2,"minecraft:armor_stand":2,"minecraft:beetroot":7,"minecraft:gold_nugget":97,"minecraft:cobbled_deepslate":80,"earthmobsmod:duck_egg":1,"minecraft:bucket":2,"minecraft:calcite":12,"quark:black_shard":4,"minecraft:melon_slice":7,"minecraft:smooth_quartz_stairs":1,"minecraft:dark_oak_door":2,"minecraft:stick":1,"quark:glow_shroom_ring":8,"minecraft:torch":14,"quark:blossom_log":6,"minecraft:porkchop":2,"minecraft:pointed_dripstone":13,"tombstone:grave_dust":8,"born_in_chaos_v1:nightmare_claw":1,"supplementaries:flax":3,"minecraft:golden_chestplate":2,"minecraft:cauldron":1,"minecraft:stone_sword":1,"quark:clear_shard":15,"minecraft:light_gray_bed":1,"minecraft:rotten_flesh":40,"supplementaries:ash":27,"minecraft:blaze_rod":1,"minecraft:iron_bars":4,"minecraft:blaze_powder":1,"minecraft:cobblestone":274,"minecraft:pink_petals":46,"minecraft:leather_chestplate":1,"minecraft:cooked_beef":54,"minecraft:magma_cream":1,"alexsmobs:bison_fur":1,"minecraft:tuff":9,"supplementaries:flax_seeds":14,"luminousworld:purple_petunias":2,"undead_revamp2:huntereye":1,"minecraft:wither_skeleton_skull":2,"minecraft:map":1,"minecraft:mangrove_slab":2,"minecraft:dirt":95,"born_in_chaos_v1:monster_skin":4,"minecraft:leather_boots":2,"minecraft:bone":30,"minecraft:wheat_seeds":93,"minecraft:raw_gold":38,"minecraft:dark_oak_sign":1,"minecraft:mossy_stone_bricks":3,"minecraft:glowstone_dust":41,"minecraft:pitcher_pod":1,"minecraft:oak_planks":34,"minecraft:honeycomb":1,"minecraft:cooked_porkchop":4,"minecraft:barrel":3,"earthmobsmod:harder_flesh":2,"minecraft:sand":44,"minecraft:nether_brick_stairs":1,"quark:glow_lichen_growth":7,"minecraft:cyan_bed":4,"minecraft:dark_oak_log":82,"alexsmobs:animal_dictionary":1,"naturalist:duck_egg":1,"minecraft:bundle":1,"minecraft:diamond":2,"minecraft:golden_apple":1,"minecraft:spruce_button":1,"minecraft:emerald":1,"minecraft:bread":8,"alexsmobs:maggot":2,"minecraft:netherrack":131,"iceandfire:raw_silver":4,"minecraft:charcoal":10,"luminousworld:groundpebbles_1":6,"minecraft:crafting_table":3,"born_in_chaos_v1:diamond_termite_shard":10,"iceandfire:witherbone":9,"minecraft:chicken":1,"minecraft:nether_wart":2,"born_in_chaos_v1:seedof_chaos":1,"minecraft:brown_mushroom":1,"minecraft:cornflower":1,"minecraft:iron_axe":3,"born_in_chaos_v1:intoxicating_decoction":2,"minecraft:item_frame":3,"minecraft:blackstone":7,"minecraft:cracked_stone_bricks":5,"minecraft:candle":4,"minecraft:detector_rail":2,"minecraft:beef":57,"minecraft:player_head":9,"minecraft:iron_nugget":1,"minecraft:poppy":1,"luminousworld:decorative_red_1":2,"minecraft:chest":2,"minecraft:diamond_hoe":1,"minecraft:egg":1,"minecraft:dark_oak_sapling":1,"minecraft:raw_iron":24,"minecraft:stripped_mangrove_wood":5,"minecraft:polished_deepslate_slab":1,"iceandfire:chared_grass":1,"endrem:nether_eye":1,"minecraft:carrot":32,"minecraft:redstone":65,"minecraft:mangrove_trapdoor":1,"minecraft:dark_oak_planks":56,"minecraft:tnt":1,"minecraft:arrow":10,"minecraft:beetroot_seeds":28,"minecraft:nether_bricks":2,"minecraft:yellow_terracotta":22,"minecraft:saddle":1,"minecraft:hay_block":6,"alexscaves:spelunkery_table":2,"minecraft:stripped_dark_oak_wood":3,"minecraft:gold_ingot":10,"quark:framed_glass":1,"minecraft:glow_berries":9,"minecraft:mutton":1,"minecraft:rail":26,"minecraft:skeleton_skull":1,"minecraft:white_wool":1,"born_in_chaos_v1:fused_bone":4,"minecraft:stripped_oak_log":2,"born_in_chaos_v1:corpse_maggot":13,"born_in_chaos_v1:monster_flesh":4,"minecraft:salmon":1,"minecraft:leather":62,"minecraft:torchflower":7,"minecraft:oak_log":25,"minecraft:yellow_bed":2,"minecraft:gunpowder":5,"minecraft:apple":1,"minecraft:stone_bricks":10,"minecraft:rabbit_hide":4,"minecraft:iron_ingot":55,"quark:glow_shroom":8,"minecraft:cooked_chicken":1,"tombstone:bag_of_seeds":3,"minecraft:iron_sword":2,"minecraft:flowering_azalea":1,"minecraft:book":66,"minecraft:pitcher_plant":10,"born_in_chaos_v1:ethereal_spirit":3,"minecraft:quartz":26,"minecraft:dandelion":1,"minecraft:dripstone_block":26,"minecraft:torchflower_seeds":2,"minecraft:gravel":6,"minecraft:red_banner":2,"minecraft:spruce_log":4,"minecraft:nether_brick_slab":1,"minecraft:spider_eye":6,"minecraft:oak_wood":3,"minecraft:scute":1,"minecraft:cherry_sapling":1,"minecraft:gray_wool":11,"minecraft:melon_seeds":16,"minecraft:coal":161,"minecraft:sunflower":13},"minecraft:dropped":{"minecraft:iron_sword":2,"minecraft:lapis_lazuli":4,"minecraft:cooked_beef":16,"minecraft:oak_log":1,"minecraft:glass_bottle":1,"minecraft:diamond":1,"minecraft:dark_oak_sapling":1,"luminousworld:decorative_red_1":2,"minecraft:rail":9,"minecraft:item_frame":1,"minecraft:dirt":4,"minecraft:dark_oak_log":1,"supplementaries:rope":9,"artifacts:superstitious_hat":1,"minecraft:mutton":1,"minecraft:stripped_dark_oak_wood":3,"minecraft:gold_nugget":7,"alexscaves:cave_map":1,"minecraft:wooden_sword":1,"minecraft:sand":18,"minecraft:glistering_melon_slice":3,"minecraft:white_wool":1,"minecraft:armor_stand":2,"minecraft:bone":6,"minecraft:golden_chestplate":1,"minecraft:iron_nugget":1,"minecraft:cooked_chicken":1,"minecraft:detector_rail":2,"minecraft:wheat":1,"minecraft:cherry_sapling":1,"minecraft:rotten_flesh":14,"minecraft:rabbit_hide":4,"supplementaries:flax_seeds":3,"supplementaries:ash":1,"minecraft:melon_seeds":3,"born_in_chaos_v1:corpse_maggot":1,"minecraft:beetroot_seeds":2,"minecraft:leather_boots":2,"minecraft:chest":1,"minecraft:red_nether_bricks":5,"minecraft:iron_bars":3,"minecraft:arrow":1,"minecraft:crying_obsidian":3,"minecraft:netherrack":3,"minecraft:egg":1,"minecraft:bread":6,"minecraft:iron_ingot":46,"minecraft:wheat_seeds":30,"minecraft:golden_helmet":1,"minecraft:tnt":5,"minecraft:smooth_quartz_stairs":1,"minecraft:cobblestone":78,"minecraft:copper_ingot":6,"minecraft:coal":9,"minecraft:golden_apple":1,"minecraft:mushroom_stew":1,"minecraft:stick":15,"minecraft:gray_wool":8,"tombstone:grave_key":1,"minecraft:potion":2,"tombstone:grave_dust":1,"minecraft:iron_leggings":1,"minecraft:flowering_azalea":1,"minecraft:string":44,"minecraft:pink_petals":9,"minecraft:polished_deepslate_wall":1,"minecraft:bucket":2,"minecraft:polished_deepslate":1,"minecraft:nether_brick_slab":1,"minecraft:soul_soil":1,"minecraft:player_head":1,"minecraft:dark_oak_sign":1,"supplementaries:bomb":2,"minecraft:polished_deepslate_slab":1,"sophisticatedbackpacks:backpack":1,"minecraft:flower_pot":1},"minecraft:custom":{"minecraft:interact_with_crafting_table":95,"minecraft:open_barrel":75,"minecraft:eat_cake_slice":2,"minecraft:leave_game":10,"minecraft:time_since_death":44026,"minecraft:damage_resisted":75,"minecraft:sprint_one_cm":1420162,"minecraft:damage_blocked_by_shield":3887,"minecraft:drop":132,"minecraft:play_time":637982,"minecraft:deaths":25,"minecraft:jump":8842,"minecraft:interact_with_brewingstand":1,"minecraft:walk_on_water_one_cm":82593,"minecraft:interact_with_furnace":66,"minecraft:interact_with_loom":14,"minecraft:sleep_in_bed":21,"minecraft:damage_dealt":31063,"minecraft:player_kills":3,"minecraft:crouch_one_cm":21947,"tombstone:undead_killed":47,"minecraft:interact_with_smoker":17,"minecraft:interact_with_smithing_table":2,"minecraft:mob_kills":149,"minecraft:damage_dealt_resisted":948,"minecraft:climb_one_cm":67448,"minecraft:walk_one_cm":2181239,"minecraft:sneak_time":9904,"minecraft:walk_under_water_one_cm":28474,"minecraft:interact_with_blast_furnace":13,"minecraft:total_world_time":637982,"tombstone:raider_killed":3,"minecraft:time_since_rest":16,"minecraft:damage_taken":12470,"minecraft:damage_absorbed":331,"minecraft:swim_one_cm":82098,"minecraft:fly_one_cm":1579229,"minecraft:open_chest":343,"minecraft:fall_one_cm":155632},"minecraft:killed":{"undead_revamp2:thewolf":1,"earthmobsmod:duck":1,"minecraft:cave_spider":5,"earthmobsmod:jumbo_rabbit":1,"born_in_chaos_v1:restless_spirit":2,"minecraft:spider":3,"undead_revamp2:axestrom":1,"born_in_chaos_v1:siamese_skeletonsright":2,"illagerinvasion:basher":1,"minecraft:skeleton":4,"minecraft:bee":1,"born_in_chaos_v1:diamond_termite":10,"minecraft:sheep":1,"minecraft:zombie":2,"born_in_chaos_v1:dread_hound":3,"born_in_chaos_v1:corpse_fly":8,"enemyexpansion:botfly":1,"luminousworld:dark_oak_zombie":1,"born_in_chaos_v1:siamese_skeletonsleft":1,"minecraft:blaze":2,"alexsmobs:tiger":1,"alexsmobs:raccoon":1,"minecraft:vindicator":1,"illagerinvasion:marauder":1,"minecraft:slime":1,"enemyexpansion:direwolf":6,"born_in_chaos_v1:maggot":2,"alexsmobs:bison":2,"undead_revamp2:sucker":1,"born_in_chaos_v1:barrel_zombie":1,"minecraft:husk":13,"earthmobsmod:bouldering_zombie":2,"undead_revamp2:the_moonflower":2,"enemyexpansion:sprinter":1,"earthmobsmod:cream_cow":31,"born_in_chaos_v1:decrepit_skeleton":4,"iceandfire:ghost":1,"enemyexpansion:huntsman":1,"born_in_chaos_v1:nightmare_stalker":1,"alexsmobs:crow":1,"minecraft:wither_skeleton":10},"minecraft:mined":{"minecraft:dark_oak_planks":59,"minecraft:attached_melon_stem":2,"minecraft:farmland":3,"quark:yellow_blossom_leaves":1,"minecraft:sculk_vein":2,"minecraft:red_nether_bricks":7,"minecraft:brewing_stand":1,"quark:glow_shroom_stem":4,"minecraft:budding_amethyst":3,"minecraft:grass_block":61,"placeablesmod:carrot_block_1":1,"minecraft:light_gray_bed":1,"minecraft:nether_wart":2,"quark:glow_lichen_growth":4,"minecraft:spawner":2,"minecraft:magma_block":4,"minecraft:glowstone":16,"minecraft:red_nether_brick_stairs":1,"minecraft:barrel":3,"minecraft:iron_ore":5,"minecraft:fire":19,"minecraft:stripped_dark_oak_wood":3,"minecraft:nether_brick_stairs":5,"iceandfire:gold_pile":8,"supplementaries:stick":1,"minecraft:pointed_dripstone":3,"minecraft:water_cauldron":1,"minecraft:cave_vines":3,"minecraft:polished_deepslate_slab":1,"minecraft:iron_bars":2,"minecraft:small_amethyst_bud":1,"minecraft:stripped_mangrove_wood":5,"minecraft:player_head":8,"minecraft:deepslate_redstone_ore":2,"minecraft:potted_brown_mushroom":1,"minecraft:blackstone":7,"minecraft:melon_stem":6,"minecraft:powder_snow":41,"born_in_chaos_v1:infected_deepslate_diamond_ore":4,"minecraft:torch":6,"minecraft:melon":2,"minecraft:calcite":8,"minecraft:poppy":1,"minecraft:chest":2,"minecraft:nether_brick_slab":1,"quark:blossom_log":6,"minecraft:glass":4,"minecraft:nether_quartz_ore":27,"minecraft:cobblestone":23,"minecraft:cyan_bed":4,"minecraft:oak_planks":38,"minecraft:wall_torch":2,"minecraft:amethyst_block":11,"minecraft:pink_petals":13,"minecraft:skeleton_skull":1,"minecraft:red_candle":1,"minecraft:dark_oak_door":1,"minecraft:wheat":45,"minecraft:pitcher_plant":5,"minecraft:torchflower_crop":2,"minecraft:birch_door":2,"quark:glow_shroom":2,"minecraft:grass":105,"minecraft:oak_log":23,"minecraft:beetroots":7,"minecraft:lime_terracotta":10,"minecraft:sand":11,"minecraft:dirt":40,"quark:glow_shroom_ring":2,"minecraft:tripwire_hook":1,"minecraft:netherrack":223,"minecraft:polished_deepslate_wall":1,"minecraft:oak_leaves":6,"minecraft:deepslate":38,"minecraft:yellow_terracotta":25,"alexscaves:spelunkery_table":2,"minecraft:tuff":6,"iceandfire:silver_ore":4,"minecraft:dark_oak_leaves":1,"minecraft:deepslate_diamond_ore":2,"minecraft:candle":1,"minecraft:dark_oak_log":81,"minecraft:potted_flowering_azalea_bush":1,"minecraft:nether_bricks":4,"quark:framed_glass":1,"minecraft:glow_lichen":1,"luminousworld:grassvariant_2":2,"minecraft:soul_campfire":1,"minecraft:mangrove_trapdoor":1,"luminousworld:groundpebbles_3":2,"iceandfire:chared_grass":1,"minecraft:hay_block":6,"minecraft:black_stained_glass_pane":2,"minecraft:redstone_ore":13,"minecraft:carrots":17,"supplementaries:flax":10,"minecraft:nether_brick_fence":2,"minecraft:polished_deepslate":4,"minecraft:bookshelf":22,"minecraft:deepslate_iron_ore":18,"minecraft:vine":7,"minecraft:stripped_oak_log":2,"minecraft:smooth_quartz_stairs":1,"luminousworld:groundpebbles_2":3,"minecraft:stone":198,"minecraft:oak_slab":1,"minecraft:mangrove_stairs":1,"minecraft:glass_pane":2,"minecraft:crafting_table":3,"minecraft:cornflower":1,"minecraft:oak_wood":3,"minecraft:campfire":5,"minecraft:copper_ore":9,"quark:glow_shroom_block":8,"minecraft:tall_grass":2,"minecraft:deepslate_gold_ore":14,"minecraft:sculk":36,"supplementaries:urn":5,"minecraft:gray_wool":7,"minecraft:black_stained_glass":2,"minecraft:torchflower":7,"minecraft:spruce_log":4,"minecraft:yellow_bed":2,"minecraft:red_wall_banner":2,"minecraft:mangrove_slab":2,"minecraft:coal_ore":148,"minecraft:pitcher_crop":6,"minecraft:sunflower":12,"minecraft:gravel":3,"minecraft:dripstone_block":27,"minecraft:cobweb":40,"minecraft:cracked_stone_bricks":6,"minecraft:stone_bricks":11,"minecraft:mossy_stone_bricks":5,"minecraft:gold_ore":24}},"DataVersion":3465}