{"stats":{"minecraft:used":{"minecraft:wooden_axe":2,"alexsmobs:animal_dictionary":1,"minecraft:crafting_table":1},"minecraft:crafted":{"minecraft:wooden_sword":1,"minecraft:crafting_table":1,"minecraft:spruce_planks":16,"minecraft:stick":8,"minecraft:wooden_axe":1},"minecraft:picked_up":{"minecraft:crafting_table":1,"minecraft:spruce_log":4},"minecraft:custom":{"minecraft:jump":99,"minecraft:time_since_rest":14947,"minecraft:damage_taken":200,"minecraft:sprint_one_cm":12459,"minecraft:play_time":14947,"minecraft:time_since_death":14947,"minecraft:walk_one_cm":17967,"minecraft:total_world_time":14947,"minecraft:interact_with_crafting_table":1,"minecraft:fall_one_cm":1896,"minecraft:fly_one_cm":6865},"minecraft:mined":{"minecraft:spruce_log":4,"minecraft:crafting_table":1}},"DataVersion":3465}