{"stats":{"minecraft:killed_by":{"undead_revamp2:sucker":1},"minecraft:used":{"minecraft:wooden_axe":2,"minecraft:stone_sword":8,"minecraft:cyan_bed":1,"minecraft:bread":3,"minecraft:wooden_pickaxe":29,"minecraft:player_head":1,"minecraft:stone_axe":41,"minecraft:glow_berries":6,"minecraft:dirt":15,"minecraft:cobblestone":4,"minecraft:crafting_table":2,"tombstone:gift":2,"alexsmobs:animal_dictionary":1},"minecraft:crafted":{"minecraft:wooden_sword":1,"minecraft:oak_planks":24,"minecraft:crafting_table":2,"minecraft:spruce_planks":16,"minecraft:stick":16,"minecraft:wooden_pickaxe":1,"minecraft:wooden_axe":1,"minecraft:stone_sword":1,"minecraft:stone_axe":1},"minecraft:picked_up":{"minecraft:dark_oak_sapling":1,"minecraft:crafting_table":2,"minecraft:oak_log":6,"tombstone:grave_dust":1,"minecraft:cyan_bed":1,"minecraft:spruce_log":4,"minecraft:dark_oak_log":35,"minecraft:dirt":17,"minecraft:apple":1,"minecraft:player_head":1,"minecraft:calcite":8,"minecraft:dark_oak_sign":1,"minecraft:bread":3,"luminousworld:decorative_red_1":1,"minecraft:glow_berries":9,"minecraft:cobblestone":27},"minecraft:dropped":{"tombstone:grave_dust":1},"minecraft:custom":{"minecraft:time_since_rest":329,"minecraft:sprint_one_cm":51296,"minecraft:damage_taken":585,"minecraft:walk_one_cm":147553,"minecraft:drop":1,"minecraft:damage_dealt":249,"minecraft:swim_one_cm":2967,"minecraft:interact_with_crafting_table":5,"minecraft:fly_one_cm":20664,"minecraft:open_barrel":4,"minecraft:crouch_one_cm":53,"minecraft:play_time":112125,"minecraft:deaths":1,"minecraft:sneak_time":53,"minecraft:walk_under_water_one_cm":1250,"minecraft:jump":318,"minecraft:interact_with_blast_furnace":3,"minecraft:leave_game":1,"minecraft:time_since_death":16338,"minecraft:walk_on_water_one_cm":768,"minecraft:sleep_in_bed":3,"minecraft:climb_one_cm":736,"minecraft:total_world_time":112125,"minecraft:fall_one_cm":7514},"minecraft:mined":{"minecraft:dark_oak_leaves":1,"minecraft:spruce_log":4,"minecraft:dark_oak_log":34,"minecraft:powder_snow":41,"minecraft:crafting_table":2,"minecraft:calcite":4,"minecraft:grass_block":2,"minecraft:oak_log":3,"minecraft:dirt":15,"luminousworld:grassvariant_2":1,"minecraft:cyan_bed":1,"minecraft:stone":24,"minecraft:player_head":1}},"DataVersion":3465}