{"stats":{"minecraft:broken":{"minecraft:stone_sword":1,"minecraft:stone_axe":1,"minecraft:iron_sword":1},"minecraft:killed_by":{"undead_revamp2:sucker":1},"minecraft:used":{"minecraft:beetroot":3,"minecraft:stone_sword":130,"minecraft:stone_pickaxe":1,"minecraft:shield":3,"minecraft:oak_planks":1,"minecraft:wooden_pickaxe":56,"minecraft:iron_sword":312,"minecraft:player_head":1,"minecraft:stick":1,"minecraft:glow_berries":11,"minecraft:dirt":15,"minecraft:crafting_table":6,"minecraft:campfire":1,"minecraft:mushroom_stew":1,"minecraft:carrot":29,"minecraft:wooden_axe":47,"minecraft:dark_oak_planks":112,"minecraft:apple":1,"minecraft:bread":6,"minecraft:cyan_bed":2,"minecraft:stone_axe":112,"minecraft:cobblestone":4,"tombstone:gift":6,"alexsmobs:animal_dictionary":1,"minecraft:light_gray_bed":1},"minecraft:crafted":{"minecraft:wooden_sword":1,"minecraft:oak_planks":24,"minecraft:crafting_table":3,"minecraft:spruce_planks":16,"minecraft:iron_helmet":1,"minecraft:wooden_pickaxe":1,"minecraft:iron_sword":2,"minecraft:campfire":1,"minecraft:stone_axe":1,"minecraft:iron_boots":1,"minecraft:shield":1,"minecraft:stone_pickaxe":1,"minecraft:stick":36,"minecraft:wooden_axe":2,"minecraft:stone_sword":1,"minecraft:dark_oak_planks":316},"minecraft:picked_up":{"minecraft:charcoal":10,"minecraft:birch_door":2,"minecraft:crafting_table":3,"minecraft:flower_pot":1,"minecraft:oak_log":6,"minecraft:polished_deepslate_wall":1,"minecraft:polished_deepslate":4,"minecraft:mangrove_slab":2,"minecraft:dirt":20,"minecraft:soul_soil":1,"minecraft:red_nether_bricks":6,"minecraft:apple":1,"minecraft:rabbit_hide":2,"tombstone:bag_of_seeds":1,"minecraft:dark_oak_sign":1,"minecraft:player_head":1,"minecraft:calcite":12,"luminousworld:decorative_red_1":2,"minecraft:chest":1,"minecraft:flowering_azalea":1,"minecraft:oak_planks":1,"minecraft:smooth_quartz_stairs":1,"minecraft:raw_iron":1,"minecraft:stick":1,"minecraft:dark_oak_sapling":1,"minecraft:polished_deepslate_slab":1,"minecraft:stripped_mangrove_wood":5,"tombstone:grave_dust":1,"minecraft:carrot":1,"minecraft:spruce_log":4,"minecraft:cyan_bed":2,"minecraft:mangrove_trapdoor":1,"minecraft:dark_oak_log":81,"minecraft:dark_oak_planks":36,"minecraft:light_gray_bed":1,"minecraft:rotten_flesh":9,"minecraft:spruce_button":1,"minecraft:stripped_dark_oak_wood":3,"minecraft:bread":3,"minecraft:glow_berries":9,"minecraft:iron_bars":2,"minecraft:cobblestone":32},"minecraft:dropped":{"minecraft:soul_soil":1,"minecraft:dark_oak_sign":1,"minecraft:smooth_quartz_stairs":1,"minecraft:dark_oak_sapling":1,"minecraft:cobblestone":18,"minecraft:rotten_flesh":10,"minecraft:polished_deepslate_slab":1,"luminousworld:decorative_red_1":2,"minecraft:dirt":4,"minecraft:flower_pot":1,"tombstone:grave_key":1,"minecraft:wooden_sword":1,"minecraft:stripped_dark_oak_wood":3,"minecraft:chest":1,"tombstone:grave_dust":1,"minecraft:red_nether_bricks":5,"minecraft:flowering_azalea":1,"minecraft:iron_bars":2,"minecraft:polished_deepslate_wall":1,"minecraft:polished_deepslate":1},"minecraft:custom":{"minecraft:interact_with_furnace":2,"minecraft:mob_kills":19,"minecraft:interact_with_crafting_table":15,"minecraft:open_barrel":4,"minecraft:eat_cake_slice":2,"minecraft:time_since_death":9627,"minecraft:leave_game":1,"minecraft:sleep_in_bed":4,"minecraft:climb_one_cm":736,"minecraft:time_since_rest":8768,"minecraft:sprint_one_cm":116237,"minecraft:damage_taken":1563,"minecraft:walk_one_cm":319804,"minecraft:damage_blocked_by_shield":7,"minecraft:drop":22,"minecraft:damage_dealt":5960,"minecraft:swim_one_cm":9083,"minecraft:fly_one_cm":61341,"minecraft:open_chest":14,"minecraft:crouch_one_cm":2370,"minecraft:play_time":148125,"tombstone:undead_killed":14,"minecraft:deaths":3,"minecraft:sneak_time":2546,"minecraft:walk_under_water_one_cm":3340,"minecraft:jump":864,"minecraft:interact_with_blast_furnace":10,"minecraft:walk_on_water_one_cm":4029,"minecraft:total_world_time":148125,"minecraft:fall_one_cm":15377},"minecraft:killed":{"minecraft:husk":13,"earthmobsmod:jumbo_rabbit":1,"enemyexpansion:botfly":1,"luminousworld:dark_oak_zombie":1},"minecraft:mined":{"minecraft:dark_oak_planks":38,"minecraft:mangrove_stairs":1,"quark:yellow_blossom_leaves":1,"minecraft:dark_oak_leaves":1,"minecraft:red_nether_bricks":6,"minecraft:dark_oak_log":81,"minecraft:potted_flowering_azalea_bush":1,"minecraft:powder_snow":41,"minecraft:crafting_table":3,"minecraft:grass_block":4,"minecraft:calcite":8,"minecraft:chest":1,"placeablesmod:carrot_block_1":1,"minecraft:light_gray_bed":1,"minecraft:campfire":5,"luminousworld:grassvariant_2":1,"minecraft:mangrove_trapdoor":1,"minecraft:soul_campfire":1,"minecraft:cyan_bed":2,"minecraft:oak_planks":1,"minecraft:spawner":1,"minecraft:black_stained_glass_pane":2,"minecraft:red_candle":1,"minecraft:iron_ore":1,"minecraft:spruce_log":4,"minecraft:birch_door":2,"minecraft:stripped_dark_oak_wood":3,"supplementaries:stick":1,"minecraft:polished_deepslate":4,"minecraft:mangrove_slab":2,"minecraft:cave_vines":3,"minecraft:oak_log":3,"minecraft:polished_deepslate_slab":1,"minecraft:iron_bars":1,"minecraft:dirt":16,"minecraft:smooth_quartz_stairs":1,"minecraft:stone":29,"minecraft:stripped_mangrove_wood":5,"minecraft:player_head":1,"minecraft:polished_deepslate_wall":1,"minecraft:oak_leaves":2}},"DataVersion":3465}