{"stats":{"minecraft:killed_by":{"undead_revamp2:sucker":1},"minecraft:used":{"minecraft:stone_sword":51,"minecraft:oak_planks":1,"minecraft:wooden_pickaxe":41,"minecraft:iron_sword":228,"minecraft:player_head":1,"minecraft:glow_berries":11,"minecraft:dirt":15,"minecraft:crafting_table":3,"minecraft:carrot":29,"minecraft:wooden_axe":2,"minecraft:dark_oak_planks":32,"minecraft:apple":1,"minecraft:bread":3,"minecraft:cyan_bed":1,"minecraft:stone_axe":103,"minecraft:cobblestone":4,"tombstone:gift":2,"alexsmobs:animal_dictionary":1},"minecraft:crafted":{"minecraft:wooden_sword":1,"minecraft:oak_planks":24,"minecraft:crafting_table":2,"minecraft:spruce_planks":16,"minecraft:iron_helmet":1,"minecraft:wooden_pickaxe":1,"minecraft:iron_sword":1,"minecraft:stone_axe":1,"minecraft:stick":16,"minecraft:wooden_axe":1,"minecraft:stone_sword":1,"minecraft:dark_oak_planks":240},"minecraft:picked_up":{"minecraft:charcoal":8,"minecraft:crafting_table":3,"minecraft:oak_log":6,"minecraft:polished_deepslate":1,"minecraft:mangrove_slab":2,"minecraft:dirt":18,"minecraft:soul_soil":1,"minecraft:red_nether_bricks":5,"minecraft:apple":1,"tombstone:bag_of_seeds":1,"minecraft:dark_oak_sign":1,"minecraft:player_head":1,"minecraft:calcite":10,"luminousworld:decorative_red_1":2,"minecraft:chest":1,"minecraft:flowering_azalea":1,"minecraft:oak_planks":1,"minecraft:smooth_quartz_stairs":1,"minecraft:dark_oak_sapling":1,"minecraft:polished_deepslate_slab":1,"minecraft:stripped_mangrove_wood":4,"tombstone:grave_dust":1,"minecraft:carrot":1,"minecraft:spruce_log":4,"minecraft:cyan_bed":1,"minecraft:dark_oak_log":60,"minecraft:dark_oak_planks":6,"minecraft:rotten_flesh":6,"minecraft:stripped_dark_oak_wood":3,"minecraft:bread":3,"minecraft:glow_berries":9,"minecraft:iron_bars":2,"minecraft:cobblestone":27},"minecraft:dropped":{"minecraft:polished_deepslate_slab":1,"luminousworld:decorative_red_1":1,"tombstone:grave_key":1,"tombstone:grave_dust":1,"minecraft:iron_bars":1},"minecraft:custom":{"minecraft:mob_kills":13,"minecraft:interact_with_crafting_table":8,"minecraft:open_barrel":4,"minecraft:time_since_death":28338,"minecraft:leave_game":1,"minecraft:sleep_in_bed":3,"minecraft:climb_one_cm":736,"minecraft:time_since_rest":12329,"minecraft:sprint_one_cm":56470,"minecraft:damage_taken":943,"minecraft:walk_one_cm":182733,"minecraft:drop":5,"minecraft:damage_dealt":4337,"minecraft:swim_one_cm":2967,"minecraft:fly_one_cm":22712,"minecraft:open_chest":8,"minecraft:crouch_one_cm":731,"minecraft:play_time":124125,"tombstone:undead_killed":10,"minecraft:deaths":1,"minecraft:sneak_time":1970,"minecraft:walk_under_water_one_cm":1250,"minecraft:jump":433,"minecraft:interact_with_blast_furnace":3,"minecraft:walk_on_water_one_cm":768,"minecraft:total_world_time":124125,"minecraft:fall_one_cm":8828},"minecraft:killed":{"minecraft:husk":9,"enemyexpansion:botfly":1,"luminousworld:dark_oak_zombie":1},"minecraft:mined":{"minecraft:dark_oak_planks":8,"minecraft:dark_oak_leaves":1,"minecraft:red_nether_bricks":5,"minecraft:dark_oak_log":59,"minecraft:potted_flowering_azalea_bush":1,"minecraft:powder_snow":41,"minecraft:crafting_table":3,"minecraft:grass_block":3,"minecraft:calcite":6,"minecraft:chest":1,"placeablesmod:carrot_block_1":1,"minecraft:campfire":4,"luminousworld:grassvariant_2":1,"minecraft:soul_campfire":1,"minecraft:cyan_bed":1,"minecraft:oak_planks":1,"minecraft:spruce_log":4,"minecraft:stripped_dark_oak_wood":3,"minecraft:polished_deepslate":1,"minecraft:mangrove_slab":2,"minecraft:cave_vines":3,"minecraft:oak_log":3,"minecraft:polished_deepslate_slab":1,"minecraft:iron_bars":1,"minecraft:dirt":15,"minecraft:smooth_quartz_stairs":1,"minecraft:stone":24,"minecraft:stripped_mangrove_wood":4,"minecraft:player_head":1}},"DataVersion":3465}