{"stats":{"minecraft:broken":{"minecraft:stone_sword":1,"minecraft:stone_axe":1,"minecraft:iron_sword":1},"minecraft:killed_by":{"undead_revamp2:sucker":1},"minecraft:used":{"minecraft:beetroot":3,"minecraft:stone_sword":130,"born_in_chaos_v1:ethereal_spirit":2,"minecraft:chest":1,"minecraft:shield":15,"minecraft:iron_sword":360,"minecraft:player_head":1,"minecraft:rotten_flesh":2,"minecraft:stick":1,"minecraft:dirt":15,"minecraft:carrot":29,"minecraft:dark_oak_planks":213,"born_in_chaos_v1:corpse_maggot":4,"minecraft:wooden_axe":47,"alexsmobs:maggot":1,"tombstone:gift":8,"minecraft:light_gray_bed":1,"minecraft:stone_pickaxe":1,"minecraft:oak_planks":1,"minecraft:wooden_pickaxe":56,"minecraft:glow_berries":11,"minecraft:crafting_table":7,"minecraft:mushroom_stew":1,"minecraft:campfire":1,"minecraft:shears":3,"earthmobsmod:duck_egg":1,"minecraft:apple":1,"minecraft:cyan_bed":2,"minecraft:bread":11,"minecraft:stone_axe":112,"minecraft:cobblestone":4,"minecraft:potion":3,"minecraft:cooked_porkchop":3,"alexsmobs:animal_dictionary":1},"minecraft:crafted":{"minecraft:wooden_sword":1,"minecraft:oak_planks":24,"aether:golden_gloves":1,"minecraft:dark_oak_door":3,"minecraft:iron_boots":1,"minecraft:iron_hoe":1,"minecraft:stone_pickaxe":1,"minecraft:dark_oak_planks":316,"minecraft:crafting_table":4,"minecraft:spruce_planks":16,"minecraft:wooden_pickaxe":1,"minecraft:iron_helmet":1,"minecraft:iron_sword":2,"minecraft:campfire":1,"minecraft:stone_axe":1,"minecraft:air":0,"minecraft:shield":1,"minecraft:stick":40,"minecraft:wooden_axe":2,"minecraft:stone_sword":1,"minecraft:gold_ingot":6,"minecraft:shears":1},"minecraft:picked_up":{"minecraft:charcoal":10,"minecraft:crafting_table":3,"minecraft:birch_door":2,"minecraft:chicken":1,"minecraft:flower_pot":1,"born_in_chaos_v1:seedof_chaos":1,"minecraft:potion":1,"minecraft:polished_deepslate_wall":1,"minecraft:polished_deepslate":4,"minecraft:soul_soil":1,"minecraft:red_nether_bricks":6,"minecraft:bucket":2,"earthmobsmod:duck_egg":1,"minecraft:calcite":12,"minecraft:player_head":1,"luminousworld:decorative_red_1":2,"minecraft:chest":2,"minecraft:smooth_quartz_stairs":1,"minecraft:stripped_mangrove_wood":5,"minecraft:polished_deepslate_slab":1,"minecraft:dark_oak_sapling":1,"minecraft:stick":1,"minecraft:raw_iron":1,"tombstone:grave_dust":3,"minecraft:carrot":1,"minecraft:mangrove_trapdoor":1,"minecraft:dark_oak_planks":36,"minecraft:light_gray_bed":1,"minecraft:rotten_flesh":11,"minecraft:stripped_dark_oak_wood":3,"supplementaries:ash":1,"minecraft:glow_berries":9,"minecraft:mutton":1,"minecraft:iron_bars":2,"minecraft:cobblestone":32,"minecraft:white_wool":1,"born_in_chaos_v1:corpse_maggot":3,"minecraft:pink_petals":5,"born_in_chaos_v1:monster_flesh":1,"minecraft:oak_log":7,"minecraft:dirt":20,"minecraft:mangrove_slab":2,"minecraft:bone":2,"minecraft:apple":1,"minecraft:rabbit_hide":4,"minecraft:dark_oak_sign":1,"tombstone:bag_of_seeds":1,"minecraft:oak_planks":1,"minecraft:flowering_azalea":1,"minecraft:cooked_porkchop":3,"minecraft:spruce_log":4,"minecraft:cyan_bed":2,"minecraft:dark_oak_log":82,"minecraft:spruce_button":1,"minecraft:bread":3,"minecraft:sunflower":2},"minecraft:dropped":{"minecraft:oak_log":1,"minecraft:glass_bottle":1,"minecraft:smooth_quartz_stairs":1,"minecraft:dark_oak_sapling":1,"minecraft:cobblestone":18,"luminousworld:decorative_red_1":2,"minecraft:coal":6,"minecraft:stick":15,"minecraft:dirt":4,"minecraft:dark_oak_log":1,"tombstone:grave_key":1,"minecraft:mutton":1,"minecraft:stripped_dark_oak_wood":3,"tombstone:grave_dust":1,"minecraft:potion":1,"minecraft:wooden_sword":1,"minecraft:flowering_azalea":1,"minecraft:bucket":2,"minecraft:pink_petals":5,"minecraft:polished_deepslate_wall":1,"minecraft:white_wool":1,"minecraft:bone":2,"minecraft:polished_deepslate":1,"minecraft:soul_soil":1,"minecraft:dark_oak_sign":1,"minecraft:polished_deepslate_slab":1,"minecraft:rotten_flesh":10,"minecraft:rabbit_hide":4,"supplementaries:ash":1,"minecraft:flower_pot":1,"minecraft:chest":1,"minecraft:red_nether_bricks":5,"minecraft:iron_bars":2},"minecraft:custom":{"minecraft:mob_kills":30,"minecraft:interact_with_crafting_table":19,"minecraft:open_barrel":4,"minecraft:eat_cake_slice":2,"minecraft:leave_game":1,"minecraft:time_since_death":39627,"minecraft:climb_one_cm":736,"minecraft:damage_resisted":75,"minecraft:sprint_one_cm":222866,"minecraft:walk_one_cm":471398,"minecraft:damage_blocked_by_shield":257,"minecraft:drop":39,"minecraft:play_time":178125,"minecraft:deaths":3,"minecraft:sneak_time":2780,"minecraft:walk_under_water_one_cm":3474,"minecraft:jump":1424,"minecraft:interact_with_brewingstand":1,"minecraft:interact_with_blast_furnace":10,"minecraft:walk_on_water_one_cm":5058,"minecraft:total_world_time":178125,"minecraft:interact_with_furnace":8,"minecraft:sleep_in_bed":4,"minecraft:time_since_rest":38768,"minecraft:damage_taken":2127,"minecraft:damage_dealt":7558,"minecraft:swim_one_cm":9083,"minecraft:fly_one_cm":196577,"minecraft:open_chest":32,"minecraft:crouch_one_cm":3433,"tombstone:undead_killed":15,"minecraft:fall_one_cm":26150},"minecraft:killed":{"earthmobsmod:duck":1,"earthmobsmod:jumbo_rabbit":1,"minecraft:bee":1,"minecraft:husk":13,"enemyexpansion:sprinter":1,"minecraft:sheep":1,"born_in_chaos_v1:dread_hound":2,"born_in_chaos_v1:corpse_fly":5,"enemyexpansion:botfly":1,"luminousworld:dark_oak_zombie":1},"minecraft:mined":{"minecraft:dark_oak_planks":38,"quark:yellow_blossom_leaves":1,"minecraft:dark_oak_leaves":1,"minecraft:dark_oak_log":81,"minecraft:red_nether_bricks":6,"minecraft:potted_flowering_azalea_bush":1,"minecraft:grass_block":9,"placeablesmod:carrot_block_1":1,"minecraft:light_gray_bed":1,"luminousworld:grassvariant_2":1,"minecraft:soul_campfire":1,"minecraft:mangrove_trapdoor":1,"minecraft:spawner":1,"minecraft:black_stained_glass_pane":2,"minecraft:iron_ore":1,"minecraft:stripped_dark_oak_wood":3,"minecraft:polished_deepslate":4,"supplementaries:stick":1,"minecraft:cave_vines":3,"minecraft:polished_deepslate_slab":1,"minecraft:iron_bars":1,"minecraft:smooth_quartz_stairs":1,"minecraft:stripped_mangrove_wood":5,"minecraft:stone":29,"minecraft:player_head":1,"minecraft:mangrove_stairs":1,"minecraft:glass_pane":2,"minecraft:powder_snow":41,"minecraft:crafting_table":3,"minecraft:calcite":8,"minecraft:chest":2,"minecraft:campfire":5,"minecraft:cyan_bed":3,"minecraft:oak_planks":1,"minecraft:pink_petals":2,"minecraft:red_candle":1,"minecraft:spruce_log":4,"minecraft:birch_door":2,"minecraft:grass":6,"minecraft:mangrove_slab":2,"minecraft:oak_log":3,"minecraft:sunflower":4,"minecraft:dirt":17,"minecraft:polished_deepslate_wall":1,"minecraft:oak_leaves":5}},"DataVersion":3465}