{"stats":{"minecraft:broken":{"minecraft:stone_pickaxe":1,"minecraft:stone_axe":1,"minecraft:iron_sword":3,"minecraft:golden_chestplate":1,"minecraft:stone_sword":1,"minecraft:iron_axe":1,"minecraft:iron_pickaxe":1},"minecraft:killed_by":{"mutantmonsters:mutant_zombie":1,"undead_revamp2:sucker":2,"undead_revamp2:the_moonflower":1,"minecraft:wither_skeleton":1,"minecraft:creeper":1,"minecraft:cave_spider":1,"enemyexpansion:trollenraged":1},"minecraft:used":{"minecraft:beetroot":3,"minecraft:diamond_hoe":44,"minecraft:chest":1,"minecraft:shield":159,"minecraft:iron_sword":817,"minecraft:player_head":4,"minecraft:rotten_flesh":2,"minecraft:carrot":38,"born_in_chaos_v1:corpse_maggot":4,"minecraft:glass":4,"minecraft:stone_bricks":8,"quark:blossom_chest":1,"minecraft:furnace":1,"minecraft:beetroot_seeds":7,"minecraft:torchflower":1,"minecraft:stone_pickaxe":131,"minecraft:oak_planks":8,"minecraft:wooden_pickaxe":56,"minecraft:golden_apple":8,"minecraft:glow_berries":11,"minecraft:pitcher_pod":6,"minecraft:mushroom_stew":1,"minecraft:shears":3,"earthmobsmod:duck_egg":1,"minecraft:cyan_bed":4,"minecraft:bread":32,"minecraft:melon_slice":1,"supplementaries:flax_seeds":3,"minecraft:torchflower_seeds":5,"minecraft:stone_sword":130,"born_in_chaos_v1:ethereal_spirit":2,"minecraft:cooked_chicken":1,"minecraft:stick":1,"minecraft:torch":239,"minecraft:dirt":38,"quark:framed_glass":5,"minecraft:wooden_axe":47,"minecraft:dark_oak_planks":216,"alexsmobs:maggot":1,"minecraft:iron_axe":345,"minecraft:melon_seeds":8,"tombstone:gift":8,"minecraft:cooked_beef":10,"minecraft:light_gray_bed":1,"minecraft:wheat_seeds":32,"minecraft:water_bucket":1,"minecraft:crafting_table":12,"supplementaries:bomb":3,"minecraft:campfire":1,"tombstone:tablet_of_home":3,"minecraft:dark_oak_door":4,"tombstone:bag_of_seeds":6,"minecraft:apple":13,"minecraft:sunflower":1,"minecraft:iron_pickaxe":316,"minecraft:stone_axe":112,"minecraft:cobblestone":65,"minecraft:potion":3,"minecraft:cooked_porkchop":3,"minecraft:red_banner":2,"minecraft:bucket":1,"minecraft:yellow_bed":2,"minecraft:pumpkin_pie":5,"quark:oak_chest":3,"alexsmobs:animal_dictionary":9,"minecraft:gray_wool":1},"minecraft:crafted":{"minecraft:oak_planks":80,"minecraft:cooked_chicken":1,"aether:golden_gloves":1,"minecraft:glass":11,"minecraft:dark_oak_door":3,"minecraft:iron_boots":2,"sophisticatedbackpacks:backpack":2,"quark:blossom_planks":24,"minecraft:crafting_table":9,"minecraft:spruce_planks":16,"minecraft:wooden_pickaxe":1,"minecraft:iron_helmet":2,"minecraft:campfire":1,"sophisticatedbackpacks:upgrade_base":1,"minecraft:tnt":4,"minecraft:string":4,"minecraft:iron_chestplate":2,"minecraft:shield":2,"minecraft:stick":96,"quark:oak_chest":3,"minecraft:iron_ingot":49,"minecraft:iron_pickaxe":2,"minecraft:stone_sword":1,"minecraft:gold_ingot":34,"minecraft:shears":1,"minecraft:wooden_sword":1,"minecraft:furnace":1,"quark:blossom_chest":3,"quark:framed_glass":4,"minecraft:iron_axe":1,"minecraft:iron_hoe":1,"born_in_chaos_v1:fried_maggot":16,"minecraft:stone_pickaxe":1,"minecraft:dark_oak_planks":316,"minecraft:golden_helmet":2,"sophisticatedbackpacks:iron_backpack":1,"minecraft:wheat":45,"minecraft:cooked_beef":10,"minecraft:iron_sword":7,"minecraft:bucket":1,"minecraft:stone_axe":1,"minecraft:air":0,"minecraft:bread":20,"minecraft:golden_apple":4,"minecraft:gold_nugget":117,"minecraft:wooden_axe":2,"minecraft:iron_leggings":1,"minecraft:torch":180},"minecraft:picked_up":{"minecraft:seagrass":1,"minecraft:birch_door":2,"minecraft:wheat":16,"minecraft:nether_brick_fence":1,"minecraft:flower_pot":2,"minecraft:prismarine_shard":3,"minecraft:potion":1,"minecraft:brewing_stand":1,"minecraft:polished_deepslate_wall":1,"minecraft:polished_deepslate":4,"minecraft:string":39,"minecraft:soul_soil":1,"minecraft:raw_copper":29,"minecraft:red_nether_bricks":6,"minecraft:iron_leggings":2,"minecraft:armor_stand":2,"minecraft:beetroot":2,"minecraft:cobbled_deepslate":80,"earthmobsmod:duck_egg":1,"minecraft:bucket":2,"minecraft:calcite":12,"quark:black_shard":4,"minecraft:smooth_quartz_stairs":1,"minecraft:dark_oak_door":1,"minecraft:stick":1,"quark:glow_shroom_ring":2,"minecraft:torch":12,"quark:blossom_log":6,"tombstone:grave_dust":6,"minecraft:pointed_dripstone":13,"born_in_chaos_v1:nightmare_claw":1,"supplementaries:flax":1,"minecraft:golden_chestplate":1,"minecraft:cauldron":1,"minecraft:light_gray_bed":1,"quark:clear_shard":15,"minecraft:rotten_flesh":33,"supplementaries:ash":8,"minecraft:iron_bars":3,"minecraft:cobblestone":248,"minecraft:pink_petals":34,"minecraft:leather_chestplate":1,"minecraft:cooked_beef":1,"alexsmobs:bison_fur":1,"minecraft:tuff":4,"undead_revamp2:huntereye":1,"luminousworld:purple_petunias":2,"supplementaries:flax_seeds":3,"minecraft:wither_skeleton_skull":2,"minecraft:map":1,"minecraft:dirt":56,"minecraft:mangrove_slab":2,"born_in_chaos_v1:monster_skin":3,"minecraft:leather_boots":2,"minecraft:bone":22,"minecraft:wheat_seeds":62,"minecraft:raw_gold":38,"minecraft:dark_oak_sign":1,"minecraft:mossy_stone_bricks":3,"minecraft:honeycomb":1,"minecraft:oak_planks":25,"minecraft:pitcher_pod":1,"minecraft:cooked_porkchop":3,"earthmobsmod:harder_flesh":2,"minecraft:sand":44,"quark:glow_lichen_growth":7,"minecraft:cyan_bed":4,"minecraft:dark_oak_log":82,"alexsmobs:animal_dictionary":1,"minecraft:bundle":1,"minecraft:diamond":2,"minecraft:golden_apple":1,"minecraft:spruce_button":1,"minecraft:bread":8,"minecraft:emerald":1,"alexsmobs:maggot":2,"iceandfire:raw_silver":3,"born_in_chaos_v1:diamond_termite_shard":10,"minecraft:charcoal":10,"luminousworld:groundpebbles_1":5,"minecraft:crafting_table":3,"iceandfire:witherbone":4,"minecraft:chicken":1,"minecraft:nether_wart":2,"born_in_chaos_v1:seedof_chaos":1,"minecraft:brown_mushroom":1,"minecraft:cornflower":1,"minecraft:iron_axe":3,"minecraft:item_frame":1,"minecraft:cracked_stone_bricks":5,"minecraft:candle":4,"minecraft:detector_rail":2,"minecraft:beef":24,"minecraft:player_head":4,"minecraft:poppy":1,"luminousworld:decorative_red_1":2,"minecraft:chest":2,"minecraft:diamond_hoe":1,"minecraft:egg":1,"minecraft:dark_oak_sapling":1,"minecraft:polished_deepslate_slab":1,"minecraft:stripped_mangrove_wood":5,"minecraft:raw_iron":22,"minecraft:carrot":6,"minecraft:redstone":65,"minecraft:mangrove_trapdoor":1,"minecraft:dark_oak_planks":51,"minecraft:tnt":1,"minecraft:arrow":9,"minecraft:beetroot_seeds":5,"minecraft:hay_block":6,"minecraft:stripped_dark_oak_wood":3,"minecraft:gold_ingot":7,"quark:framed_glass":1,"minecraft:glow_berries":9,"minecraft:mutton":1,"minecraft:rail":26,"minecraft:white_wool":1,"minecraft:skeleton_skull":1,"born_in_chaos_v1:fused_bone":4,"born_in_chaos_v1:corpse_maggot":11,"born_in_chaos_v1:monster_flesh":3,"minecraft:salmon":1,"minecraft:leather":13,"minecraft:torchflower":1,"minecraft:oak_log":19,"minecraft:yellow_bed":2,"minecraft:gunpowder":5,"minecraft:apple":1,"minecraft:stone_bricks":9,"minecraft:rabbit_hide":4,"minecraft:iron_ingot":55,"quark:glow_shroom":4,"minecraft:cooked_chicken":1,"tombstone:bag_of_seeds":3,"minecraft:iron_sword":1,"minecraft:flowering_azalea":1,"minecraft:book":63,"born_in_chaos_v1:ethereal_spirit":3,"minecraft:dandelion":1,"minecraft:torchflower_seeds":2,"minecraft:dripstone_block":26,"minecraft:gravel":6,"minecraft:red_banner":2,"minecraft:spruce_log":4,"minecraft:spider_eye":5,"minecraft:oak_wood":3,"minecraft:scute":1,"minecraft:gray_wool":11,"minecraft:melon_seeds":1,"minecraft:coal":75,"minecraft:sunflower":10},"minecraft:dropped":{"minecraft:iron_sword":2,"minecraft:lapis_lazuli":4,"minecraft:cooked_beef":1,"minecraft:oak_log":1,"minecraft:diamond":1,"minecraft:glass_bottle":1,"minecraft:dark_oak_sapling":1,"luminousworld:decorative_red_1":2,"minecraft:rail":9,"minecraft:dirt":4,"supplementaries:rope":9,"minecraft:dark_oak_log":1,"artifacts:superstitious_hat":1,"minecraft:mutton":1,"minecraft:stripped_dark_oak_wood":3,"minecraft:wooden_sword":1,"minecraft:glistering_melon_slice":3,"minecraft:white_wool":1,"minecraft:bone":4,"minecraft:armor_stand":2,"minecraft:detector_rail":2,"minecraft:cooked_chicken":1,"minecraft:wheat":1,"minecraft:rotten_flesh":14,"minecraft:rabbit_hide":4,"supplementaries:ash":1,"minecraft:beetroot_seeds":2,"minecraft:leather_boots":2,"minecraft:chest":1,"minecraft:red_nether_bricks":5,"minecraft:iron_bars":2,"minecraft:egg":1,"minecraft:iron_ingot":46,"minecraft:bread":6,"minecraft:golden_helmet":1,"minecraft:tnt":5,"minecraft:smooth_quartz_stairs":1,"minecraft:cobblestone":78,"minecraft:copper_ingot":6,"minecraft:coal":6,"minecraft:golden_apple":1,"minecraft:mushroom_stew":1,"minecraft:stick":15,"minecraft:gray_wool":8,"tombstone:grave_key":1,"tombstone:grave_dust":1,"minecraft:potion":2,"minecraft:flowering_azalea":1,"minecraft:pink_petals":5,"minecraft:polished_deepslate_wall":1,"minecraft:bucket":2,"minecraft:polished_deepslate":1,"minecraft:soul_soil":1,"minecraft:dark_oak_sign":1,"supplementaries:bomb":2,"minecraft:polished_deepslate_slab":1,"sophisticatedbackpacks:backpack":1,"minecraft:flower_pot":1},"minecraft:custom":{"minecraft:interact_with_crafting_table":78,"minecraft:open_barrel":40,"minecraft:eat_cake_slice":2,"minecraft:leave_game":4,"minecraft:time_since_death":4385,"minecraft:damage_resisted":75,"minecraft:sprint_one_cm":832781,"minecraft:damage_blocked_by_shield":3577,"minecraft:drop":88,"minecraft:play_time":436033,"minecraft:deaths":11,"minecraft:jump":5422,"minecraft:interact_with_brewingstand":1,"minecraft:walk_on_water_one_cm":62161,"minecraft:interact_with_furnace":48,"minecraft:sleep_in_bed":14,"minecraft:damage_dealt":21794,"minecraft:player_kills":3,"minecraft:crouch_one_cm":15434,"tombstone:undead_killed":41,"minecraft:interact_with_smoker":9,"minecraft:interact_with_smithing_table":2,"minecraft:mob_kills":96,"minecraft:damage_dealt_resisted":62,"minecraft:climb_one_cm":34874,"minecraft:walk_one_cm":1463683,"minecraft:sneak_time":7213,"minecraft:walk_under_water_one_cm":8029,"minecraft:interact_with_blast_furnace":10,"minecraft:total_world_time":436033,"tombstone:raider_killed":3,"minecraft:time_since_rest":4052,"minecraft:damage_taken":6787,"minecraft:damage_absorbed":291,"minecraft:swim_one_cm":14304,"minecraft:fly_one_cm":946240,"minecraft:open_chest":219,"minecraft:fall_one_cm":98597},"minecraft:killed":{"undead_revamp2:thewolf":1,"earthmobsmod:duck":1,"minecraft:cave_spider":5,"earthmobsmod:jumbo_rabbit":1,"born_in_chaos_v1:restless_spirit":2,"minecraft:spider":1,"born_in_chaos_v1:siamese_skeletonsright":2,"illagerinvasion:basher":1,"minecraft:skeleton":3,"minecraft:bee":1,"born_in_chaos_v1:diamond_termite":10,"minecraft:sheep":1,"minecraft:zombie":2,"born_in_chaos_v1:dread_hound":2,"born_in_chaos_v1:corpse_fly":8,"enemyexpansion:botfly":1,"luminousworld:dark_oak_zombie":1,"born_in_chaos_v1:siamese_skeletonsleft":1,"alexsmobs:raccoon":1,"minecraft:vindicator":1,"illagerinvasion:marauder":1,"enemyexpansion:direwolf":5,"born_in_chaos_v1:maggot":2,"alexsmobs:bison":2,"undead_revamp2:sucker":1,"born_in_chaos_v1:barrel_zombie":1,"minecraft:husk":13,"earthmobsmod:bouldering_zombie":2,"undead_revamp2:the_moonflower":2,"enemyexpansion:sprinter":1,"earthmobsmod:cream_cow":4,"born_in_chaos_v1:decrepit_skeleton":4,"iceandfire:ghost":1,"enemyexpansion:huntsman":1,"born_in_chaos_v1:nightmare_stalker":1,"minecraft:wither_skeleton":5},"minecraft:mined":{"minecraft:dark_oak_planks":53,"quark:yellow_blossom_leaves":1,"minecraft:red_nether_bricks":6,"minecraft:brewing_stand":1,"quark:glow_shroom_stem":2,"minecraft:grass_block":32,"placeablesmod:carrot_block_1":1,"minecraft:light_gray_bed":1,"minecraft:nether_wart":2,"quark:glow_lichen_growth":4,"minecraft:spawner":2,"minecraft:glowstone":2,"minecraft:iron_ore":3,"minecraft:fire":6,"minecraft:stripped_dark_oak_wood":3,"minecraft:pointed_dripstone":3,"supplementaries:stick":1,"minecraft:cave_vines":3,"minecraft:polished_deepslate_slab":1,"minecraft:water_cauldron":1,"minecraft:iron_bars":2,"minecraft:stripped_mangrove_wood":5,"minecraft:player_head":4,"minecraft:deepslate_redstone_ore":2,"minecraft:potted_brown_mushroom":1,"minecraft:melon_stem":2,"minecraft:powder_snow":41,"born_in_chaos_v1:infected_deepslate_diamond_ore":4,"minecraft:torch":5,"minecraft:calcite":8,"minecraft:poppy":1,"minecraft:chest":2,"quark:blossom_log":6,"minecraft:glass":4,"minecraft:cobblestone":23,"minecraft:cyan_bed":4,"minecraft:oak_planks":26,"minecraft:wall_torch":1,"minecraft:pink_petals":7,"minecraft:skeleton_skull":1,"minecraft:red_candle":1,"minecraft:wheat":34,"minecraft:torchflower_crop":2,"minecraft:birch_door":2,"quark:glow_shroom":2,"minecraft:grass":74,"minecraft:oak_log":16,"minecraft:beetroots":2,"minecraft:sand":11,"minecraft:dirt":30,"quark:glow_shroom_ring":2,"minecraft:tripwire_hook":1,"minecraft:polished_deepslate_wall":1,"minecraft:oak_leaves":6,"minecraft:deepslate":38,"minecraft:tuff":1,"iceandfire:silver_ore":3,"minecraft:deepslate_diamond_ore":2,"minecraft:dark_oak_leaves":1,"minecraft:candle":1,"minecraft:dark_oak_log":81,"minecraft:potted_flowering_azalea_bush":1,"minecraft:glow_lichen":1,"quark:framed_glass":1,"luminousworld:grassvariant_2":2,"minecraft:soul_campfire":1,"minecraft:mangrove_trapdoor":1,"luminousworld:groundpebbles_3":2,"minecraft:hay_block":6,"minecraft:black_stained_glass_pane":2,"minecraft:redstone_ore":13,"minecraft:carrots":4,"supplementaries:flax":1,"minecraft:nether_brick_fence":2,"minecraft:polished_deepslate":4,"minecraft:bookshelf":21,"minecraft:deepslate_iron_ore":18,"minecraft:vine":7,"minecraft:smooth_quartz_stairs":1,"luminousworld:groundpebbles_2":3,"minecraft:stone":161,"minecraft:oak_slab":1,"minecraft:mangrove_stairs":1,"minecraft:glass_pane":2,"minecraft:crafting_table":3,"minecraft:cornflower":1,"minecraft:oak_wood":3,"minecraft:campfire":5,"quark:glow_shroom_block":8,"minecraft:tall_grass":2,"minecraft:copper_ore":9,"minecraft:deepslate_gold_ore":14,"supplementaries:urn":2,"minecraft:black_stained_glass":2,"minecraft:gray_wool":7,"minecraft:torchflower":1,"minecraft:spruce_log":4,"minecraft:yellow_bed":2,"minecraft:red_wall_banner":2,"minecraft:mangrove_slab":2,"minecraft:coal_ore":67,"minecraft:pitcher_crop":1,"minecraft:sunflower":9,"minecraft:gravel":3,"minecraft:dripstone_block":27,"minecraft:cobweb":33,"minecraft:cracked_stone_bricks":6,"minecraft:stone_bricks":10,"minecraft:mossy_stone_bricks":5,"minecraft:gold_ore":24}},"DataVersion":3465}