{"stats":{"minecraft:picked_up":{"minecraft:birch_log":2,"luminousworld:groundpebbles_1":2,"minecraft:pink_petals":2,"luminousworld:decorative_brown_2":2,"minecraft:torch":4,"minecraft:red_mushroom":2,"minecraft:oak_log":4,"minecraft:spruce_sapling":1,"minecraft:spruce_log":10,"minecraft:dark_oak_log":10,"minecraft:dirt":61,"luminousworld:decorative_brown_mushroom_1":1,"minecraft:wheat_seeds":4},"minecraft:custom":{"minecraft:time_since_rest":3121,"minecraft:walk_one_cm":165024,"minecraft:damage_taken":514,"minecraft:damage_dealt":44,"minecraft:fly_one_cm":3580,"minecraft:play_time":16578,"minecraft:deaths":2,"minecraft:jump":393,"minecraft:time_since_death":3207,"minecraft:walk_on_water_one_cm":7169,"minecraft:total_world_time":16578,"minecraft:fall_one_cm":5546},"minecraft:used":{"luminousworld:groundpebbles_1":2,"minecraft:torch":3,"minecraft:dirt":49},"minecraft:killed_by":{"minecraft:skeleton":1},"minecraft:mined":{"minecraft:pink_petals":2,"luminousworld:groundpebbles_1":1,"minecraft:birch_log":2,"minecraft:spruce_log":11,"minecraft:dark_oak_log":10,"minecraft:torch":1,"minecraft:grass":15,"minecraft:grass_block":43,"minecraft:oak_log":4,"minecraft:dirt":22,"minecraft:mushroom_stem":2,"luminousworld:grassvariant_2":3,"luminousworld:grassvariant_3":2,"luminousworld:decorative_brown_mushroom_1":1,"minecraft:red_mushroom_block":2,"minecraft:spruce_leaves":8,"luminousworld:decorative_brown_2":2,"minecraft:oak_leaves":7,"luminousworld:groundpebbles_3":2,"minecraft:wall_torch":3},"minecraft:crafted":{"minecraft:stick":16,"minecraft:dark_oak_wood":6,"minecraft:oak_wood":3}},"DataVersion":3465}