{"stats":{"minecraft:picked_up":{"minecraft:birch_log":2,"luminousworld:groundpebbles_1":2,"minecraft:pink_petals":332,"luminousworld:decorative_brown_2":2,"minecraft:torch":5,"minecraft:red_mushroom":2,"minecraft:cherry_log":5,"minecraft:oak_log":4,"minecraft:spruce_sapling":1,"minecraft:spruce_log":10,"minecraft:dark_oak_log":10,"minecraft:dirt":322,"luminousworld:decorative_brown_mushroom_1":1,"minecraft:rotten_flesh":2,"minecraft:wheat_seeds":12,"minecraft:dark_oak_wood":1},"minecraft:custom":{"minecraft:time_since_rest":148,"minecraft:sprint_one_cm":229,"minecraft:walk_one_cm":370471,"minecraft:damage_taken":1059,"minecraft:damage_dealt":119,"minecraft:fly_one_cm":4244,"minecraft:play_time":61686,"minecraft:deaths":4,"minecraft:walk_under_water_one_cm":1091,"minecraft:damage_dealt_resisted":2,"minecraft:jump":661,"minecraft:leave_game":1,"minecraft:time_since_death":0,"minecraft:walk_on_water_one_cm":13836,"minecraft:total_world_time":61686,"minecraft:fall_one_cm":9672},"minecraft:used":{"minecraft:dark_oak_wood":2,"luminousworld:groundpebbles_1":2,"minecraft:torch":5,"minecraft:dirt":285},"minecraft:killed_by":{"undead_revamp2:thehunter":1,"minecraft:skeleton":1,"earthmobsmod:lobber_zombie":1},"minecraft:mined":{"minecraft:pink_petals":107,"luminousworld:groundpebbles_1":1,"minecraft:birch_log":2,"minecraft:cherry_log":5,"minecraft:spruce_log":11,"minecraft:dark_oak_log":10,"minecraft:birch_leaves":8,"minecraft:bee_nest":1,"minecraft:torch":3,"minecraft:dark_oak_wood":1,"minecraft:grass":44,"minecraft:grass_block":249,"minecraft:oak_log":4,"minecraft:cherry_leaves":1,"minecraft:dirt":81,"minecraft:mushroom_stem":2,"luminousworld:grassvariant_2":3,"luminousworld:grassvariant_3":2,"luminousworld:decorative_brown_mushroom_1":1,"minecraft:red_mushroom_block":2,"minecraft:spruce_leaves":21,"luminousworld:decorative_brown_2":2,"minecraft:oak_leaves":17,"luminousworld:groundpebbles_3":2,"minecraft:wall_torch":3},"minecraft:crafted":{"minecraft:stick":16,"minecraft:dark_oak_wood":6,"minecraft:oak_wood":3}},"DataVersion":3465}