{"stats":{"minecraft:picked_up":{"luminousworld:groundpebbles_1":2,"minecraft:wheat_seeds":3,"minecraft:red_mushroom":2,"minecraft:spruce_log":2,"minecraft:dirt":43},"minecraft:custom":{"minecraft:time_since_rest":4578,"minecraft:play_time":4578,"minecraft:damage_taken":40,"minecraft:walk_one_cm":36023,"minecraft:jump":51,"minecraft:damage_dealt":44,"minecraft:time_since_death":4578,"minecraft:total_world_time":4578,"minecraft:fall_one_cm":1028,"minecraft:fly_one_cm":266},"minecraft:used":{"minecraft:dirt":30,"luminousworld:groundpebbles_1":1},"minecraft:mined":{"minecraft:grass":13,"luminousworld:groundpebbles_1":1,"minecraft:grass_block":37,"minecraft:dirt":9,"minecraft:mushroom_stem":2,"luminousworld:grassvariant_2":1,"luminousworld:grassvariant_3":1,"minecraft:spruce_log":2,"minecraft:red_mushroom_block":2,"minecraft:oak_leaves":6,"luminousworld:groundpebbles_3":2}},"DataVersion":3465}