{"stats":{"minecraft:picked_up":{"minecraft:wooden_axe":3,"minecraft:crafting_table":19,"minecraft:coarse_dirt":2,"luminousworld:decorative_brown_2":4,"minecraft:ladder":3,"minecraft:clay_ball":512,"minecraft:wooden_pickaxe":1,"ecologics:seashell":2,"minecraft:stripped_mangrove_log":2,"minecraft:moss_carpet":2,"minecraft:raw_copper":50,"minecraft:beetroot":7,"minecraft:candle":7,"earthmobsmod:duck_egg":3,"minecraft:calcite":80,"minecraft:spruce_planks":10,"born_in_chaos_v1:gnawed_bones":3,"minecraft:player_head":4,"luminousworld:decorative_red_1":3,"minecraft:spruce_slab":1,"minecraft:sugar_cane":9,"minecraft:chest":1,"minecraft:spruce_trapdoor":1,"minecraft:furnace":1,"quark:orange_corundum_cluster":1,"minecraft:dark_oak_door":4,"minecraft:dark_oak_sapling":2,"minecraft:stick":4,"minecraft:raw_iron":1,"minecraft:stripped_mangrove_wood":6,"luminousworld:blue_petunias":1,"minecraft:torch":37,"minecraft:note_block":1,"minecraft:porkchop":1,"minecraft:cake":1,"minecraft:pointed_dripstone":2,"tombstone:grave_dust":1,"minecraft:carrot":17,"minecraft:mangrove_trapdoor":2,"minecraft:dark_oak_planks":21,"minecraft:brown_carpet":3,"minecraft:waxed_cut_copper_stairs":4,"luminousworld:decorative_brown_mushroom_1":2,"minecraft:arrow":5,"minecraft:mangrove_stairs":2,"minecraft:rotten_flesh":9,"minecraft:tropical_fish":1,"minecraft:beetroot_seeds":20,"minecraft:hay_block":5,"ecologics:coconut_log":9,"born_in_chaos_v1:cultivated_pumpkin":3,"minecraft:glow_berries":1,"minecraft:mutton":1,"minecraft:skeleton_skull":1,"minecraft:cobblestone":266,"born_in_chaos_v1:corpse_maggot":1,"minecraft:pink_petals":1,"minecraft:dark_oak_button":1,"minecraft:repeater":4,"minecraft:andesite":24,"luminousworld:ishstone":2,"minecraft:black_bed":2,"minecraft:dark_oak_boat":4,"minecraft:red_mushroom":1,"minecraft:mangrove_slab":3,"minecraft:dirt":127,"born_in_chaos_v1:marigolds":1,"naturalist:bass":4,"minecraft:red_carpet":3,"minecraft:bone":5,"minecraft:stone_bricks":8,"undead_revamp2:blacpetalblock":1,"minecraft:kelp":22,"minecraft:wheat_seeds":7,"minecraft:iron_ingot":1,"minecraft:stone_pickaxe":1,"minecraft:cyan_candle":3,"minecraft:glass_bottle":1,"minecraft:moss_block":14,"minecraft:flowering_azalea":2,"luminousworld:clovers_1":1,"minecraft:pumpkin":23,"quark:shale":37,"minecraft:dripstone_block":3,"luminousworld:sunset_petunias":1,"minecraft:gravel":3,"minecraft:blast_furnace":1,"minecraft:spruce_log":16,"minecraft:cyan_bed":7,"minecraft:dark_oak_log":101,"undead_revamp2:rawbostrox":1,"iceandfire:silver_sword":1,"minecraft:stone_axe":1,"minecraft:soul_lantern":1,"luminousworld:decorative_red_2":1,"minecraft:bone_meal":1,"minecraft:spruce_button":1,"minecraft:bread":12,"alexsmobs:maggot":1,"minecraft:oak_sapling":2,"born_in_chaos_v1:rotten_fish":3,"minecraft:dark_oak_wood":1,"minecraft:coal":172,"iceandfire:raw_silver":7,"minecraft:sunflower":7},"minecraft:custom":{"minecraft:mob_kills":22,"minecraft:interact_with_crafting_table":50,"minecraft:open_barrel":5,"minecraft:eat_cake_slice":7,"minecraft:leave_game":7,"minecraft:time_since_death":21479,"minecraft:climb_one_cm":16968,"minecraft:sprint_one_cm":675028,"minecraft:walk_one_cm":780718,"minecraft:drop":93,"minecraft:play_noteblock":3,"minecraft:play_time":267404,"minecraft:deaths":15,"minecraft:sneak_time":4787,"minecraft:walk_under_water_one_cm":85890,"minecraft:boat_one_cm":336570,"minecraft:interact_with_brewingstand":1,"minecraft:jump":3685,"minecraft:interact_with_blast_furnace":2,"minecraft:walk_on_water_one_cm":113387,"minecraft:total_world_time":267404,"minecraft:interact_with_furnace":22,"minecraft:tune_noteblock":2,"minecraft:sleep_in_bed":31,"minecraft:time_since_rest":231,"minecraft:damage_taken":5290,"minecraft:damage_dealt":3980,"minecraft:swim_one_cm":216800,"minecraft:fly_one_cm":397280,"minecraft:player_kills":1,"minecraft:open_chest":49,"minecraft:crouch_one_cm":11717,"tombstone:undead_killed":11,"minecraft:fall_one_cm":79529},"minecraft:broken":{"minecraft:wooden_pickaxe":2,"minecraft:stone_pickaxe":5,"minecraft:wooden_axe":3},"minecraft:used":{"iceandfire:silver_sword":38,"minecraft:ladder":3,"minecraft:chest":1,"minecraft:spruce_planks":1,"minecraft:torch":79,"ecologics:coconut_sign":1,"minecraft:dirt":72,"minecraft:carrot":26,"naturalist:cooked_bass":2,"minecraft:dark_oak_planks":55,"minecraft:wooden_axe":214,"quark:spruce_chest":1,"quark:orange_corundum_cluster":1,"minecraft:dark_oak_button":1,"born_in_chaos_v1:gnawed_bones":3,"minecraft:stone_bricks":2,"minecraft:repeater":4,"minecraft:stripped_mangrove_log":1,"minecraft:red_carpet":1,"minecraft:brown_carpet":1,"minecraft:dark_oak_boat":5,"minecraft:cooked_beef":4,"minecraft:sweet_berries":2,"minecraft:furnace":2,"tombstone:gift":6,"minecraft:beetroot_seeds":7,"minecraft:skeleton_skull":1,"minecraft:pumpkin":18,"minecraft:stone_pickaxe":552,"minecraft:wooden_pickaxe":172,"minecraft:glow_berries":5,"minecraft:crafting_table":20,"minecraft:blast_furnace":1,"minecraft:note_block":1,"minecraft:black_bed":2,"minecraft:spruce_log":2,"minecraft:cake":1,"earthmobsmod:duck_egg":1,"minecraft:dark_oak_log":39,"minecraft:bread":18,"minecraft:cyan_bed":7,"minecraft:melon_slice":2,"minecraft:gravel":3,"minecraft:stone_axe":102,"minecraft:wooden_sword":10,"quark:dark_oak_chest":2,"minecraft:cobblestone":59,"minecraft:cooked_porkchop":1,"minecraft:andesite":1,"alexsmobs:animal_dictionary":1,"minecraft:candle":2},"minecraft:dropped":{"minecraft:stripped_mangrove_log":1,"minecraft:candle":2,"minecraft:wheat_seeds":3,"minecraft:mangrove_trapdoor":2,"minecraft:dark_oak_sapling":1,"minecraft:cobblestone":1,"minecraft:red_carpet":1,"minecraft:dirt":15,"minecraft:dark_oak_log":1,"minecraft:torch":2,"minecraft:wooden_axe":3,"minecraft:mangrove_stairs":1,"tombstone:grave_dust":1,"minecraft:sunflower":1,"minecraft:pumpkin":1,"minecraft:dark_oak_planks":11,"minecraft:pink_petals":1,"earthmobsmod:duck_egg":1,"minecraft:mangrove_slab":2,"luminousworld:decorative_brown_2":4,"minecraft:dark_oak_door":3,"minecraft:stone_axe":1,"minecraft:coarse_dirt":1,"minecraft:rotten_flesh":4,"minecraft:clay_ball":28,"naturalist:cooked_bass":1,"minecraft:andesite":1,"minecraft:beetroot_seeds":2,"minecraft:oak_sapling":1,"minecraft:wooden_pickaxe":1,"minecraft:brown_carpet":1,"minecraft:stone_pickaxe":1},"minecraft:killed":{"undead_revamp2:theswarmer":1,"minecraft:skeleton":2,"luminousworld:dark_oak_skeleton":1,"naturalist:bass":5,"minecraft:pig":1,"undead_revamp2:the_moonflower":1,"minecraft:zombie":2,"iceandfire:ghost":1,"luminousworld:dark_oak_zombie":3},"minecraft:killed_by":{"luminousworld:dark_oak_skeleton":1,"undead_revamp2:sucker":1,"undead_revamp2:the_moonflower":1,"born_in_chaos_v1:corpse_fly":1,"minecraft:zombie":1,"born_in_chaos_v1:corpse_fish":1,"iceandfire:ghost":4},"minecraft:mined":{"minecraft:dark_oak_planks":18,"born_in_chaos_v1:cultivated_pumpkin":3,"minecraft:red_carpet":3,"minecraft:spruce_planks":12,"iceandfire:silver_ore":7,"minecraft:stripped_mangrove_log":1,"minecraft:dark_oak_leaves":31,"quark:shale":37,"minecraft:candle":3,"luminousworld:blue_petunias":1,"minecraft:dark_oak_log":90,"minecraft:glow_lichen":1,"minecraft:cave_vines_plant":1,"minecraft:spruce_trapdoor":1,"minecraft:ladder":3,"minecraft:grass_block":38,"luminousworld:grassvariant_2":3,"luminousworld:clovers_2":1,"luminousworld:decorative_brown_mushroom_1":2,"minecraft:mangrove_trapdoor":1,"ecologics:coconut_log":9,"minecraft:spruce_leaves":15,"minecraft:moss_block":17,"luminousworld:decorative_red_2":4,"born_in_chaos_v1:gnawed_bones":2,"minecraft:hay_block":6,"luminousworld:decorative_red_1":4,"luminousworld:sunset_petunias":1,"minecraft:furnace":1,"minecraft:carrots":2,"undead_revamp2:bostroxore":2,"minecraft:iron_ore":1,"minecraft:andesite":24,"minecraft:moss_carpet":2,"minecraft:pumpkin":22,"minecraft:azalea":1,"minecraft:stripped_mangrove_wood":6,"luminousworld:decorative_brown_2":6,"minecraft:stone":268,"minecraft:player_head":4,"minecraft:spruce_slab":1,"minecraft:cake":2,"minecraft:waxed_cut_copper_stairs":4,"minecraft:flowering_azalea":2,"minecraft:mangrove_stairs":1,"born_in_chaos_v1:marigolds":1,"minecraft:brown_carpet":3,"minecraft:soul_lantern":1,"minecraft:powder_snow":8,"minecraft:clay":122,"minecraft:crafting_table":19,"minecraft:torch":11,"minecraft:note_block":2,"minecraft:calcite":86,"minecraft:dark_oak_wood":1,"minecraft:blast_furnace":1,"minecraft:chest":1,"minecraft:copper_ore":13,"minecraft:tall_grass":10,"minecraft:cobblestone":5,"minecraft:cyan_bed":5,"minecraft:sugar_cane":8,"minecraft:wall_torch":23,"minecraft:skeleton_skull":1,"minecraft:pink_petals":1,"minecraft:repeater":4,"ecologics:seashell":2,"minecraft:dark_oak_door":5,"minecraft:spruce_log":16,"minecraft:birch_leaves":1,"born_in_chaos_v1:river_mint":1,"minecraft:black_bed":2,"minecraft:grass":29,"minecraft:mangrove_slab":1,"minecraft:coal_ore":185,"luminousworld:ishstone":2,"minecraft:dark_oak_button":1,"minecraft:beetroots":7,"minecraft:dripstone_block":3,"minecraft:cyan_carpet":1,"minecraft:gravel":3,"minecraft:sunflower":7,"minecraft:dirt":101,"luminousworld:grassvariant_3":7,"minecraft:red_mushroom_block":4,"minecraft:stone_bricks":8,"minecraft:oak_leaves":21,"minecraft:cyan_candle":1},"minecraft:crafted":{"minecraft:wooden_sword":1,"minecraft:dark_oak_boat":1,"ecologics:coconut_planks":36,"ecologics:coconut_sign":3,"minecraft:furnace":2,"naturalist:cooked_bass":3,"quark:dark_oak_chest":2,"minecraft:stone_pickaxe":5,"quark:spruce_chest":1,"minecraft:dark_oak_planks":104,"minecraft:wheat":45,"minecraft:cooked_porkchop":1,"minecraft:crafting_table":4,"minecraft:spruce_planks":28,"minecraft:wooden_pickaxe":5,"minecraft:bowl":4,"minecraft:copper_ingot":18,"minecraft:stone_axe":1,"minecraft:bread":15,"minecraft:stick":80,"minecraft:wooden_axe":5,"minecraft:torch":84}},"DataVersion":3465}