{"stats":{"minecraft:picked_up":{"minecraft:wooden_axe":3,"minecraft:crafting_table":16,"minecraft:coarse_dirt":2,"luminousworld:decorative_brown_2":4,"minecraft:ladder":3,"minecraft:clay_ball":512,"ecologics:seashell":2,"minecraft:stripped_mangrove_log":2,"minecraft:moss_carpet":2,"minecraft:raw_copper":32,"minecraft:candle":6,"earthmobsmod:duck_egg":3,"minecraft:spruce_planks":10,"born_in_chaos_v1:gnawed_bones":3,"minecraft:player_head":4,"luminousworld:decorative_red_1":3,"minecraft:spruce_slab":1,"minecraft:sugar_cane":7,"minecraft:chest":1,"minecraft:spruce_trapdoor":1,"minecraft:furnace":1,"quark:orange_corundum_cluster":1,"minecraft:dark_oak_door":4,"minecraft:dark_oak_sapling":2,"minecraft:stick":4,"minecraft:raw_iron":1,"minecraft:stripped_mangrove_wood":6,"luminousworld:blue_petunias":1,"minecraft:torch":30,"minecraft:note_block":1,"minecraft:porkchop":1,"minecraft:cake":1,"tombstone:grave_dust":1,"minecraft:carrot":17,"minecraft:mangrove_trapdoor":2,"minecraft:brown_carpet":3,"minecraft:dark_oak_planks":21,"minecraft:waxed_cut_copper_stairs":4,"luminousworld:decorative_brown_mushroom_1":2,"minecraft:arrow":3,"minecraft:mangrove_stairs":2,"minecraft:rotten_flesh":7,"minecraft:tropical_fish":1,"minecraft:hay_block":5,"ecologics:coconut_log":9,"born_in_chaos_v1:cultivated_pumpkin":3,"minecraft:glow_berries":1,"minecraft:mutton":1,"minecraft:skeleton_skull":1,"minecraft:cobblestone":148,"born_in_chaos_v1:corpse_maggot":1,"minecraft:pink_petals":1,"minecraft:dark_oak_button":1,"minecraft:repeater":4,"luminousworld:ishstone":2,"minecraft:black_bed":2,"minecraft:dark_oak_boat":2,"minecraft:red_mushroom":1,"minecraft:mangrove_slab":3,"minecraft:dirt":109,"born_in_chaos_v1:marigolds":1,"naturalist:bass":4,"minecraft:red_carpet":3,"minecraft:bone":3,"minecraft:stone_bricks":8,"undead_revamp2:blacpetalblock":1,"minecraft:kelp":22,"minecraft:wheat_seeds":6,"minecraft:stone_pickaxe":1,"minecraft:cyan_candle":3,"minecraft:glass_bottle":1,"minecraft:moss_block":14,"minecraft:flowering_azalea":2,"luminousworld:clovers_1":1,"minecraft:pumpkin":23,"quark:shale":37,"minecraft:gravel":3,"minecraft:blast_furnace":1,"minecraft:spruce_log":16,"minecraft:cyan_bed":7,"minecraft:dark_oak_log":101,"undead_revamp2:rawbostrox":1,"minecraft:stone_axe":1,"minecraft:soul_lantern":1,"luminousworld:decorative_red_2":1,"minecraft:spruce_button":1,"minecraft:bread":7,"alexsmobs:maggot":1,"minecraft:oak_sapling":2,"minecraft:dark_oak_wood":1,"minecraft:coal":76,"iceandfire:raw_silver":4,"minecraft:sunflower":2},"minecraft:custom":{"minecraft:mob_kills":14,"minecraft:interact_with_crafting_table":35,"minecraft:open_barrel":3,"minecraft:eat_cake_slice":7,"minecraft:leave_game":6,"minecraft:time_since_death":1642,"minecraft:climb_one_cm":16968,"minecraft:sprint_one_cm":457130,"minecraft:walk_one_cm":672976,"minecraft:drop":84,"minecraft:play_noteblock":3,"minecraft:play_time":202220,"minecraft:deaths":10,"minecraft:sneak_time":4189,"minecraft:walk_under_water_one_cm":76802,"minecraft:boat_one_cm":251880,"minecraft:interact_with_brewingstand":1,"minecraft:jump":2694,"minecraft:interact_with_blast_furnace":2,"minecraft:walk_on_water_one_cm":90854,"minecraft:total_world_time":202220,"minecraft:interact_with_furnace":15,"minecraft:sleep_in_bed":23,"minecraft:time_since_rest":1,"minecraft:damage_taken":3435,"minecraft:damage_dealt":2618,"minecraft:swim_one_cm":114548,"minecraft:fly_one_cm":217057,"minecraft:player_kills":1,"minecraft:open_chest":28,"minecraft:crouch_one_cm":11295,"tombstone:undead_killed":8,"minecraft:fall_one_cm":62339},"minecraft:broken":{"minecraft:wooden_pickaxe":1,"minecraft:stone_pickaxe":3,"minecraft:wooden_axe":3},"minecraft:used":{"minecraft:ladder":3,"minecraft:spruce_planks":1,"minecraft:torch":60,"minecraft:dirt":68,"minecraft:carrot":24,"naturalist:cooked_bass":2,"minecraft:dark_oak_planks":55,"minecraft:wooden_axe":210,"quark:spruce_chest":1,"quark:orange_corundum_cluster":1,"minecraft:dark_oak_button":1,"born_in_chaos_v1:gnawed_bones":3,"minecraft:stone_bricks":2,"minecraft:repeater":4,"minecraft:stripped_mangrove_log":1,"minecraft:red_carpet":1,"minecraft:brown_carpet":1,"minecraft:dark_oak_boat":2,"minecraft:sweet_berries":2,"minecraft:furnace":1,"tombstone:gift":4,"minecraft:skeleton_skull":1,"minecraft:pumpkin":18,"minecraft:stone_pickaxe":285,"minecraft:wooden_pickaxe":90,"minecraft:glow_berries":5,"minecraft:crafting_table":15,"minecraft:blast_furnace":1,"minecraft:black_bed":2,"minecraft:spruce_log":2,"minecraft:cake":1,"earthmobsmod:duck_egg":1,"minecraft:dark_oak_log":39,"minecraft:bread":14,"minecraft:cyan_bed":6,"minecraft:melon_slice":2,"minecraft:gravel":3,"minecraft:stone_axe":102,"minecraft:wooden_sword":10,"quark:dark_oak_chest":2,"minecraft:cobblestone":57,"minecraft:cooked_porkchop":1,"alexsmobs:animal_dictionary":1},"minecraft:dropped":{"minecraft:stripped_mangrove_log":1,"minecraft:candle":2,"minecraft:wheat_seeds":3,"minecraft:mangrove_trapdoor":2,"minecraft:dark_oak_sapling":1,"minecraft:cobblestone":1,"minecraft:red_carpet":1,"minecraft:dirt":14,"minecraft:dark_oak_log":1,"minecraft:torch":1,"minecraft:wooden_axe":3,"minecraft:mangrove_stairs":1,"tombstone:grave_dust":1,"minecraft:pumpkin":1,"minecraft:dark_oak_planks":11,"minecraft:pink_petals":1,"earthmobsmod:duck_egg":1,"minecraft:mangrove_slab":2,"luminousworld:decorative_brown_2":4,"minecraft:dark_oak_door":3,"minecraft:stone_axe":1,"minecraft:coarse_dirt":1,"minecraft:rotten_flesh":2,"minecraft:clay_ball":28,"naturalist:cooked_bass":1,"minecraft:oak_sapling":1,"minecraft:brown_carpet":1,"minecraft:stone_pickaxe":1},"minecraft:killed":{"undead_revamp2:theswarmer":1,"minecraft:skeleton":2,"luminousworld:dark_oak_skeleton":1,"naturalist:bass":5,"minecraft:pig":1,"undead_revamp2:the_moonflower":1,"luminousworld:dark_oak_zombie":3},"minecraft:killed_by":{"luminousworld:dark_oak_skeleton":1,"undead_revamp2:sucker":1,"undead_revamp2:the_moonflower":1,"born_in_chaos_v1:corpse_fly":1,"minecraft:zombie":1,"born_in_chaos_v1:corpse_fish":1},"minecraft:mined":{"minecraft:dark_oak_planks":18,"minecraft:red_carpet":3,"born_in_chaos_v1:cultivated_pumpkin":3,"minecraft:spruce_planks":12,"iceandfire:silver_ore":4,"minecraft:stripped_mangrove_log":1,"minecraft:dark_oak_leaves":31,"quark:shale":37,"minecraft:candle":2,"luminousworld:blue_petunias":1,"minecraft:dark_oak_log":90,"minecraft:spruce_trapdoor":1,"minecraft:cave_vines_plant":1,"minecraft:ladder":3,"minecraft:grass_block":30,"luminousworld:grassvariant_2":3,"luminousworld:clovers_2":1,"luminousworld:decorative_brown_mushroom_1":2,"minecraft:mangrove_trapdoor":1,"ecologics:coconut_log":9,"minecraft:spruce_leaves":15,"minecraft:moss_block":17,"luminousworld:decorative_red_2":4,"born_in_chaos_v1:gnawed_bones":2,"minecraft:hay_block":6,"luminousworld:decorative_red_1":4,"minecraft:furnace":1,"minecraft:carrots":2,"undead_revamp2:bostroxore":2,"minecraft:iron_ore":1,"minecraft:moss_carpet":2,"minecraft:pumpkin":22,"minecraft:azalea":1,"minecraft:stripped_mangrove_wood":6,"luminousworld:decorative_brown_2":6,"minecraft:stone":148,"minecraft:player_head":4,"minecraft:spruce_slab":1,"minecraft:cake":2,"minecraft:waxed_cut_copper_stairs":4,"minecraft:flowering_azalea":2,"minecraft:mangrove_stairs":1,"born_in_chaos_v1:marigolds":1,"minecraft:brown_carpet":3,"minecraft:soul_lantern":1,"minecraft:powder_snow":8,"minecraft:clay":122,"minecraft:crafting_table":16,"minecraft:torch":11,"minecraft:note_block":2,"minecraft:dark_oak_wood":1,"minecraft:blast_furnace":1,"minecraft:chest":1,"minecraft:copper_ore":8,"minecraft:tall_grass":10,"minecraft:cobblestone":5,"minecraft:cyan_bed":5,"minecraft:sugar_cane":6,"minecraft:wall_torch":17,"minecraft:skeleton_skull":1,"minecraft:pink_petals":1,"minecraft:repeater":4,"ecologics:seashell":2,"minecraft:dark_oak_door":5,"minecraft:spruce_log":16,"minecraft:birch_leaves":1,"born_in_chaos_v1:river_mint":1,"minecraft:black_bed":2,"minecraft:grass":18,"minecraft:mangrove_slab":1,"minecraft:coal_ore":88,"luminousworld:ishstone":2,"minecraft:dark_oak_button":1,"minecraft:cyan_carpet":1,"minecraft:gravel":3,"minecraft:sunflower":2,"minecraft:dirt":91,"luminousworld:grassvariant_3":6,"minecraft:red_mushroom_block":4,"minecraft:stone_bricks":8,"minecraft:oak_leaves":21,"minecraft:cyan_candle":1},"minecraft:crafted":{"minecraft:wooden_sword":1,"minecraft:dark_oak_boat":1,"ecologics:coconut_planks":12,"minecraft:furnace":1,"naturalist:cooked_bass":3,"quark:dark_oak_chest":2,"minecraft:stone_pickaxe":3,"quark:spruce_chest":1,"minecraft:dark_oak_planks":104,"minecraft:wheat":45,"minecraft:cooked_porkchop":1,"minecraft:crafting_table":2,"minecraft:spruce_planks":28,"minecraft:wooden_pickaxe":3,"minecraft:bowl":4,"minecraft:stone_axe":1,"minecraft:bread":15,"minecraft:stick":60,"minecraft:wooden_axe":5,"minecraft:torch":40}},"DataVersion":3465}