{"stats":{"minecraft:killed_by":{"minecraft:zombie":1},"minecraft:used":{"minecraft:wooden_axe":38,"minecraft:dark_oak_log":7,"minecraft:stone_pickaxe":48,"minecraft:wooden_pickaxe":23,"minecraft:torch":5,"minecraft:dirt":8,"minecraft:crafting_table":4,"minecraft:carrot":7,"alexsmobs:animal_dictionary":1,"minecraft:spruce_log":2},"minecraft:crafted":{"minecraft:crafting_table":1,"minecraft:spruce_planks":28,"minecraft:stick":12,"minecraft:wooden_pickaxe":1,"minecraft:stone_pickaxe":1,"minecraft:wooden_axe":1,"minecraft:torch":8},"minecraft:picked_up":{"minecraft:dark_oak_sapling":1,"minecraft:crafting_table":4,"minecraft:clay_ball":4,"quark:shale":11,"minecraft:torch":1,"minecraft:carrot":8,"minecraft:spruce_log":16,"minecraft:dark_oak_log":10,"minecraft:dirt":10,"minecraft:arrow":1,"minecraft:bone":2,"minecraft:coal":30,"iceandfire:raw_silver":4,"minecraft:cobblestone":6},"minecraft:custom":{"minecraft:time_since_rest":2502,"minecraft:interact_with_furnace":2,"minecraft:sprint_one_cm":4488,"minecraft:damage_taken":780,"minecraft:walk_one_cm":81029,"minecraft:mob_kills":4,"minecraft:damage_dealt":597,"minecraft:interact_with_crafting_table":4,"minecraft:fly_one_cm":5167,"minecraft:open_chest":2,"minecraft:crouch_one_cm":995,"minecraft:play_time":24239,"tombstone:undead_killed":4,"minecraft:deaths":2,"minecraft:sneak_time":541,"minecraft:walk_under_water_one_cm":2718,"minecraft:jump":296,"minecraft:time_since_death":3100,"minecraft:walk_on_water_one_cm":10368,"minecraft:total_world_time":24239,"minecraft:fall_one_cm":5114},"minecraft:killed":{"minecraft:skeleton":1,"luminousworld:dark_oak_skeleton":1,"luminousworld:dark_oak_zombie":2},"minecraft:mined":{"iceandfire:silver_ore":4,"minecraft:dark_oak_leaves":2,"quark:shale":10,"minecraft:spruce_log":16,"minecraft:dark_oak_log":8,"minecraft:crafting_table":4,"minecraft:grass_block":2,"minecraft:coal_ore":34,"minecraft:dirt":8,"minecraft:spruce_leaves":14,"minecraft:stone":6,"minecraft:wall_torch":1}},"DataVersion":3465}