{"stats":{"minecraft:broken":{"minecraft:stone_pickaxe":1,"minecraft:wooden_axe":1,"minecraft:wooden_pickaxe":1},"minecraft:killed_by":{"minecraft:zombie":1},"minecraft:used":{"minecraft:stone_pickaxe":125,"minecraft:wooden_pickaxe":89,"minecraft:torch":17,"minecraft:dirt":18,"minecraft:crafting_table":6,"minecraft:carrot":10,"minecraft:spruce_log":2,"minecraft:wooden_axe":74,"minecraft:dark_oak_planks":18,"minecraft:dark_oak_log":12,"minecraft:gravel":3,"minecraft:cobblestone":22,"tombstone:gift":2,"alexsmobs:animal_dictionary":1},"minecraft:crafted":{"minecraft:crafting_table":2,"minecraft:spruce_planks":28,"minecraft:wooden_pickaxe":3,"minecraft:stick":44,"minecraft:stone_pickaxe":2,"minecraft:wooden_axe":2,"minecraft:dark_oak_planks":104,"minecraft:torch":12},"minecraft:picked_up":{"born_in_chaos_v1:corpse_maggot":1,"minecraft:crafting_table":6,"minecraft:clay_ball":512,"luminousworld:ishstone":2,"minecraft:dirt":45,"minecraft:moss_carpet":2,"minecraft:raw_copper":32,"minecraft:bone":2,"minecraft:moss_block":14,"minecraft:dark_oak_sapling":2,"minecraft:stick":2,"minecraft:raw_iron":1,"quark:shale":37,"minecraft:torch":6,"minecraft:gravel":3,"tombstone:grave_dust":1,"minecraft:spruce_log":16,"minecraft:carrot":8,"minecraft:dark_oak_log":45,"minecraft:dark_oak_planks":4,"minecraft:arrow":1,"minecraft:tropical_fish":1,"minecraft:oak_sapling":1,"minecraft:glow_berries":1,"minecraft:coal":30,"iceandfire:raw_silver":4,"minecraft:cobblestone":99,"minecraft:wooden_axe":1},"minecraft:dropped":{"minecraft:cobblestone":1,"minecraft:clay_ball":28,"minecraft:wooden_axe":1,"tombstone:grave_dust":1,"minecraft:dark_oak_planks":2},"minecraft:custom":{"minecraft:interact_with_furnace":3,"minecraft:mob_kills":4,"minecraft:interact_with_crafting_table":13,"minecraft:time_since_death":10490,"minecraft:climb_one_cm":454,"minecraft:time_since_rest":9769,"minecraft:sprint_one_cm":19855,"minecraft:damage_taken":1310,"minecraft:walk_one_cm":192260,"minecraft:drop":33,"minecraft:damage_dealt":765,"minecraft:swim_one_cm":1464,"minecraft:fly_one_cm":17448,"minecraft:open_chest":3,"minecraft:crouch_one_cm":3470,"minecraft:deaths":4,"minecraft:play_time":72239,"tombstone:undead_killed":4,"minecraft:sneak_time":1729,"minecraft:walk_under_water_one_cm":36766,"minecraft:jump":750,"minecraft:walk_on_water_one_cm":41626,"minecraft:total_world_time":72239,"minecraft:fall_one_cm":14549},"minecraft:killed":{"minecraft:skeleton":1,"luminousworld:dark_oak_skeleton":1,"luminousworld:dark_oak_zombie":2},"minecraft:mined":{"minecraft:dark_oak_planks":3,"iceandfire:silver_ore":4,"minecraft:dark_oak_leaves":16,"quark:shale":37,"minecraft:dark_oak_log":43,"minecraft:clay":122,"minecraft:crafting_table":6,"minecraft:cave_vines_plant":1,"minecraft:grass_block":6,"minecraft:tall_grass":2,"minecraft:copper_ore":8,"minecraft:spruce_leaves":14,"minecraft:moss_block":15,"minecraft:wall_torch":4,"minecraft:iron_ore":1,"minecraft:spruce_log":16,"minecraft:moss_carpet":2,"minecraft:grass":1,"minecraft:coal_ore":34,"luminousworld:ishstone":2,"minecraft:gravel":3,"minecraft:dirt":43,"minecraft:stone":100,"minecraft:oak_leaves":21}},"DataVersion":3465}