{"stats":{"minecraft:broken":{"minecraft:stone_pickaxe":1,"minecraft:wooden_axe":2,"minecraft:wooden_pickaxe":1},"minecraft:killed_by":{"minecraft:zombie":1},"minecraft:used":{"minecraft:stone_pickaxe":126,"minecraft:wooden_pickaxe":89,"minecraft:torch":17,"minecraft:dirt":18,"minecraft:crafting_table":8,"minecraft:carrot":10,"minecraft:spruce_log":2,"minecraft:wooden_axe":125,"minecraft:dark_oak_planks":18,"minecraft:dark_oak_log":27,"minecraft:gravel":3,"minecraft:cobblestone":22,"tombstone:gift":2,"alexsmobs:animal_dictionary":1},"minecraft:crafted":{"minecraft:crafting_table":2,"minecraft:spruce_planks":28,"minecraft:wooden_pickaxe":3,"minecraft:stick":44,"minecraft:stone_pickaxe":2,"minecraft:wooden_axe":3,"minecraft:dark_oak_planks":104,"minecraft:torch":12},"minecraft:picked_up":{"born_in_chaos_v1:corpse_maggot":1,"minecraft:crafting_table":8,"minecraft:clay_ball":512,"luminousworld:ishstone":2,"minecraft:dirt":45,"minecraft:moss_carpet":2,"minecraft:raw_copper":32,"minecraft:bone":2,"minecraft:player_head":2,"minecraft:cyan_candle":3,"minecraft:moss_block":14,"minecraft:dark_oak_sapling":2,"minecraft:stick":2,"minecraft:raw_iron":1,"quark:shale":37,"minecraft:torch":6,"minecraft:gravel":3,"tombstone:grave_dust":1,"minecraft:spruce_log":16,"minecraft:carrot":8,"minecraft:dark_oak_log":68,"minecraft:dark_oak_planks":4,"minecraft:arrow":1,"minecraft:tropical_fish":1,"minecraft:soul_lantern":1,"minecraft:oak_sapling":1,"minecraft:glow_berries":1,"minecraft:coal":30,"iceandfire:raw_silver":4,"minecraft:cobblestone":99,"minecraft:wooden_axe":2},"minecraft:dropped":{"minecraft:cobblestone":1,"minecraft:clay_ball":28,"minecraft:wooden_axe":2,"tombstone:grave_dust":1,"minecraft:dark_oak_planks":2},"minecraft:custom":{"minecraft:interact_with_furnace":3,"minecraft:mob_kills":5,"minecraft:interact_with_crafting_table":14,"minecraft:open_barrel":2,"minecraft:time_since_death":16490,"minecraft:climb_one_cm":454,"minecraft:time_since_rest":15769,"minecraft:sprint_one_cm":32458,"minecraft:damage_taken":1410,"minecraft:walk_one_cm":235885,"minecraft:drop":34,"minecraft:damage_dealt":1100,"minecraft:swim_one_cm":1464,"minecraft:fly_one_cm":28936,"minecraft:open_chest":4,"minecraft:crouch_one_cm":3470,"minecraft:deaths":4,"minecraft:play_time":78239,"tombstone:undead_killed":5,"minecraft:sneak_time":1732,"minecraft:walk_under_water_one_cm":36766,"minecraft:jump":877,"minecraft:interact_with_blast_furnace":1,"minecraft:walk_on_water_one_cm":41626,"minecraft:total_world_time":78239,"minecraft:fall_one_cm":18907},"minecraft:killed":{"minecraft:skeleton":1,"luminousworld:dark_oak_skeleton":1,"luminousworld:dark_oak_zombie":3},"minecraft:mined":{"minecraft:dark_oak_planks":3,"iceandfire:silver_ore":4,"minecraft:dark_oak_leaves":26,"quark:shale":37,"minecraft:dark_oak_log":67,"minecraft:soul_lantern":1,"minecraft:clay":122,"minecraft:crafting_table":8,"minecraft:cave_vines_plant":1,"minecraft:grass_block":6,"minecraft:tall_grass":2,"minecraft:copper_ore":8,"minecraft:spruce_leaves":14,"minecraft:moss_block":15,"minecraft:wall_torch":4,"minecraft:iron_ore":1,"minecraft:spruce_log":16,"minecraft:moss_carpet":2,"minecraft:grass":1,"minecraft:coal_ore":34,"luminousworld:ishstone":2,"minecraft:gravel":3,"minecraft:dirt":43,"minecraft:red_mushroom_block":3,"minecraft:stone":100,"minecraft:player_head":2,"minecraft:cake":2,"minecraft:oak_leaves":21,"minecraft:cyan_candle":1}},"DataVersion":3465}