{"stats":{"minecraft:broken":{"minecraft:wooden_pickaxe":1,"minecraft:stone_pickaxe":2,"minecraft:wooden_axe":3},"minecraft:killed_by":{"luminousworld:dark_oak_skeleton":1,"minecraft:zombie":1,"born_in_chaos_v1:corpse_fish":1},"minecraft:used":{"minecraft:torch":23,"minecraft:dirt":57,"minecraft:carrot":15,"naturalist:cooked_bass":1,"minecraft:dark_oak_planks":34,"minecraft:wooden_axe":195,"minecraft:stripped_mangrove_log":1,"minecraft:red_carpet":1,"minecraft:brown_carpet":1,"minecraft:dark_oak_boat":1,"tombstone:gift":4,"minecraft:stone_pickaxe":249,"minecraft:wooden_pickaxe":90,"minecraft:crafting_table":12,"minecraft:blast_furnace":1,"minecraft:spruce_log":2,"minecraft:dark_oak_log":39,"minecraft:melon_slice":2,"minecraft:bread":11,"minecraft:cyan_bed":5,"minecraft:gravel":3,"minecraft:stone_axe":34,"minecraft:wooden_sword":10,"quark:dark_oak_chest":2,"minecraft:cobblestone":22,"minecraft:cooked_porkchop":1,"alexsmobs:animal_dictionary":1},"minecraft:crafted":{"minecraft:wooden_sword":1,"minecraft:dark_oak_boat":1,"naturalist:cooked_bass":1,"quark:dark_oak_chest":2,"minecraft:stone_pickaxe":2,"minecraft:dark_oak_planks":104,"minecraft:wheat":45,"minecraft:cooked_porkchop":1,"minecraft:crafting_table":2,"minecraft:spruce_planks":28,"minecraft:wooden_pickaxe":3,"minecraft:stone_axe":1,"minecraft:bread":15,"minecraft:stick":52,"minecraft:wooden_axe":4,"minecraft:torch":40},"minecraft:picked_up":{"minecraft:wooden_axe":3,"minecraft:crafting_table":12,"luminousworld:decorative_brown_2":4,"minecraft:clay_ball":512,"ecologics:seashell":2,"minecraft:stripped_mangrove_log":2,"minecraft:moss_carpet":2,"minecraft:raw_copper":32,"minecraft:candle":1,"earthmobsmod:duck_egg":1,"born_in_chaos_v1:gnawed_bones":1,"minecraft:player_head":4,"minecraft:spruce_slab":1,"luminousworld:decorative_red_1":3,"minecraft:sugar_cane":4,"minecraft:dark_oak_sapling":2,"minecraft:stick":4,"minecraft:raw_iron":1,"minecraft:stripped_mangrove_wood":6,"minecraft:torch":9,"minecraft:porkchop":1,"minecraft:cake":1,"tombstone:grave_dust":1,"minecraft:carrot":10,"minecraft:mangrove_trapdoor":2,"minecraft:dark_oak_planks":16,"minecraft:brown_carpet":3,"minecraft:waxed_cut_copper_stairs":4,"luminousworld:decorative_brown_mushroom_1":2,"minecraft:rotten_flesh":1,"minecraft:arrow":1,"minecraft:mangrove_stairs":2,"minecraft:tropical_fish":1,"minecraft:hay_block":5,"born_in_chaos_v1:cultivated_pumpkin":3,"minecraft:mutton":1,"minecraft:glow_berries":1,"minecraft:skeleton_skull":1,"minecraft:cobblestone":132,"minecraft:pink_petals":1,"born_in_chaos_v1:corpse_maggot":1,"luminousworld:ishstone":2,"minecraft:red_mushroom":1,"minecraft:mangrove_slab":3,"minecraft:dirt":102,"naturalist:bass":2,"minecraft:red_carpet":3,"minecraft:bone":2,"undead_revamp2:blacpetalblock":1,"minecraft:kelp":22,"minecraft:wheat_seeds":5,"minecraft:stone_pickaxe":1,"minecraft:cyan_candle":3,"minecraft:glass_bottle":1,"minecraft:moss_block":14,"minecraft:flowering_azalea":2,"quark:shale":37,"minecraft:gravel":3,"minecraft:blast_furnace":1,"minecraft:spruce_log":16,"minecraft:cyan_bed":5,"minecraft:dark_oak_log":101,"undead_revamp2:rawbostrox":1,"minecraft:soul_lantern":1,"minecraft:bread":7,"minecraft:oak_sapling":2,"minecraft:coal":76,"iceandfire:raw_silver":4,"minecraft:sunflower":1},"minecraft:dropped":{"minecraft:stripped_mangrove_log":1,"minecraft:wheat_seeds":1,"minecraft:mangrove_trapdoor":2,"minecraft:dark_oak_sapling":1,"minecraft:cobblestone":1,"minecraft:red_carpet":1,"minecraft:dirt":14,"minecraft:dark_oak_log":1,"minecraft:wooden_axe":3,"minecraft:mangrove_stairs":1,"tombstone:grave_dust":1,"minecraft:pink_petals":1,"minecraft:dark_oak_planks":9,"minecraft:mangrove_slab":2,"luminousworld:decorative_brown_2":4,"minecraft:clay_ball":28,"minecraft:oak_sapling":1,"minecraft:brown_carpet":1,"minecraft:stone_pickaxe":1},"minecraft:custom":{"minecraft:mob_kills":10,"minecraft:interact_with_crafting_table":24,"minecraft:open_barrel":3,"minecraft:time_since_death":24346,"minecraft:climb_one_cm":521,"minecraft:sprint_one_cm":309644,"minecraft:walk_one_cm":475306,"minecraft:drop":71,"minecraft:play_time":144239,"minecraft:deaths":7,"minecraft:sneak_time":3380,"minecraft:walk_under_water_one_cm":54993,"minecraft:boat_one_cm":35970,"minecraft:jump":1929,"minecraft:interact_with_brewingstand":1,"minecraft:interact_with_blast_furnace":2,"minecraft:walk_on_water_one_cm":67621,"minecraft:total_world_time":144239,"minecraft:interact_with_furnace":9,"minecraft:sleep_in_bed":14,"minecraft:time_since_rest":484,"minecraft:damage_taken":2615,"minecraft:damage_dealt":2328,"minecraft:swim_one_cm":68994,"minecraft:fly_one_cm":126250,"minecraft:player_kills":1,"minecraft:open_chest":18,"minecraft:crouch_one_cm":7897,"tombstone:undead_killed":7,"minecraft:fall_one_cm":44624},"minecraft:killed":{"minecraft:skeleton":2,"luminousworld:dark_oak_skeleton":1,"naturalist:bass":2,"minecraft:pig":1,"undead_revamp2:the_moonflower":1,"luminousworld:dark_oak_zombie":3},"minecraft:mined":{"minecraft:dark_oak_planks":16,"born_in_chaos_v1:cultivated_pumpkin":3,"minecraft:red_carpet":3,"iceandfire:silver_ore":4,"quark:shale":37,"minecraft:dark_oak_leaves":31,"minecraft:stripped_mangrove_log":1,"minecraft:candle":1,"minecraft:dark_oak_log":90,"minecraft:cave_vines_plant":1,"minecraft:grass_block":28,"luminousworld:grassvariant_2":1,"luminousworld:decorative_brown_mushroom_1":2,"minecraft:mangrove_trapdoor":1,"minecraft:spruce_leaves":15,"minecraft:moss_block":17,"luminousworld:decorative_red_2":2,"minecraft:hay_block":6,"luminousworld:decorative_red_1":4,"undead_revamp2:bostroxore":2,"minecraft:iron_ore":1,"minecraft:moss_carpet":2,"minecraft:azalea":1,"minecraft:stone":132,"minecraft:stripped_mangrove_wood":6,"luminousworld:decorative_brown_2":4,"minecraft:player_head":4,"minecraft:cake":2,"minecraft:spruce_slab":1,"minecraft:waxed_cut_copper_stairs":4,"minecraft:flowering_azalea":2,"minecraft:mangrove_stairs":1,"minecraft:brown_carpet":3,"minecraft:soul_lantern":1,"minecraft:powder_snow":8,"minecraft:clay":122,"minecraft:crafting_table":12,"minecraft:torch":3,"minecraft:blast_furnace":1,"minecraft:copper_ore":8,"minecraft:tall_grass":9,"minecraft:cobblestone":1,"minecraft:cyan_bed":4,"minecraft:sugar_cane":3,"minecraft:wall_torch":5,"minecraft:pink_petals":1,"minecraft:skeleton_skull":1,"ecologics:seashell":2,"minecraft:spruce_log":16,"minecraft:birch_leaves":1,"born_in_chaos_v1:river_mint":1,"minecraft:grass":15,"minecraft:mangrove_slab":1,"luminousworld:ishstone":2,"minecraft:coal_ore":88,"minecraft:sunflower":1,"minecraft:dirt":86,"minecraft:gravel":3,"minecraft:cyan_carpet":1,"luminousworld:grassvariant_3":1,"minecraft:red_mushroom_block":4,"minecraft:oak_leaves":21,"minecraft:cyan_candle":1}},"DataVersion":3465}