{"stats":{"minecraft:used":{"minecraft:wooden_axe":35,"minecraft:dark_oak_log":7,"minecraft:crafting_table":3,"alexsmobs:animal_dictionary":1,"minecraft:wooden_pickaxe":6},"minecraft:crafted":{"minecraft:crafting_table":1,"minecraft:spruce_planks":28,"minecraft:stick":4,"minecraft:wooden_pickaxe":1,"minecraft:wooden_axe":1},"minecraft:picked_up":{"minecraft:dark_oak_sapling":1,"minecraft:crafting_table":3,"minecraft:bone":2,"minecraft:spruce_log":14,"minecraft:coal":3,"minecraft:dark_oak_log":10,"minecraft:dirt":4,"minecraft:cobblestone":3},"minecraft:custom":{"minecraft:time_since_rest":8003,"minecraft:open_chest":1,"tombstone:undead_killed":3,"minecraft:crouch_one_cm":69,"minecraft:play_time":12239,"minecraft:sprint_one_cm":4087,"minecraft:walk_one_cm":34855,"minecraft:damage_taken":350,"minecraft:deaths":1,"minecraft:sneak_time":309,"minecraft:mob_kills":3,"minecraft:jump":158,"minecraft:damage_dealt":330,"minecraft:time_since_death":8556,"minecraft:total_world_time":12239,"minecraft:fall_one_cm":3171,"minecraft:interact_with_crafting_table":3,"minecraft:fly_one_cm":4390},"minecraft:killed":{"luminousworld:dark_oak_zombie":2,"luminousworld:dark_oak_skeleton":1},"minecraft:mined":{"minecraft:grass_block":2,"minecraft:coal_ore":3,"minecraft:dirt":2,"minecraft:dark_oak_leaves":2,"minecraft:stone":3,"minecraft:spruce_leaves":7,"minecraft:spruce_log":14,"minecraft:dark_oak_log":8,"minecraft:crafting_table":3}},"DataVersion":3465}