{"stats":{"minecraft:broken":{"minecraft:stone_sword":1,"minecraft:stone_axe":1,"minecraft:iron_pickaxe":1,"minecraft:iron_sword":2,"minecraft:stone_shovel":1},"minecraft:killed_by":{"undead_revamp2:thehunter":1},"minecraft:used":{"minecraft:cherry_sapling":7,"minecraft:stone_sword":122,"minecraft:iron_shovel":164,"minecraft:stone_shovel":138,"quark:shale":32,"minecraft:shield":26,"minecraft:iron_sword":430,"endrem:lost_eye":1,"minecraft:torch":186,"minecraft:brewing_stand":2,"minecraft:dirt":286,"minecraft:carrot":22,"minecraft:spruce_fence":41,"minecraft:iron_hoe":92,"quark:spruce_chest":8,"minecraft:iron_axe":45,"minecraft:furnace":5,"tombstone:gift":3,"minecraft:cooked_beef":3,"minecraft:iron_leggings":1,"minecraft:wheat_seeds":50,"minecraft:water_bucket":7,"minecraft:stone_pickaxe":108,"minecraft:wooden_pickaxe":16,"minecraft:crafting_table":10,"minecraft:mushroom_stew":7,"minecraft:white_bed":1,"minecraft:cake":4,"minecraft:apple":10,"minecraft:bread":22,"minecraft:iron_pickaxe":339,"minecraft:stone_axe":106,"minecraft:cobblestone":78,"minecraft:bucket":7,"minecraft:bone_meal":9,"minecraft:oak_fence":15},"minecraft:picked_up":{"luminousworld:groundpebbles_1":4,"minecraft:crafting_table":6,"minecraft:wheat":4,"quark:orange_corundum":1,"minecraft:clay_ball":39,"minecraft:brown_mushroom":7,"minecraft:enchanted_book":2,"minecraft:chain":1,"minecraft:brewing_stand":2,"illagerinvasion:unusual_dust":2,"minecraft:string":41,"minecraft:waxed_cut_copper_slab":1,"minecraft:moss_carpet":8,"minecraft:wooden_sword":1,"minecraft:cyan_carpet":2,"minecraft:beetroot":27,"quark:spruce_chest":3,"minecraft:cobbled_deepslate":1,"minecraft:beef":3,"minecraft:calcite":35,"minecraft:azalea":2,"minecraft:melon_slice":5,"minecraft:furnace":1,"minecraft:dark_oak_sapling":2,"minecraft:raw_iron":82,"minecraft:stick":10,"quark:green_corundum_cluster":9,"minecraft:big_dripleaf":1,"minecraft:torch":18,"minecraft:bowl":5,"minecraft:spruce_fence":2,"minecraft:cherry_log":16,"tombstone:grave_dust":12,"born_in_chaos_v1:pieceofdarkmetal":4,"minecraft:dark_oak_planks":4,"minecraft:arrow":17,"minecraft:rotten_flesh":34,"minecraft:pumpkin_pie":5,"minecraft:hay_block":7,"supplementaries:ash":2,"minecraft:glow_berries":4,"minecraft:cobblestone":149,"born_in_chaos_v1:fused_bone":2,"minecraft:pink_petals":194,"minecraft:water_bucket":1,"minecraft:glow_ink_sac":8,"minecraft:andesite":1,"minecraft:leather":3,"minecraft:red_mushroom":21,"minecraft:potato":1,"minecraft:oak_log":21,"minecraft:gunpowder":1,"minecraft:dirt":298,"tombstone:gift":2,"minecraft:bone":26,"minecraft:apple":1,"minecraft:bow":1,"minecraft:wheat_seeds":58,"minecraft:raw_gold":3,"minecraft:flowering_azalea":3,"minecraft:moss_block":16,"minecraft:oak_planks":14,"minecraft:book":42,"quark:shale":65,"born_in_chaos_v1:ethereal_spirit":1,"born_in_chaos_v1:dark_rod":2,"minecraft:spruce_sapling":3,"minecraft:spruce_log":38,"quark:green_corundum":4,"minecraft:bundle":2,"minecraft:iron_helmet":1,"minecraft:cherry_sapling":7,"minecraft:emerald":1,"minecraft:bread":13,"alexsmobs:maggot":1,"minecraft:oak_sapling":2,"tombstone:magic_scroll":1,"minecraft:coal":99,"iceandfire:raw_silver":12,"minecraft:sunflower":14},"minecraft:crafted":{"minecraft:brick":1,"minecraft:cherry_planks":64,"minecraft:oak_planks":84,"minecraft:stone_shovel":1,"minecraft:furnace":4,"minecraft:mushroom_stew":7,"minecraft:bone_meal":9,"minecraft:spruce_fence":39,"minecraft:iron_boots":1,"minecraft:iron_axe":1,"minecraft:iron_hoe":1,"minecraft:stone_pickaxe":1,"quark:spruce_chest":5,"minecraft:oak_fence":15,"minecraft:wheat":63,"minecraft:cooked_beef":3,"minecraft:crafting_table":4,"minecraft:spruce_planks":152,"minecraft:wooden_pickaxe":1,"minecraft:iron_sword":3,"minecraft:bowl":12,"minecraft:bucket":1,"minecraft:stone_axe":1,"minecraft:bread":21,"minecraft:air":0,"minecraft:white_wool":6,"minecraft:iron_chestplate":1,"minecraft:shield":1,"minecraft:stick":156,"minecraft:iron_ingot":48,"minecraft:iron_pickaxe":1,"minecraft:stone_sword":1,"minecraft:iron_shovel":2,"minecraft:iron_leggings":1,"minecraft:white_bed":1,"minecraft:torch":168},"minecraft:dropped":{"minecraft:water_bucket":1,"minecraft:bread":21,"minecraft:moss_block":16,"minecraft:wheat_seeds":8,"minecraft:glow_ink_sac":8,"minecraft:dark_oak_sapling":2,"minecraft:glow_berries":4,"illagerinvasion:unusual_dust":1,"minecraft:mushroom_stew":1,"minecraft:stick":1,"minecraft:dirt":6,"minecraft:chain":1,"minecraft:wooden_sword":2,"minecraft:pumpkin_pie":5,"minecraft:flowering_azalea":3,"minecraft:string":10,"minecraft:cyan_carpet":1,"minecraft:spruce_sapling":3,"minecraft:bone":3,"minecraft:moss_carpet":8,"alexsmobs:animal_dictionary":1,"minecraft:cobbled_deepslate":1,"minecraft:bowl":6,"minecraft:rotten_flesh":25,"minecraft:carrot":8,"supplementaries:ash":2,"minecraft:gunpowder":1,"minecraft:andesite":1,"minecraft:azalea":2,"minecraft:calcite":2,"born_in_chaos_v1:dark_rod":1,"minecraft:enchanted_book":1},"minecraft:custom":{"minecraft:mob_kills":88,"minecraft:interact_with_crafting_table":31,"minecraft:open_barrel":31,"minecraft:damage_dealt_resisted":93,"minecraft:eat_cake_slice":15,"minecraft:leave_game":1,"minecraft:time_since_death":139258,"minecraft:climb_one_cm":16179,"minecraft:sprint_one_cm":307655,"minecraft:walk_one_cm":755660,"minecraft:damage_blocked_by_shield":485,"minecraft:drop":60,"minecraft:play_time":152840,"minecraft:deaths":1,"minecraft:sneak_time":15344,"minecraft:walk_under_water_one_cm":6365,"tombstone:tomb_raiding":1,"minecraft:jump":2487,"minecraft:interact_with_blast_furnace":3,"minecraft:walk_on_water_one_cm":27037,"minecraft:total_world_time":152840,"minecraft:interact_with_furnace":43,"tombstone:raider_killed":2,"minecraft:interact_with_cartography_table":1,"minecraft:sleep_in_bed":1,"minecraft:time_since_rest":55923,"minecraft:damage_taken":2694,"minecraft:damage_dealt":17995,"minecraft:swim_one_cm":18152,"minecraft:fly_one_cm":384206,"minecraft:player_kills":2,"minecraft:open_chest":46,"minecraft:crouch_one_cm":65348,"tombstone:undead_killed":61,"minecraft:fall_one_cm":55980},"minecraft:killed":{"undead_revamp2:thewolf":1,"luminousworld:miner_zombie":5,"minecraft:cave_spider":3,"undead_revamp2:thehunter":2,"born_in_chaos_v1:zombie_lumberjack":1,"born_in_chaos_v1:restless_spirit":1,"minecraft:vindicator":1,"minecraft:spider":2,"enemyexpansion:direwolf":2,"born_in_chaos_v1:siamese_skeletonsright":1,"born_in_chaos_v1:maggot":4,"naturalist:snail":1,"minecraft:skeleton":20,"luminousworld:dark_oak_skeleton":2,"undead_revamp2:sucker":2,"enemyexpansion:goblin":1,"born_in_chaos_v1:fallen_chaos_knight":1,"minecraft:husk":11,"undead_revamp2:the_moonflower":4,"earthmobsmod:cream_cow":1,"minecraft:creeper":2,"born_in_chaos_v1:decrepit_skeleton":2,"mowziesmobs:lantern":1,"minecraft:zombie":7,"illagerinvasion:sorcerer":1,"born_in_chaos_v1:dark_vortex":1,"enemyexpansion:botfly":2,"alexsmobs:fly":1,"luminousworld:dark_oak_zombie":1,"born_in_chaos_v1:siamese_skeletonsleft":1,"minecraft:cow":1},"minecraft:mined":{"minecraft:waxed_cut_copper_slab":1,"iceandfire:silver_ore":12,"minecraft:dark_oak_leaves":9,"quark:shale":64,"minecraft:cherry_log":16,"minecraft:brewing_stand":2,"minecraft:spruce_fence":2,"minecraft:grass_block":270,"quark:green_corundum_cluster":1,"minecraft:brown_mushroom_block":15,"minecraft:mangrove_trapdoor":1,"minecraft:spruce_leaves":54,"minecraft:moss_block":13,"minecraft:spawner":7,"luminousworld:decorative_red_1":1,"minecraft:hay_block":7,"minecraft:furnace":1,"quark:orange_corundum":1,"minecraft:iron_ore":73,"minecraft:andesite":1,"minecraft:moss_carpet":3,"minecraft:pumpkin":1,"minecraft:bookshelf":14,"minecraft:deepslate_iron_ore":8,"illagerinvasion:magic_fire":5,"minecraft:azalea":4,"minecraft:stone":119,"minecraft:flowering_azalea":3,"minecraft:glass_pane":1,"minecraft:clay":4,"minecraft:crafting_table":6,"minecraft:torch":6,"minecraft:calcite":35,"minecraft:melon":1,"minecraft:mushroom_stem":5,"minecraft:tall_grass":48,"minecraft:cobblestone":27,"placeablesmod:bread_full_block":1,"minecraft:oak_planks":12,"minecraft:wall_torch":2,"minecraft:big_dripleaf":1,"minecraft:pink_petals":55,"supplementaries:urn":2,"minecraft:spruce_log":38,"minecraft:birch_leaves":1,"quark:green_corundum":4,"minecraft:grass":269,"minecraft:oak_log":22,"minecraft:coal_ore":83,"minecraft:cherry_leaves":2,"minecraft:sunflower":13,"quark:spruce_chest":3,"minecraft:cyan_carpet":2,"minecraft:dirt":28,"minecraft:cobweb":31,"minecraft:cracked_stone_bricks":1,"minecraft:red_mushroom_block":45,"minecraft:small_dripleaf":2,"minecraft:gold_ore":3,"minecraft:oak_leaves":25,"minecraft:deepslate":3}},"DataVersion":3465}