{"stats":{"minecraft:broken":{"minecraft:stone_sword":1,"minecraft:stone_axe":1,"minecraft:iron_sword":2,"minecraft:iron_pickaxe":1,"minecraft:stone_shovel":1},"minecraft:killed_by":{"undead_revamp2:thehunter":1},"minecraft:used":{"minecraft:cherry_sapling":7,"minecraft:stone_sword":122,"minecraft:iron_shovel":170,"minecraft:stone_shovel":138,"quark:shale":32,"minecraft:shield":27,"minecraft:iron_sword":513,"minecraft:rotten_flesh":6,"endrem:lost_eye":1,"minecraft:torch":249,"minecraft:brewing_stand":2,"minecraft:dirt":286,"minecraft:carrot":22,"minecraft:spruce_fence":41,"minecraft:iron_hoe":92,"quark:spruce_chest":8,"minecraft:iron_axe":52,"minecraft:furnace":5,"tombstone:gift":3,"minecraft:cooked_beef":3,"minecraft:iron_leggings":1,"minecraft:wheat_seeds":80,"minecraft:water_bucket":7,"minecraft:stone_pickaxe":108,"minecraft:wooden_pickaxe":16,"minecraft:crafting_table":10,"minecraft:mushroom_stew":7,"minecraft:white_bed":1,"minecraft:cake":4,"minecraft:apple":10,"minecraft:bread":27,"minecraft:iron_pickaxe":339,"minecraft:stone_axe":106,"minecraft:cobblestone":78,"minecraft:bucket":7,"minecraft:bone_meal":39,"minecraft:oak_fence":54},"minecraft:picked_up":{"luminousworld:groundpebbles_1":6,"minecraft:crafting_table":6,"minecraft:wheat":21,"minecraft:clay_ball":39,"quark:orange_corundum":1,"minecraft:brown_mushroom":7,"minecraft:potion":1,"minecraft:enchanted_book":2,"minecraft:chain":1,"minecraft:brewing_stand":2,"minecraft:string":43,"minecraft:waxed_cut_copper_slab":1,"minecraft:moss_carpet":8,"illagerinvasion:unusual_dust":2,"minecraft:wooden_sword":1,"minecraft:cyan_carpet":2,"minecraft:beetroot":27,"quark:spruce_chest":3,"minecraft:cobbled_deepslate":1,"minecraft:beef":3,"minecraft:calcite":35,"minecraft:azalea":2,"minecraft:melon_slice":5,"minecraft:furnace":1,"minecraft:dark_oak_sapling":2,"minecraft:stick":10,"minecraft:raw_iron":82,"quark:green_corundum_cluster":9,"minecraft:big_dripleaf":1,"minecraft:oak_fence":7,"minecraft:torch":21,"minecraft:bowl":5,"minecraft:spruce_fence":2,"minecraft:cherry_log":16,"tombstone:grave_dust":14,"born_in_chaos_v1:pieceofdarkmetal":4,"minecraft:dark_oak_planks":4,"minecraft:arrow":17,"minecraft:rotten_flesh":48,"minecraft:pumpkin_pie":5,"minecraft:hay_block":7,"supplementaries:ash":2,"minecraft:glow_berries":4,"minecraft:cobblestone":149,"born_in_chaos_v1:fused_bone":2,"born_in_chaos_v1:corpse_maggot":2,"minecraft:pink_petals":234,"born_in_chaos_v1:monster_flesh":2,"minecraft:glow_ink_sac":8,"minecraft:water_bucket":1,"minecraft:andesite":1,"minecraft:leather":3,"minecraft:red_mushroom":21,"minecraft:potato":1,"minecraft:oak_log":21,"minecraft:gunpowder":1,"minecraft:dirt":327,"tombstone:gift":2,"born_in_chaos_v1:monster_skin":2,"minecraft:bone":26,"minecraft:apple":1,"minecraft:bow":1,"minecraft:wheat_seeds":91,"minecraft:raw_gold":3,"minecraft:moss_block":16,"minecraft:oak_planks":14,"minecraft:flowering_azalea":3,"minecraft:book":42,"quark:shale":65,"born_in_chaos_v1:ethereal_spirit":1,"born_in_chaos_v1:dark_rod":2,"minecraft:spruce_sapling":3,"minecraft:spruce_log":38,"quark:green_corundum":4,"minecraft:bundle":2,"undead_revamp2:beespheromones":1,"minecraft:iron_helmet":1,"minecraft:cherry_sapling":7,"minecraft:bread":13,"minecraft:emerald":1,"alexsmobs:maggot":1,"tombstone:magic_scroll":1,"minecraft:oak_sapling":2,"minecraft:coal":99,"iceandfire:raw_silver":12,"minecraft:sunflower":14},"minecraft:crafted":{"minecraft:brick":1,"minecraft:cherry_planks":64,"minecraft:oak_planks":84,"minecraft:stone_shovel":1,"minecraft:furnace":4,"minecraft:mushroom_stew":7,"minecraft:bone_meal":39,"minecraft:spruce_fence":39,"minecraft:iron_boots":1,"minecraft:iron_axe":1,"minecraft:iron_hoe":1,"minecraft:stone_pickaxe":1,"quark:spruce_chest":5,"minecraft:oak_fence":63,"minecraft:wheat":63,"minecraft:cooked_beef":3,"minecraft:crafting_table":4,"minecraft:spruce_planks":152,"minecraft:wooden_pickaxe":1,"minecraft:iron_sword":3,"minecraft:bowl":12,"minecraft:bucket":1,"minecraft:stone_axe":1,"minecraft:bread":26,"minecraft:air":0,"minecraft:white_wool":6,"minecraft:iron_chestplate":1,"minecraft:shield":1,"minecraft:stick":156,"minecraft:iron_ingot":48,"minecraft:iron_pickaxe":1,"minecraft:stone_sword":1,"minecraft:iron_shovel":2,"minecraft:iron_leggings":1,"minecraft:white_bed":1,"minecraft:torch":228},"minecraft:dropped":{"minecraft:enchanted_book":1,"minecraft:water_bucket":1,"minecraft:bread":21,"minecraft:moss_block":16,"minecraft:wheat_seeds":8,"minecraft:glow_ink_sac":8,"minecraft:dark_oak_sapling":2,"minecraft:glow_berries":4,"illagerinvasion:unusual_dust":1,"minecraft:mushroom_stew":1,"minecraft:stick":1,"minecraft:dirt":6,"minecraft:chain":1,"minecraft:wooden_sword":2,"minecraft:pumpkin_pie":5,"minecraft:flowering_azalea":3,"minecraft:string":10,"minecraft:cyan_carpet":1,"minecraft:spruce_sapling":3,"minecraft:bone":3,"minecraft:moss_carpet":8,"alexsmobs:animal_dictionary":1,"minecraft:cobbled_deepslate":1,"minecraft:bowl":6,"minecraft:rotten_flesh":29,"minecraft:carrot":8,"supplementaries:ash":2,"minecraft:gunpowder":1,"minecraft:andesite":1,"minecraft:azalea":2,"minecraft:calcite":2,"born_in_chaos_v1:dark_rod":1},"minecraft:custom":{"minecraft:mob_kills":104,"minecraft:animals_bred":2,"minecraft:interact_with_crafting_table":36,"minecraft:open_barrel":31,"minecraft:damage_dealt_resisted":153,"minecraft:eat_cake_slice":15,"minecraft:leave_game":2,"minecraft:time_since_death":158648,"minecraft:climb_one_cm":16179,"minecraft:sprint_one_cm":378024,"minecraft:walk_one_cm":905735,"minecraft:damage_blocked_by_shield":515,"minecraft:drop":64,"minecraft:play_time":172230,"minecraft:deaths":1,"minecraft:sneak_time":18802,"minecraft:walk_under_water_one_cm":6365,"tombstone:tomb_raiding":1,"minecraft:jump":3003,"minecraft:interact_with_blast_furnace":3,"minecraft:walk_on_water_one_cm":27086,"minecraft:total_world_time":172230,"minecraft:interact_with_furnace":44,"tombstone:raider_killed":2,"minecraft:interact_with_cartography_table":1,"minecraft:sleep_in_bed":1,"minecraft:time_since_rest":75313,"minecraft:damage_taken":2912,"minecraft:damage_dealt":20740,"minecraft:player_kills":2,"minecraft:swim_one_cm":18152,"minecraft:fly_one_cm":487051,"minecraft:open_chest":57,"minecraft:crouch_one_cm":95814,"tombstone:undead_killed":68,"minecraft:fall_one_cm":68363},"minecraft:killed":{"undead_revamp2:thewolf":1,"luminousworld:miner_zombie":5,"minecraft:cave_spider":3,"undead_revamp2:thehunter":2,"born_in_chaos_v1:restless_spirit":1,"born_in_chaos_v1:zombie_lumberjack":1,"minecraft:spider":3,"minecraft:vindicator":1,"enemyexpansion:direwolf":2,"born_in_chaos_v1:siamese_skeletonsright":1,"born_in_chaos_v1:zombie_bruiser":1,"undead_revamp2:theswarmer":1,"born_in_chaos_v1:maggot":6,"naturalist:snail":1,"minecraft:skeleton":20,"luminousworld:dark_oak_skeleton":2,"undead_revamp2:sucker":2,"enemyexpansion:goblin":1,"born_in_chaos_v1:fallen_chaos_knight":1,"minecraft:husk":11,"undead_revamp2:the_moonflower":4,"earthmobsmod:cream_cow":1,"minecraft:creeper":2,"born_in_chaos_v1:decrepit_skeleton":3,"mowziesmobs:lantern":1,"minecraft:zombie":11,"born_in_chaos_v1:dread_hound":1,"illagerinvasion:sorcerer":1,"born_in_chaos_v1:corpse_fly":5,"enemyexpansion:botfly":2,"born_in_chaos_v1:dark_vortex":1,"alexsmobs:fly":1,"luminousworld:dark_oak_zombie":1,"born_in_chaos_v1:siamese_skeletonsleft":1,"minecraft:cow":1},"minecraft:mined":{"iceandfire:silver_ore":12,"minecraft:dark_oak_leaves":9,"quark:shale":64,"minecraft:cherry_log":16,"minecraft:brewing_stand":2,"minecraft:spruce_fence":2,"minecraft:grass_block":299,"quark:green_corundum_cluster":1,"minecraft:brown_mushroom_block":15,"minecraft:mangrove_trapdoor":1,"minecraft:spruce_leaves":54,"minecraft:moss_block":13,"luminousworld:groundpebbles_3":2,"minecraft:spawner":7,"minecraft:hay_block":7,"luminousworld:decorative_red_1":1,"minecraft:furnace":1,"quark:orange_corundum":1,"minecraft:iron_ore":73,"minecraft:andesite":1,"minecraft:moss_carpet":3,"minecraft:pumpkin":1,"minecraft:bookshelf":14,"minecraft:deepslate_iron_ore":8,"illagerinvasion:magic_fire":5,"minecraft:azalea":4,"minecraft:stone":119,"minecraft:flowering_azalea":3,"minecraft:glass_pane":1,"minecraft:oak_fence":7,"minecraft:clay":4,"minecraft:crafting_table":6,"minecraft:torch":9,"minecraft:calcite":35,"minecraft:melon":1,"minecraft:mushroom_stem":5,"minecraft:tall_grass":57,"minecraft:cobblestone":27,"minecraft:oak_planks":12,"placeablesmod:bread_full_block":1,"minecraft:big_dripleaf":1,"minecraft:wall_torch":2,"minecraft:pink_petals":75,"supplementaries:urn":2,"minecraft:spruce_log":38,"minecraft:birch_leaves":1,"quark:green_corundum":4,"minecraft:grass":325,"minecraft:oak_log":22,"minecraft:coal_ore":83,"quark:spruce_chest":3,"minecraft:cherry_leaves":2,"minecraft:cyan_carpet":2,"minecraft:sunflower":14,"minecraft:dirt":29,"minecraft:cobweb":31,"minecraft:cracked_stone_bricks":1,"minecraft:red_mushroom_block":45,"minecraft:small_dripleaf":2,"minecraft:gold_ore":3,"minecraft:deepslate":3,"minecraft:oak_leaves":25,"minecraft:waxed_cut_copper_slab":1}},"DataVersion":3465}