{"stats":{"minecraft:broken":{"aether:golden_gloves":1,"minecraft:shears":1,"minecraft:iron_boots":2,"minecraft:iron_chestplate":1,"minecraft:iron_leggings":2,"minecraft:iron_sword":6,"securitycraft:universal_block_reinforcer_lvl1":1,"iceandfire:silver_shovel":2,"minecraft:stone_sword":1,"minecraft:iron_axe":1,"minecraft:iron_pickaxe":18,"minecraft:iron_helmet":1,"iceandfire:silver_axe":2,"minecraft:iron_shovel":9,"iceandfire:silver_pickaxe":8,"minecraft:stone_axe":1,"minecraft:stone_shovel":1},"minecraft:killed_by":{"born_in_chaos_v1:nightmare_stalker":1,"naturalist:snake":1,"born_in_chaos_v1:maggot":1,"undead_revamp2:thebeartamer":1,"iceandfire:fire_dragon":2,"enemyexpansion:trollenraged":1,"undead_revamp2:thehunter":1},"minecraft:used":{"iceandfire:lectern":1,"minecraft:writable_book":1,"minecraft:chiseled_deepslate":12,"minecraft:ladder":20,"quark:shale":32,"minecraft:chest":18,"minecraft:stone":2,"minecraft:rotten_flesh":6,"quark:cherry_chest":10,"securitycraft:keypad_item":11,"minecraft:deepslate_brick_slab":2,"born_in_chaos_v1:smoked_flesh":95,"minecraft:lava_bucket":19,"quark:chiseled_calcite_bricks":328,"supplementaries:ash":1,"minecraft:oak_sapling":12,"minecraft:furnace":17,"minecraft:potato":50,"securitycraft:door_indestructible_iron_item":3,"minecraft:wooden_pickaxe":16,"securitycraft:keypad_frame":2,"minecraft:blast_furnace":4,"securitycraft:universal_block_remover":3,"minecraft:lightning_rod":2,"minecraft:deepslate_tiles":1329,"iceandfire:silver_pickaxe":3681,"born_in_chaos_v1:monster_flesh":1,"quark:calcite_pillar":17,"minecraft:dark_oak_fence":39,"minecraft:stone_sword":122,"born_in_chaos_v1:fried_maggot":2,"minecraft:torch":1287,"endrem:lost_eye":1,"minecraft:brewing_stand":5,"quark:cherry_bookshelf":15,"minecraft:cherry_slab":6,"minecraft:iron_axe":229,"minecraft:spruce_button":1,"minecraft:smooth_basalt":1,"tombstone:gift":7,"minecraft:cherry_fence":68,"minecraft:cobbled_deepslate":391,"minecraft:cherry_log":20,"minecraft:pointed_dripstone":16,"quark:chiseled_shale_bricks":14,"minecraft:wheat_seeds":80,"minecraft:water_bucket":25,"quark:cobblestone_bricks":116,"minecraft:cherry_planks":14,"minecraft:cauldron":17,"minecraft:polished_deepslate_slab":97,"minecraft:crafting_table":25,"minecraft:white_bed":3,"minecraft:cake":4,"minecraft:deepslate_tile_wall":277,"minecraft:diamond_pickaxe":435,"minecraft:cornflower":2,"minecraft:iron_pickaxe":4630,"enchantinginfuser:enchanting_infuser":3,"minecraft:cobblestone":446,"quark:oak_chest":5,"minecraft:dandelion":1,"minecraft:cherry_sapling":19,"minecraft:iron_shovel":2287,"minecraft:polished_deepslate":184,"minecraft:shield":99,"minecraft:iron_sword":1456,"minecraft:iron_chestplate":1,"twilightforest:bold_stone_pillar":116,"minecraft:carrot":22,"minecraft:deepslate_tile_slab":469,"cataclysm:stone_tiles":585,"minecraft:tuff":105,"minecraft:obsidian":10,"minecraft:iron_helmet":1,"minecraft:stone_bricks":407,"minecraft:item_frame":1,"minecraft:stone_pickaxe":108,"luminousworld:groundpebbles_1":21,"quark:deepslate_tile_vertical_slab":18,"cataclysm:chiseled_stone_brick_pillar":61,"minecraft:white_wool":4,"minecraft:mushroom_stew":7,"iceandfire:silver_axe":693,"quark:polished_calcite_stairs":20,"minecraft:dripstone_block":19,"minecraft:shears":238,"sophisticatedbackpacks:backpack":1,"minecraft:bread":75,"tombstone:grave_key":2,"born_in_chaos_v1:smoked_monster_flesh":2,"minecraft:gravel":2,"minecraft:bone_meal":75,"minecraft:cobweb":4,"minecraft:oak_fence":70,"minecraft:flint_and_steel":5,"minecraft:stone_shovel":138,"securitycraft:keypad_door_item":2,"minecraft:dirt":3523,"minecraft:white_carpet":8,"quark:tuff_pillar":473,"minecraft:spruce_fence":61,"minecraft:granite":2,"minecraft:iron_hoe":107,"quark:spruce_chest":8,"minecraft:deepslate_tile_stairs":65,"minecraft:cooked_beef":54,"minecraft:iron_leggings":2,"tombstone:scroll_of_knowledge":1,"minecraft:baked_potato":86,"minecraft:stonecutter":2,"minecraft:cobblestone_slab":98,"minecraft:mangrove_trapdoor":19,"minecraft:smoker":2,"tombstone:bag_of_seeds":3,"minecraft:apple":10,"minecraft:stone_axe":106,"minecraft:pink_petals":830,"minecraft:bucket":72,"iceandfire:silver_shovel":1656,"enemyexpansion:horsehead_helmet":2},"minecraft:crafted":{"minecraft:smooth_stone":6,"iceandfire:silver_shovel":5,"sophisticatedbackpacks:crafting_upgrade":1,"securitycraft:keypad_item":11,"minecraft:glass":7,"iceandfire:armor_silver_metal_chestplate":1,"sophisticatedbackpacks:copper_backpack":2,"minecraft:iron_door":3,"iceandfire:silver_axe":2,"enchantinginfuser:enchanting_infuser":1,"minecraft:copper_ingot":52,"minecraft:polished_deepslate_slab":2,"quark:oak_chest":4,"born_in_chaos_v1:smoked_flesh":105,"minecraft:iron_pickaxe":16,"minecraft:gold_ingot":53,"minecraft:stone_shovel":1,"minecraft:bone_meal":75,"minecraft:spruce_fence":39,"minecraft:white_carpet":3,"quark:cherry_bookshelf":15,"born_in_chaos_v1:smoked_monster_flesh":2,"minecraft:diamond":1,"securitycraft:universal_block_remover":1,"minecraft:ladder":4,"minecraft:stone_pickaxe":1,"minecraft:redstone_block":1,"iceandfire:armor_silver_metal_boots":1,"quark:spruce_chest":5,"minecraft:wheat":63,"minecraft:enchanting_table":1,"sophisticatedbackpacks:gold_backpack":2,"securitycraft:door_indestructible_iron_item":2,"minecraft:iron_shovel":8,"minecraft:iron_leggings":2,"minecraft:white_bed":2,"iceandfire:silver_pickaxe":7,"minecraft:brick":1,"minecraft:oak_planks":136,"minecraft:cobblestone_slab":16,"minecraft:cherry_slab":6,"minecraft:lightning_rod":1,"cataclysm:chiseled_stone_brick_pillar":1,"iceandfire:lectern":1,"minecraft:stone":1218,"quark:cherry_chest":16,"minecraft:heavy_weighted_pressure_plate":10,"securitycraft:laser_block":2,"minecraft:bow":1,"minecraft:iron_boots":2,"iceandfire:armor_silver_metal_leggings":1,"minecraft:chest":17,"minecraft:oak_fence":63,"securitycraft:keypad_door_item":1,"minecraft:cherry_fence":75,"minecraft:smoker":1,"sophisticatedbackpacks:backpack":2,"minecraft:crafting_table":6,"minecraft:spruce_planks":152,"minecraft:wooden_pickaxe":1,"minecraft:baked_potato":111,"minecraft:iron_helmet":1,"sophisticatedbackpacks:upgrade_base":2,"minecraft:iron_chestplate":3,"minecraft:shield":1,"minecraft:diamond_pickaxe":1,"minecraft:yellow_dye":2,"minecraft:stick":476,"minecraft:iron_ingot":210,"minecraft:stone_sword":1,"minecraft:shears":1,"securitycraft:universal_block_reinforcer_lvl1":2,"minecraft:cherry_planks":568,"minecraft:furnace":10,"minecraft:stone_button":124,"minecraft:blast_furnace":1,"minecraft:mushroom_stew":7,"securitycraft:keypad_frame":1,"minecraft:glass_pane":16,"minecraft:flint_and_steel":1,"quark:dark_oak_chest":1,"minecraft:iron_axe":1,"minecraft:iron_hoe":1,"born_in_chaos_v1:fried_maggot":2,"sophisticatedbackpacks:iron_backpack":1,"minecraft:cooked_beef":79,"minecraft:red_dye":1,"iceandfire:silver_ingot":75,"minecraft:iron_sword":6,"minecraft:bowl":12,"minecraft:mangrove_planks":16,"minecraft:bucket":4,"minecraft:stone_axe":1,"minecraft:air":0,"minecraft:bread":81,"iceandfire:armor_silver_metal_helmet":1,"iceandfire:bestiary":1,"minecraft:white_wool":13,"minecraft:stonecutter":1,"undead_revamp2:bostroxingot":1,"minecraft:torch":940},"minecraft:picked_up":{"minecraft:seagrass":2,"minecraft:iron_chestplate":1,"minecraft:chainmail_boots":3,"minecraft:prismarine_shard":2,"quark:orange_corundum":1,"minecraft:flower_pot":1,"minecraft:lead":3,"minecraft:wither_rose":1,"minecraft:enchanted_book":5,"minecraft:brewing_stand":5,"minecraft:amethyst_block":14,"minecraft:polished_deepslate":16,"minecraft:string":110,"minecraft:beetroot":27,"minecraft:gold_nugget":20,"minecraft:cobbled_deepslate":2719,"quark:calcite_pillar":9,"minecraft:spruce_planks":1,"minecraft:melon_slice":5,"minecraft:mangrove_log":2,"minecraft:golden_helmet":2,"born_in_chaos_v1:shattered_skull":1,"minecraft:big_dripleaf":1,"quark:cherry_chest":7,"minecraft:acacia_log":2,"minecraft:lightning_rod":1,"minecraft:cherry_log":268,"minecraft:deepslate_tile_stairs":27,"minecraft:cauldron":17,"minecraft:stone_sword":1,"minecraft:tropical_fish":1,"supplementaries:ash":35,"minecraft:cherry_leaves":340,"minecraft:water_bucket":2,"minecraft:brown_wool":4,"minecraft:smoker":1,"minecraft:flint":36,"minecraft:cherry_fence":2,"securitycraft:reinforced_stone_button":90,"minecraft:stonecutter":1,"quark:chiseled_calcite_bricks":112,"minecraft:glowstone_dust":46,"minecraft:moss_block":16,"minecraft:pitcher_pod":3,"minecraft:barrel":14,"cataclysm:stone_tiles":71,"undead_revamp2:heavytooth":1,"minecraft:bundle":7,"minecraft:writable_book":5,"enchantinginfuser:enchanting_infuser":2,"minecraft:granite":42,"minecraft:spruce_button":1,"minecraft:bread":13,"alexsmobs:maggot":2,"minecraft:dark_oak_fence":158,"iceandfire:raw_silver":85,"luminousworld:groundpebbles_1":57,"minecraft:crafting_table":20,"iceandfire:witherbone":5,"minecraft:nether_wart":86,"minecraft:clay_ball":39,"born_in_chaos_v1:seedof_chaos":1,"minecraft:leather_leggings":2,"twilightforest:bold_stone_pillar":11,"quark:nether_brick_chest":6,"minecraft:cornflower":4,"minecraft:white_carpet":8,"quark:spruce_chest":5,"securitycraft:keypad_frame":1,"minecraft:beef":131,"minecraft:iron_nugget":2,"minecraft:poppy":6,"minecraft:polished_deepslate_slab":1,"minecraft:stone":35,"quark:green_corundum_cluster":9,"sophisticatedbackpacks:backpack":1,"minecraft:spruce_fence":42,"minecraft:fire_charge":1,"born_in_chaos_v1:pieceofdarkmetal":5,"minecraft:redstone":553,"minecraft:mangrove_trapdoor":18,"minecraft:hay_block":7,"tombstone:essence_of_undeath":1,"minecraft:gold_ingot":9,"born_in_chaos_v1:dark_ritual_dagger":1,"minecraft:glow_berries":4,"minecraft:white_wool":14,"minecraft:oxeye_daisy":2,"enemyexpansion:horsehead_helmet":1,"born_in_chaos_v1:monster_flesh":3,"luminousworld:ishstone":22,"minecraft:yellow_dye":1,"minecraft:red_mushroom":21,"minecraft:oak_log":34,"minecraft:paper":2,"tombstone:gift":2,"minecraft:white_banner":3,"minecraft:apple":1,"minecraft:stone_bricks":33,"alexsmobs:cockroach_wing_fragment":1,"quark:glow_shroom":2,"tombstone:bag_of_seeds":2,"minecraft:glass_bottle":2,"minecraft:iron_sword":4,"minecraft:flowering_azalea":3,"minecraft:smooth_basalt":6,"enemyexpansion:phantom_eye":2,"born_in_chaos_v1:ethereal_spirit":6,"minecraft:gravel":232,"minecraft:spruce_sapling":3,"minecraft:spruce_log":38,"minecraft:crying_obsidian":7,"quark:green_corundum":4,"minecraft:leather_helmet":1,"quark:cobblestone_bricks":5,"minecraft:slime_ball":8,"undead_revamp2:beespheromones":2,"minecraft:gray_wool":10,"alexscaves:cave_map":1,"securitycraft:keypad":1,"minecraft:wheat":618,"securitycraft:keypad_item":3,"minecraft:potion":1,"minecraft:waxed_cut_copper_slab":1,"minecraft:raw_copper":59,"minecraft:deepslate_tiles":111,"minecraft:bucket":3,"minecraft:cobblestone_slab":21,"minecraft:azalea":2,"minecraft:calcite":395,"minecraft:iron_pickaxe":2,"minecraft:deepslate_tile_wall":23,"minecraft:iron_boots":1,"minecraft:furnace":9,"minecraft:stick":60,"minecraft:oak_fence":29,"minecraft:torch":405,"cataclysm:chiseled_stone_brick_pillar":5,"minecraft:pointed_dripstone":11,"tombstone:grave_dust":53,"minecraft:diorite":24,"minecraft:rotten_flesh":166,"supplementaries:antique_ink":2,"minecraft:obsidian":32,"undead_revamp2:arapholia":6,"minecraft:cobblestone":2834,"minecraft:pink_petals":2094,"minecraft:leather_chestplate":2,"minecraft:magma_cream":1,"minecraft:cherry_planks":10,"minecraft:andesite":27,"minecraft:golden_leggings":1,"minecraft:potato":129,"minecraft:tuff":741,"supplementaries:flax_seeds":2,"undead_revamp2:huntereye":1,"minecraft:wither_skeleton_skull":1,"minecraft:dirt":4064,"minecraft:lapis_lazuli":350,"born_in_chaos_v1:monster_skin":2,"minecraft:leather_boots":2,"minecraft:glass":57,"minecraft:bone":100,"minecraft:bow":1,"minecraft:wheat_seeds":1825,"minecraft:deepslate_brick_slab":2,"minecraft:raw_gold":68,"minecraft:powered_rail":1,"minecraft:oak_planks":29,"quark:shale":65,"minecraft:poisonous_potato":6,"minecraft:sand":102,"undead_revamp2:acidsack":1,"minecraft:diamond":21,"minecraft:soul_lantern":1,"minecraft:emerald":12,"minecraft:oak_sapling":12,"minecraft:netherrack":42,"minecraft:cocoa_beans":2,"born_in_chaos_v1:diamond_termite_shard":12,"minecraft:azure_bluet":1,"minecraft:ladder":1,"minecraft:brown_mushroom":7,"minecraft:chain":1,"minecraft:moss_carpet":8,"illagerinvasion:unusual_dust":2,"minecraft:wooden_sword":1,"minecraft:item_frame":8,"minecraft:cyan_carpet":2,"quark:chiseled_shale_bricks":14,"minecraft:phantom_membrane":4,"minecraft:dark_oak_sapling":3,"minecraft:raw_iron":258,"minecraft:stripped_mangrove_wood":2,"minecraft:copper_ingot":2,"iceandfire:chared_grass":18,"minecraft:bowl":5,"minecraft:cookie":10,"minecraft:dark_oak_planks":9,"minecraft:arrow":54,"minecraft:pumpkin_pie":5,"minecraft:saddle":2,"securitycraft:keypad_door_item":1,"born_in_chaos_v1:fused_bone":4,"iceandfire:silver_axe":3,"born_in_chaos_v1:corpse_maggot":24,"minecraft:glow_ink_sac":8,"minecraft:leather":71,"quark:smithing_template_rune":1,"iceandfire:ectoplasm":1,"minecraft:gunpowder":30,"minecraft:deepslate_tile_slab":52,"minecraft:iron_ingot":18,"quark:deepslate_tile_vertical_slab":6,"minecraft:soul_sand":14,"quark:tuff_pillar":19,"minecraft:book":88,"iceandfire:ash":31,"minecraft:quartz":13,"minecraft:dandelion":15,"minecraft:dripstone_block":25,"born_in_chaos_v1:dark_rod":2,"minecraft:amethyst_shard":114,"minecraft:blast_furnace":2,"minecraft:white_bed":1,"quark:oak_chest":1,"minecraft:spider_eye":1,"undead_revamp2:rawbostrox":1,"minecraft:pumpkin_seeds":2,"minecraft:chainmail_leggings":2,"minecraft:iron_helmet":2,"minecraft:cherry_sapling":63,"tombstone:magic_scroll":4,"securitycraft:door_indestructible_iron_item":2,"minecraft:coal":585,"minecraft:sunflower":69},"minecraft:dropped":{"minecraft:iron_sword":2,"iceandfire:raw_silver":4,"minecraft:cooked_beef":25,"minecraft:glow_ink_sac":8,"minecraft:cookie":10,"minecraft:glow_berries":4,"minecraft:dirt":8,"minecraft:chain":1,"minecraft:gold_nugget":2,"minecraft:wooden_sword":2,"minecraft:sunflower":2,"minecraft:cyan_carpet":1,"minecraft:bone":3,"minecraft:cobbled_deepslate":1,"alexsmobs:animal_dictionary":1,"minecraft:rotten_flesh":32,"born_in_chaos_v1:smoked_flesh":10,"minecraft:ladder":1,"minecraft:red_nether_bricks":1,"minecraft:beef":1,"minecraft:enchanted_book":2,"minecraft:iron_ingot":4,"minecraft:wheat_seeds":770,"minecraft:iron_helmet":1,"minecraft:mushroom_stew":1,"quark:cobblestone_bricks":3,"minecraft:white_banner":2,"minecraft:string":10,"minecraft:spruce_sapling":3,"minecraft:moss_carpet":8,"minecraft:bowl":6,"quark:chiseled_calcite_bricks":2,"minecraft:potato":1,"minecraft:spruce_planks":1,"minecraft:stone_bricks":4,"minecraft:moss_block":16,"minecraft:baked_potato":21,"minecraft:dark_oak_sapling":2,"illagerinvasion:unusual_dust":1,"minecraft:leather":11,"minecraft:pumpkin_pie":5,"iceandfire:ash":9,"minecraft:gravel":46,"minecraft:cherry_sapling":3,"minecraft:carrot":8,"supplementaries:ash":3,"minecraft:gunpowder":3,"born_in_chaos_v1:corpse_maggot":3,"minecraft:azalea":2,"born_in_chaos_v1:dark_rod":1,"minecraft:water_bucket":3,"minecraft:bread":27,"minecraft:cherry_log":3,"minecraft:lead":1,"minecraft:stick":10,"minecraft:diorite":4,"minecraft:flowering_azalea":3,"minecraft:pink_petals":114,"minecraft:bucket":2,"minecraft:nether_wart":48,"minecraft:tuff":9,"minecraft:andesite":1,"minecraft:calcite":2},"minecraft:custom":{"minecraft:interact_with_crafting_table":181,"minecraft:open_barrel":44,"minecraft:eat_cake_slice":15,"minecraft:leave_game":18,"minecraft:time_since_death":127180,"minecraft:damage_blocked_by_shield":1445,"minecraft:play_time":1282472,"minecraft:deaths":12,"tombstone:tomb_raiding":1,"minecraft:jump":22394,"minecraft:enchant_item":2,"minecraft:interact_with_furnace":310,"minecraft:interact_with_cartography_table":1,"minecraft:sleep_in_bed":19,"tombstone:sneak_grave":1,"minecraft:damage_dealt":69346,"tombstone:undead_killed":182,"minecraft:interact_with_smoker":97,"minecraft:use_cauldron":39,"minecraft:sneak_time":97603,"minecraft:interact_with_blast_furnace":80,"minecraft:total_world_time":1282472,"tombstone:raider_killed":9,"minecraft:interact_with_stonecutter":112,"minecraft:time_since_rest":23654,"minecraft:swim_one_cm":71879,"minecraft:fly_one_cm":3974012,"minecraft:open_chest":664,"minecraft:fall_one_cm":356132,"minecraft:animals_bred":192,"minecraft:sprint_one_cm":3230760,"minecraft:drop":150,"minecraft:talked_to_villager":1,"minecraft:interact_with_brewingstand":3,"minecraft:walk_on_water_one_cm":61915,"minecraft:interact_with_loom":1,"minecraft:player_kills":3,"minecraft:crouch_one_cm":486987,"minecraft:mob_kills":379,"minecraft:fill_cauldron":6,"minecraft:damage_dealt_resisted":1285,"minecraft:climb_one_cm":32952,"minecraft:walk_one_cm":4381187,"minecraft:walk_under_water_one_cm":20711,"minecraft:damage_taken":14188,"minecraft:trigger_trapped_chest":2},"minecraft:killed":{"luminousworld:miner_zombie":5,"minecraft:cave_spider":3,"born_in_chaos_v1:restless_spirit":3,"born_in_chaos_v1:zombie_lumberjack":2,"enemyexpansion:equestrian":9,"born_in_chaos_v1:siamese_skeletonsright":1,"born_in_chaos_v1:baby_skeleton_minion":3,"undead_revamp2:theswarmer":2,"minecraft:skeleton":31,"luminousworld:dark_oak_skeleton":2,"born_in_chaos_v1:skeleton_thrasher":1,"undead_revamp2:thepregnant":1,"undead_revamp2:thespitter":2,"enemyexpansion:vampflyer":1,"naturalist:snake":1,"enemyexpansion:meature":2,"minecraft:zombie":29,"enemyexpansion:vampire":1,"born_in_chaos_v1:corpse_fly":16,"enemyexpansion:botfly":13,"minecraft:cow":1,"undead_revamp2:thehunter":8,"minecraft:vindicator":1,"illagerinvasion:marauder":3,"enemyexpansion:goblin_fear":1,"born_in_chaos_v1:barrel_zombie":1,"minecraft:husk":11,"undead_revamp2:the_moonflower":18,"enemyexpansion:sprinter":1,"earthmobsmod:cream_cow":69,"born_in_chaos_v1:decrepit_skeleton":5,"iceandfire:ghost":3,"born_in_chaos_v1:dark_vortex":1,"undead_revamp2:thewolf":1,"minecraft:spider":7,"undead_revamp2:thesmoker":1,"born_in_chaos_v1:scarlet_persecutor":1,"naturalist:snail":1,"quark:shiba":1,"minecraft:bee":1,"minecraft:silverfish":1,"undead_revamp2:therod":1,"born_in_chaos_v1:bonescaller":1,"born_in_chaos_v1:diamond_termite":11,"undead_revamp2:thebeartamer":1,"minecraft:creeper":8,"mowziesmobs:lantern":1,"undead_revamp2:thebidyupside":1,"born_in_chaos_v1:dread_hound":2,"illagerinvasion:sorcerer":1,"alexsmobs:fly":3,"luminousworld:dark_oak_zombie":1,"minecraft:blaze":2,"born_in_chaos_v1:siamese_skeletonsleft":1,"minecraft:slime":1,"enemyexpansion:direwolf":6,"born_in_chaos_v1:zombie_bruiser":3,"born_in_chaos_v1:maggot":18,"minecraft:phantom":4,"undead_revamp2:coppertar":1,"luminousworld:monarch":1,"undead_revamp2:sucker":13,"enemyexpansion:goblin":1,"born_in_chaos_v1:fallen_chaos_knight":1,"born_in_chaos_v1:baby_skeleton":1,"born_in_chaos_v1:swarmer":1,"alexsmobs:cockroach":1,"enemyexpansion:huntsman":1,"minecraft:wither_skeleton":12},"minecraft:mined":{"minecraft:dark_oak_planks":5,"minecraft:white_bed":1,"minecraft:cherry_log":265,"cataclysm:stone_tiles":69,"minecraft:obsidian":10,"minecraft:granite":50,"minecraft:deepslate_tile_wall":24,"quark:green_corundum_cluster":1,"minecraft:brown_wool":4,"minecraft:deepslate_tile_stairs":28,"minecraft:nether_wart":12,"minecraft:oxeye_daisy":3,"minecraft:spawner":7,"minecraft:cobbled_deepslate":21,"minecraft:fire":33,"minecraft:barrel":14,"quark:tuff_pillar":19,"minecraft:pumpkin":1,"minecraft:moss_carpet":3,"minecraft:deepslate_lapis_ore":51,"placeablesmod:empty_bucket_block":1,"minecraft:polished_deepslate_slab":1,"minecraft:water_cauldron":1,"illagerinvasion:magic_fire":5,"quark:calcite_pillar":9,"quark:nether_brick_chest":6,"minecraft:smoker":1,"minecraft:amethyst_cluster":24,"minecraft:deepslate_tile_slab":46,"born_in_chaos_v1:infected_deepslate_diamond_ore":5,"minecraft:torch":96,"minecraft:blast_furnace":2,"minecraft:melon":1,"minecraft:amethyst_block":14,"minecraft:cherry_fence":2,"minecraft:wheat":79,"minecraft:wither_rose":1,"minecraft:grass":702,"quark:deepslate_tile_vertical_slab":6,"luminousworld:grassvariant_3":1,"minecraft:smooth_basalt":6,"minecraft:red_mushroom_block":45,"minecraft:stonecutter":1,"minecraft:deepslate":2736,"minecraft:deepslate_tiles":111,"iceandfire:silver_ore":72,"quark:shale":64,"minecraft:cherry_sapling":1,"quark:chiseled_shale_bricks":14,"minecraft:dark_oak_fence":163,"placeablesmod:wheat_block_1":2,"minecraft:spruce_fence":42,"iceandfire:deepslate_silver_ore":2,"minecraft:moss_block":13,"minecraft:andesite":25,"minecraft:cobblestone_slab":21,"luminousworld:groundpebbles_2":11,"minecraft:white_wool":14,"minecraft:glass_pane":1,"minecraft:cherry_planks":10,"minecraft:soul_sand":14,"quark:oak_chest":1,"minecraft:dandelion":10,"minecraft:cornflower":5,"minecraft:spruce_button":1,"minecraft:emerald_ore":5,"minecraft:lightning_rod":1,"quark:chiseled_calcite_bricks":110,"minecraft:tall_grass":93,"minecraft:copper_ore":17,"minecraft:deepslate_gold_ore":43,"minecraft:diorite":22,"minecraft:big_dripleaf":1,"minecraft:white_carpet":5,"minecraft:spruce_log":38,"minecraft:birch_leaves":1,"quark:green_corundum":4,"luminousworld:ishstone":23,"minecraft:sunflower":29,"minecraft:gravel":256,"minecraft:dripstone_block":25,"minecraft:cobweb":42,"minecraft:stone_bricks":29,"minecraft:gold_ore":11,"minecraft:infested_stone":1,"minecraft:waxed_cut_copper_slab":1,"minecraft:large_amethyst_bud":1,"minecraft:farmland":34,"quark:cherry_chest":7,"minecraft:brewing_stand":5,"minecraft:budding_amethyst":1,"minecraft:grass_block":2358,"luminousworld:decorative_red_1":1,"minecraft:glowstone":10,"supplementaries:ash":1,"minecraft:iron_ore":187,"minecraft:pointed_dripstone":9,"minecraft:azalea":4,"minecraft:deepslate_redstone_ore":123,"minecraft:soul_lantern":1,"minecraft:clay":4,"quark:cobblestone_bricks":2,"minecraft:calcite":396,"minecraft:poppy":3,"minecraft:mushroom_stem":5,"minecraft:cobblestone":128,"minecraft:oak_planks":18,"placeablesmod:bread_full_block":1,"minecraft:wall_torch":44,"minecraft:cauldron":12,"minecraft:pink_petals":592,"minecraft:lava_cauldron":4,"quark:glow_shroom":2,"minecraft:oak_log":31,"minecraft:sand":102,"minecraft:dirt":1669,"minecraft:netherrack":42,"minecraft:oak_leaves":72,"luminousworld:groundpebbles_1":3,"minecraft:crying_obsidian":7,"minecraft:tuff":745,"minecraft:dark_oak_leaves":9,"minecraft:deepslate_diamond_ore":15,"enchantinginfuser:enchanting_infuser":2,"born_in_chaos_v1:infected_diamond_ore":1,"cataclysm:chiseled_stone_brick_pillar":5,"minecraft:brown_mushroom_block":15,"minecraft:mangrove_trapdoor":20,"iceandfire:chared_dirt":1,"minecraft:spruce_leaves":54,"luminousworld:groundpebbles_3":12,"iceandfire:chared_grass":9,"minecraft:hay_block":7,"minecraft:deepslate_brick_slab":2,"minecraft:potted_dark_oak_sapling":1,"minecraft:furnace":9,"quark:orange_corundum":1,"minecraft:polished_deepslate":16,"minecraft:bookshelf":14,"minecraft:deepslate_iron_ore":44,"minecraft:stone":2790,"sophisticatedbackpacks:backpack":1,"minecraft:flowering_azalea":3,"minecraft:oak_fence":29,"minecraft:crafting_table":20,"minecraft:lapis_ore":8,"supplementaries:urn":12,"minecraft:gray_wool":10,"iceandfire:ash":11,"twilightforest:bold_stone_pillar":11,"minecraft:coal_ore":488,"minecraft:cherry_leaves":426,"quark:spruce_chest":5,"minecraft:cyan_carpet":2,"minecraft:cracked_stone_bricks":1,"minecraft:small_dripleaf":2}},"DataVersion":3465}