{"stats":{"minecraft:killed_by":{"undead_revamp2:thehunter":1},"minecraft:used":{"minecraft:stone_sword":65,"minecraft:stone_pickaxe":108,"minecraft:stone_shovel":2,"minecraft:iron_pickaxe":1,"minecraft:wooden_pickaxe":16,"minecraft:stone_axe":29,"minecraft:cobblestone":21,"minecraft:mushroom_stew":4,"minecraft:crafting_table":5,"minecraft:furnace":1},"minecraft:crafted":{"minecraft:stone_shovel":1,"minecraft:shield":1,"minecraft:crafting_table":1,"minecraft:spruce_planks":72,"minecraft:stick":8,"minecraft:wooden_pickaxe":1,"minecraft:iron_ingot":5,"minecraft:iron_pickaxe":1,"minecraft:stone_pickaxe":1,"minecraft:stone_sword":1,"minecraft:bowl":12,"minecraft:furnace":2,"minecraft:mushroom_stew":7,"minecraft:stone_axe":1,"minecraft:air":0},"minecraft:picked_up":{"minecraft:book":15,"minecraft:raw_iron":5,"minecraft:stick":3,"minecraft:crafting_table":5,"minecraft:brown_mushroom":7,"minecraft:red_mushroom":21,"minecraft:brewing_stand":1,"minecraft:spruce_sapling":1,"tombstone:grave_dust":6,"minecraft:spruce_log":36,"minecraft:dirt":7,"minecraft:waxed_cut_copper_slab":1,"minecraft:bone":4,"minecraft:arrow":4,"minecraft:bow":1,"minecraft:hay_block":7,"minecraft:melon_slice":5,"minecraft:coal":35,"minecraft:cobblestone":96,"minecraft:furnace":1},"minecraft:custom":{"minecraft:time_since_rest":11266,"minecraft:interact_with_furnace":8,"minecraft:sprint_one_cm":36234,"minecraft:damage_taken":740,"minecraft:walk_one_cm":104078,"minecraft:mob_kills":5,"minecraft:damage_dealt":1603,"minecraft:interact_with_cartography_table":1,"minecraft:interact_with_crafting_table":8,"minecraft:fly_one_cm":23866,"minecraft:open_barrel":14,"minecraft:open_chest":1,"minecraft:crouch_one_cm":9626,"minecraft:play_time":26840,"tombstone:undead_killed":5,"minecraft:deaths":1,"minecraft:sneak_time":2776,"minecraft:jump":284,"minecraft:damage_dealt_resisted":51,"minecraft:eat_cake_slice":15,"minecraft:leave_game":1,"minecraft:time_since_death":13258,"minecraft:total_world_time":26840,"minecraft:fall_one_cm":4331},"minecraft:killed":{"minecraft:skeleton":3,"minecraft:husk":2},"minecraft:mined":{"minecraft:waxed_cut_copper_slab":1,"minecraft:furnace":1,"minecraft:iron_ore":5,"minecraft:spruce_log":36,"minecraft:pumpkin":1,"minecraft:brewing_stand":1,"minecraft:crafting_table":5,"minecraft:melon":1,"minecraft:bookshelf":5,"minecraft:coal_ore":18,"minecraft:dirt":7,"minecraft:mushroom_stem":5,"minecraft:brown_mushroom_block":15,"minecraft:cobblestone":6,"minecraft:spruce_leaves":21,"minecraft:red_mushroom_block":45,"minecraft:stone":90,"minecraft:hay_block":7,"minecraft:spawner":3}},"DataVersion":3465}