{"stats":{"minecraft:broken":{"minecraft:stone_sword":1},"minecraft:killed_by":{"undead_revamp2:thehunter":1},"minecraft:used":{"minecraft:stone_sword":122,"minecraft:stone_shovel":2,"minecraft:stone_pickaxe":108,"quark:shale":12,"minecraft:wooden_pickaxe":16,"minecraft:shield":7,"minecraft:iron_sword":175,"minecraft:torch":28,"minecraft:crafting_table":8,"minecraft:mushroom_stew":7,"minecraft:carrot":22,"minecraft:cake":4,"minecraft:apple":3,"quark:spruce_chest":4,"minecraft:iron_pickaxe":143,"minecraft:stone_axe":44,"minecraft:cobblestone":46,"minecraft:furnace":3,"tombstone:gift":2,"minecraft:iron_leggings":1},"minecraft:crafted":{"minecraft:stone_shovel":1,"minecraft:crafting_table":2,"minecraft:spruce_planks":72,"minecraft:wooden_pickaxe":1,"minecraft:iron_sword":1,"minecraft:bowl":12,"minecraft:furnace":2,"minecraft:mushroom_stew":7,"minecraft:stone_axe":1,"minecraft:bread":21,"minecraft:air":0,"minecraft:iron_chestplate":1,"minecraft:shield":1,"minecraft:stick":36,"minecraft:iron_leggings":1,"minecraft:iron_ingot":11,"minecraft:iron_pickaxe":1,"minecraft:stone_pickaxe":1,"minecraft:stone_sword":1,"quark:spruce_chest":2,"minecraft:torch":60,"minecraft:wheat":63},"minecraft:picked_up":{"minecraft:crafting_table":6,"quark:orange_corundum":1,"minecraft:brown_mushroom":7,"minecraft:red_mushroom":21,"minecraft:potato":1,"minecraft:chain":1,"minecraft:brewing_stand":1,"minecraft:moss_carpet":4,"minecraft:dirt":11,"tombstone:gift":1,"minecraft:waxed_cut_copper_slab":1,"minecraft:wooden_sword":1,"minecraft:bone":21,"minecraft:cyan_carpet":2,"minecraft:beetroot":27,"minecraft:apple":1,"minecraft:bow":1,"minecraft:wheat_seeds":2,"quark:spruce_chest":2,"minecraft:calcite":35,"minecraft:melon_slice":5,"minecraft:furnace":1,"minecraft:book":42,"minecraft:dark_oak_sapling":2,"minecraft:stick":3,"minecraft:raw_iron":17,"quark:green_corundum_cluster":9,"quark:shale":60,"minecraft:torch":2,"minecraft:bowl":5,"minecraft:spruce_sapling":3,"tombstone:grave_dust":9,"born_in_chaos_v1:pieceofdarkmetal":4,"minecraft:spruce_log":38,"quark:green_corundum":4,"minecraft:dark_oak_planks":4,"minecraft:bundle":2,"minecraft:arrow":14,"minecraft:rotten_flesh":13,"minecraft:pumpkin_pie":5,"minecraft:iron_helmet":1,"minecraft:hay_block":7,"minecraft:bread":12,"iceandfire:raw_silver":5,"minecraft:coal":50,"minecraft:cobblestone":103},"minecraft:dropped":{"minecraft:bread":21,"minecraft:moss_carpet":4,"minecraft:wheat_seeds":2,"alexsmobs:animal_dictionary":1,"minecraft:bowl":6,"minecraft:dark_oak_sapling":2,"minecraft:rotten_flesh":4,"minecraft:carrot":8,"minecraft:mushroom_stew":1,"minecraft:pumpkin_pie":5,"minecraft:chain":1,"minecraft:wooden_sword":2,"minecraft:calcite":2,"minecraft:cyan_carpet":1,"minecraft:spruce_sapling":3,"minecraft:bone":1},"minecraft:custom":{"minecraft:interact_with_furnace":16,"minecraft:mob_kills":44,"minecraft:interact_with_crafting_table":12,"minecraft:interact_with_cartography_table":1,"minecraft:open_barrel":30,"minecraft:damage_dealt_resisted":81,"minecraft:eat_cake_slice":15,"minecraft:leave_game":1,"minecraft:time_since_death":61258,"minecraft:climb_one_cm":744,"minecraft:time_since_rest":59266,"minecraft:sprint_one_cm":73684,"minecraft:damage_taken":1336,"minecraft:walk_one_cm":295445,"minecraft:damage_blocked_by_shield":210,"minecraft:drop":24,"minecraft:damage_dealt":10291,"minecraft:player_kills":2,"minecraft:fly_one_cm":59447,"minecraft:open_chest":10,"minecraft:crouch_one_cm":19583,"minecraft:play_time":74840,"tombstone:undead_killed":38,"minecraft:deaths":1,"minecraft:sneak_time":7320,"minecraft:walk_under_water_one_cm":802,"tombstone:tomb_raiding":1,"minecraft:jump":872,"minecraft:interact_with_blast_furnace":3,"minecraft:walk_on_water_one_cm":5750,"minecraft:total_world_time":74840,"minecraft:fall_one_cm":16652},"minecraft:killed":{"luminousworld:miner_zombie":1,"born_in_chaos_v1:fallen_chaos_knight":1,"minecraft:husk":11,"undead_revamp2:thehunter":1,"born_in_chaos_v1:restless_spirit":1,"undead_revamp2:the_moonflower":2,"born_in_chaos_v1:decrepit_skeleton":2,"mowziesmobs:lantern":1,"minecraft:skeleton":16,"minecraft:zombie":2,"luminousworld:dark_oak_skeleton":1,"enemyexpansion:botfly":1,"luminousworld:dark_oak_zombie":1,"enemyexpansion:goblin":1},"minecraft:mined":{"minecraft:waxed_cut_copper_slab":1,"iceandfire:silver_ore":5,"minecraft:dark_oak_leaves":9,"quark:shale":59,"minecraft:brewing_stand":1,"minecraft:crafting_table":6,"minecraft:calcite":35,"minecraft:melon":1,"quark:green_corundum_cluster":1,"minecraft:mushroom_stem":5,"minecraft:brown_mushroom_block":15,"minecraft:tall_grass":1,"minecraft:mangrove_trapdoor":1,"minecraft:cobblestone":10,"minecraft:spruce_leaves":54,"minecraft:spawner":5,"minecraft:hay_block":7,"minecraft:furnace":1,"quark:orange_corundum":1,"minecraft:iron_ore":17,"minecraft:spruce_log":38,"quark:green_corundum":4,"minecraft:pumpkin":1,"minecraft:grass":5,"minecraft:bookshelf":14,"minecraft:coal_ore":33,"quark:spruce_chest":2,"minecraft:cyan_carpet":2,"minecraft:dirt":10,"minecraft:red_mushroom_block":45,"minecraft:stone":92,"minecraft:small_dripleaf":1,"minecraft:oak_leaves":1}},"DataVersion":3465}