{"stats":{"minecraft:killed":{"undead_revamp2:thewolf":1,"luminousworld:miner_zombie":5,"minecraft:cave_spider":3,"born_in_chaos_v1:restless_spirit":3,"born_in_chaos_v1:zombie_lumberjack":2,"minecraft:spider":5,"enemyexpansion:equestrian":8,"undead_revamp2:thesmoker":1,"born_in_chaos_v1:siamese_skeletonsright":1,"born_in_chaos_v1:baby_skeleton_minion":3,"undead_revamp2:theswarmer":2,"naturalist:snail":1,"minecraft:skeleton":31,"quark:shiba":1,"minecraft:bee":1,"luminousworld:dark_oak_skeleton":2,"born_in_chaos_v1:skeleton_thrasher":1,"minecraft:silverfish":1,"undead_revamp2:therod":1,"undead_revamp2:thepregnant":1,"undead_revamp2:thespitter":2,"enemyexpansion:vampflyer":1,"born_in_chaos_v1:bonescaller":1,"born_in_chaos_v1:diamond_termite":11,"naturalist:snake":1,"undead_revamp2:thebeartamer":1,"minecraft:creeper":7,"mowziesmobs:lantern":1,"undead_revamp2:thebidyupside":1,"enemyexpansion:meature":2,"minecraft:zombie":26,"born_in_chaos_v1:dread_hound":2,"enemyexpansion:vampire":1,"illagerinvasion:sorcerer":1,"born_in_chaos_v1:corpse_fly":16,"enemyexpansion:botfly":7,"alexsmobs:fly":2,"luminousworld:dark_oak_zombie":1,"minecraft:cow":1,"born_in_chaos_v1:siamese_skeletonsleft":1,"minecraft:blaze":2,"undead_revamp2:thehunter":7,"minecraft:vindicator":1,"illagerinvasion:marauder":3,"minecraft:slime":1,"enemyexpansion:direwolf":6,"enemyexpansion:goblin_fear":1,"born_in_chaos_v1:zombie_bruiser":3,"born_in_chaos_v1:maggot":16,"minecraft:phantom":4,"undead_revamp2:coppertar":1,"luminousworld:monarch":1,"undead_revamp2:sucker":12,"enemyexpansion:goblin":1,"born_in_chaos_v1:barrel_zombie":1,"born_in_chaos_v1:fallen_chaos_knight":1,"minecraft:husk":11,"born_in_chaos_v1:baby_skeleton":1,"born_in_chaos_v1:swarmer":1,"undead_revamp2:the_moonflower":16,"enemyexpansion:sprinter":1,"earthmobsmod:cream_cow":39,"born_in_chaos_v1:decrepit_skeleton":5,"iceandfire:ghost":3,"enemyexpansion:huntsman":1,"born_in_chaos_v1:dark_vortex":1,"minecraft:wither_skeleton":12},"minecraft:custom":{"minecraft:animals_bred":162,"minecraft:interact_with_crafting_table":144,"minecraft:open_barrel":41,"minecraft:eat_cake_slice":15,"minecraft:leave_game":12,"minecraft:time_since_death":584,"minecraft:sprint_one_cm":2547107,"minecraft:damage_blocked_by_shield":1305,"minecraft:drop":133,"minecraft:play_time":958500,"minecraft:deaths":10,"tombstone:tomb_raiding":1,"minecraft:interact_with_brewingstand":3,"minecraft:jump":17166,"minecraft:walk_on_water_one_cm":56734,"minecraft:interact_with_furnace":251,"minecraft:interact_with_cartography_table":1,"minecraft:interact_with_loom":1,"minecraft:sleep_in_bed":15,"tombstone:sneak_grave":1,"minecraft:damage_dealt":60181,"minecraft:player_kills":2,"minecraft:crouch_one_cm":420425,"tombstone:undead_killed":174,"minecraft:interact_with_smoker":88,"minecraft:use_cauldron":25,"minecraft:mob_kills":319,"minecraft:fill_cauldron":5,"minecraft:damage_dealt_resisted":999,"minecraft:climb_one_cm":32487,"minecraft:walk_one_cm":3589846,"minecraft:sneak_time":84782,"minecraft:walk_under_water_one_cm":19207,"minecraft:interact_with_blast_furnace":33,"minecraft:total_world_time":958500,"tombstone:raider_killed":9,"minecraft:interact_with_stonecutter":83,"minecraft:time_since_rest":546,"minecraft:damage_taken":12607,"minecraft:trigger_trapped_chest":2,"minecraft:swim_one_cm":71409,"minecraft:fly_one_cm":3176731,"minecraft:open_chest":393,"minecraft:fall_one_cm":305501},"minecraft:dropped":{"iceandfire:raw_silver":4,"minecraft:iron_sword":2,"minecraft:moss_block":16,"minecraft:cooked_beef":25,"minecraft:baked_potato":21,"minecraft:glow_ink_sac":8,"minecraft:dark_oak_sapling":2,"minecraft:glow_berries":4,"illagerinvasion:unusual_dust":1,"minecraft:dirt":8,"minecraft:chain":1,"minecraft:wooden_sword":2,"minecraft:gold_nugget":2,"minecraft:pumpkin_pie":5,"minecraft:sunflower":2,"minecraft:cyan_carpet":1,"minecraft:bone":3,"minecraft:gravel":46,"alexsmobs:animal_dictionary":1,"minecraft:cobbled_deepslate":1,"minecraft:cherry_sapling":3,"minecraft:rotten_flesh":32,"born_in_chaos_v1:smoked_flesh":10,"minecraft:carrot":8,"supplementaries:ash":3,"minecraft:gunpowder":1,"born_in_chaos_v1:corpse_maggot":2,"minecraft:azalea":2,"minecraft:ladder":1,"minecraft:red_nether_bricks":1,"minecraft:beef":1,"born_in_chaos_v1:dark_rod":1,"minecraft:water_bucket":3,"minecraft:enchanted_book":2,"minecraft:iron_ingot":3,"minecraft:bread":27,"minecraft:wheat_seeds":770,"minecraft:cherry_log":3,"minecraft:iron_helmet":1,"minecraft:mushroom_stew":1,"minecraft:stick":2,"minecraft:diorite":4,"quark:cobblestone_bricks":3,"minecraft:flowering_azalea":3,"minecraft:string":10,"minecraft:pink_petals":114,"minecraft:bucket":2,"minecraft:spruce_sapling":3,"minecraft:moss_carpet":8,"minecraft:nether_wart":48,"minecraft:bowl":6,"minecraft:tuff":9,"minecraft:spruce_planks":1,"minecraft:andesite":1,"minecraft:calcite":2},"minecraft:used":{"minecraft:cherry_sapling":19,"minecraft:writable_book":1,"minecraft:iron_shovel":1787,"minecraft:ladder":20,"quark:shale":32,"minecraft:shield":97,"minecraft:iron_sword":1456,"minecraft:rotten_flesh":6,"minecraft:iron_chestplate":1,"quark:cherry_chest":7,"twilightforest:bold_stone_pillar":104,"minecraft:deepslate_tile_slab":469,"minecraft:carrot":22,"cataclysm:stone_tiles":570,"minecraft:tuff":100,"minecraft:obsidian":10,"born_in_chaos_v1:smoked_flesh":72,"minecraft:lava_bucket":18,"minecraft:iron_helmet":1,"minecraft:stone_bricks":207,"supplementaries:ash":1,"minecraft:oak_sapling":12,"minecraft:furnace":11,"minecraft:potato":50,"minecraft:stone_pickaxe":108,"minecraft:wooden_pickaxe":16,"quark:deepslate_tile_vertical_slab":18,"luminousworld:groundpebbles_1":21,"cataclysm:chiseled_stone_brick_pillar":36,"minecraft:white_wool":4,"minecraft:mushroom_stew":7,"minecraft:blast_furnace":2,"iceandfire:silver_axe":488,"minecraft:dripstone_block":19,"minecraft:shears":238,"minecraft:lightning_rod":1,"minecraft:deepslate_tiles":1325,"iceandfire:silver_pickaxe":2235,"sophisticatedbackpacks:backpack":1,"born_in_chaos_v1:monster_flesh":1,"minecraft:bread":75,"tombstone:grave_key":2,"minecraft:gravel":2,"born_in_chaos_v1:smoked_monster_flesh":2,"minecraft:dark_oak_fence":39,"minecraft:oak_fence":70,"minecraft:bone_meal":75,"minecraft:cobweb":4,"minecraft:stone_sword":122,"minecraft:flint_and_steel":1,"minecraft:stone_shovel":138,"born_in_chaos_v1:fried_maggot":2,"minecraft:torch":1085,"endrem:lost_eye":1,"minecraft:brewing_stand":2,"minecraft:dirt":3069,"minecraft:white_carpet":8,"quark:tuff_pillar":108,"minecraft:spruce_fence":61,"minecraft:iron_hoe":107,"quark:spruce_chest":8,"minecraft:iron_axe":229,"minecraft:spruce_button":1,"minecraft:deepslate_tile_stairs":65,"tombstone:gift":7,"minecraft:cooked_beef":44,"minecraft:cherry_fence":68,"minecraft:cobbled_deepslate":341,"minecraft:cherry_log":20,"quark:chiseled_shale_bricks":14,"minecraft:pointed_dripstone":16,"minecraft:iron_leggings":2,"minecraft:wheat_seeds":80,"minecraft:water_bucket":25,"quark:cobblestone_bricks":115,"minecraft:baked_potato":64,"minecraft:cherry_planks":8,"minecraft:cauldron":17,"minecraft:stonecutter":1,"minecraft:cobblestone_slab":98,"minecraft:mangrove_trapdoor":15,"minecraft:crafting_table":24,"minecraft:white_bed":2,"minecraft:cake":4,"minecraft:smoker":1,"minecraft:deepslate_tile_wall":277,"tombstone:bag_of_seeds":1,"minecraft:diamond_pickaxe":90,"minecraft:cornflower":2,"minecraft:apple":10,"minecraft:iron_pickaxe":3938,"minecraft:stone_axe":106,"minecraft:pink_petals":830,"enchantinginfuser:enchanting_infuser":1,"minecraft:cobblestone":414,"minecraft:bucket":57,"enemyexpansion:horsehead_helmet":2,"iceandfire:silver_shovel":1342,"minecraft:dandelion":1},"minecraft:killed_by":{"born_in_chaos_v1:nightmare_stalker":1,"naturalist:snake":1,"iceandfire:fire_dragon":2,"enemyexpansion:trollenraged":1,"undead_revamp2:thehunter":1,"born_in_chaos_v1:maggot":1,"undead_revamp2:thebeartamer":1},"minecraft:picked_up":{"minecraft:seagrass":2,"minecraft:flower_pot":1,"minecraft:iron_chestplate":1,"minecraft:wheat":588,"minecraft:chainmail_boots":2,"quark:orange_corundum":1,"minecraft:prismarine_shard":2,"minecraft:lead":1,"minecraft:potion":1,"minecraft:wither_rose":1,"minecraft:enchanted_book":5,"minecraft:brewing_stand":3,"minecraft:amethyst_block":14,"minecraft:string":110,"minecraft:waxed_cut_copper_slab":1,"minecraft:raw_copper":59,"minecraft:beetroot":27,"minecraft:deepslate_tiles":107,"minecraft:gold_nugget":20,"minecraft:cobbled_deepslate":2348,"minecraft:bucket":3,"minecraft:spruce_planks":1,"minecraft:cobblestone_slab":21,"minecraft:calcite":42,"minecraft:azalea":2,"minecraft:iron_pickaxe":1,"minecraft:deepslate_tile_wall":23,"minecraft:melon_slice":5,"minecraft:mangrove_log":2,"minecraft:iron_boots":1,"minecraft:furnace":3,"minecraft:golden_helmet":2,"minecraft:stick":47,"born_in_chaos_v1:shattered_skull":1,"minecraft:big_dripleaf":1,"cataclysm:chiseled_stone_brick_pillar":4,"minecraft:oak_fence":29,"quark:cherry_chest":3,"minecraft:torch":374,"minecraft:cherry_log":263,"minecraft:pointed_dripstone":11,"tombstone:grave_dust":38,"minecraft:diorite":21,"minecraft:deepslate_tile_stairs":27,"minecraft:cauldron":17,"minecraft:stone_sword":1,"minecraft:rotten_flesh":146,"minecraft:tropical_fish":1,"supplementaries:antique_ink":2,"supplementaries:ash":34,"minecraft:obsidian":32,"undead_revamp2:arapholia":3,"minecraft:cobblestone":2091,"minecraft:pink_petals":2013,"minecraft:leather_chestplate":2,"minecraft:magma_cream":1,"minecraft:cherry_planks":8,"minecraft:cherry_leaves":234,"minecraft:water_bucket":2,"minecraft:andesite":27,"minecraft:brown_wool":4,"minecraft:golden_leggings":1,"minecraft:potato":128,"minecraft:cherry_fence":2,"minecraft:flint":28,"minecraft:tuff":236,"undead_revamp2:huntereye":1,"minecraft:wither_skeleton_skull":1,"minecraft:lapis_lazuli":293,"minecraft:dirt":3196,"born_in_chaos_v1:monster_skin":2,"minecraft:leather_boots":2,"minecraft:bone":71,"minecraft:bow":1,"minecraft:wheat_seeds":1821,"minecraft:raw_gold":40,"minecraft:glowstone_dust":46,"minecraft:powered_rail":1,"minecraft:moss_block":16,"minecraft:pitcher_pod":3,"minecraft:oak_planks":29,"quark:shale":65,"minecraft:poisonous_potato":3,"undead_revamp2:acidsack":1,"minecraft:barrel":14,"cataclysm:stone_tiles":62,"minecraft:bundle":5,"minecraft:diamond":9,"minecraft:soul_lantern":1,"minecraft:writable_book":4,"enchantinginfuser:enchanting_infuser":1,"minecraft:granite":35,"minecraft:dark_oak_fence":158,"minecraft:emerald":4,"minecraft:bread":13,"alexsmobs:maggot":1,"minecraft:oak_sapling":12,"minecraft:netherrack":42,"iceandfire:raw_silver":60,"minecraft:cocoa_beans":2,"minecraft:crafting_table":19,"luminousworld:groundpebbles_1":39,"born_in_chaos_v1:diamond_termite_shard":12,"twilightforest:bold_stone_pillar":5,"minecraft:azure_bluet":1,"minecraft:ladder":1,"iceandfire:witherbone":5,"minecraft:nether_wart":86,"minecraft:clay_ball":39,"born_in_chaos_v1:seedof_chaos":1,"minecraft:leather_leggings":2,"minecraft:brown_mushroom":7,"quark:nether_brick_chest":6,"minecraft:chain":1,"minecraft:cornflower":4,"minecraft:moss_carpet":8,"illagerinvasion:unusual_dust":2,"minecraft:wooden_sword":1,"minecraft:item_frame":7,"minecraft:white_carpet":7,"minecraft:cyan_carpet":2,"quark:chiseled_shale_bricks":8,"quark:spruce_chest":3,"minecraft:beef":73,"minecraft:iron_nugget":2,"minecraft:poppy":4,"minecraft:phantom_membrane":4,"minecraft:dark_oak_sapling":3,"minecraft:raw_iron":209,"quark:green_corundum_cluster":9,"minecraft:copper_ingot":2,"iceandfire:chared_grass":9,"minecraft:bowl":5,"minecraft:spruce_fence":42,"sophisticatedbackpacks:backpack":1,"minecraft:fire_charge":1,"born_in_chaos_v1:pieceofdarkmetal":5,"minecraft:redstone":495,"minecraft:mangrove_trapdoor":15,"minecraft:dark_oak_planks":9,"minecraft:arrow":36,"minecraft:pumpkin_pie":5,"minecraft:hay_block":7,"minecraft:gold_ingot":9,"minecraft:saddle":2,"tombstone:essence_of_undeath":1,"minecraft:glow_berries":4,"minecraft:white_wool":14,"minecraft:oxeye_daisy":2,"born_in_chaos_v1:fused_bone":2,"born_in_chaos_v1:corpse_maggot":22,"enemyexpansion:horsehead_helmet":1,"born_in_chaos_v1:monster_flesh":3,"minecraft:glow_ink_sac":8,"luminousworld:ishstone":22,"minecraft:leather":43,"minecraft:red_mushroom":21,"quark:smithing_template_rune":1,"minecraft:oak_log":34,"iceandfire:ectoplasm":1,"minecraft:gunpowder":17,"minecraft:deepslate_tile_slab":52,"minecraft:paper":2,"minecraft:white_banner":1,"tombstone:gift":2,"minecraft:apple":1,"minecraft:stone_bricks":5,"minecraft:iron_ingot":16,"quark:glow_shroom":2,"quark:deepslate_tile_vertical_slab":6,"tombstone:bag_of_seeds":1,"minecraft:iron_sword":4,"minecraft:flowering_azalea":3,"minecraft:soul_sand":14,"quark:tuff_pillar":6,"minecraft:book":48,"enemyexpansion:phantom_eye":2,"minecraft:smooth_basalt":5,"born_in_chaos_v1:ethereal_spirit":5,"iceandfire:ash":11,"minecraft:quartz":13,"minecraft:dandelion":15,"minecraft:dripstone_block":25,"minecraft:gravel":202,"born_in_chaos_v1:dark_rod":2,"minecraft:amethyst_shard":112,"minecraft:spruce_sapling":3,"minecraft:spruce_log":38,"minecraft:crying_obsidian":7,"minecraft:spider_eye":1,"quark:green_corundum":4,"minecraft:leather_helmet":1,"quark:cobblestone_bricks":5,"minecraft:slime_ball":4,"undead_revamp2:beespheromones":1,"minecraft:chainmail_leggings":2,"minecraft:iron_helmet":2,"minecraft:cherry_sapling":60,"minecraft:gray_wool":10,"alexscaves:cave_map":1,"tombstone:magic_scroll":3,"minecraft:coal":347,"minecraft:sunflower":36},"minecraft:mined":{"minecraft:dark_oak_planks":5,"minecraft:waxed_cut_copper_slab":1,"minecraft:large_amethyst_bud":1,"minecraft:farmland":34,"quark:cherry_chest":3,"minecraft:cherry_log":260,"minecraft:brewing_stand":3,"cataclysm:stone_tiles":60,"minecraft:obsidian":10,"minecraft:granite":43,"minecraft:budding_amethyst":1,"minecraft:grass_block":2342,"minecraft:deepslate_tile_wall":24,"minecraft:brown_wool":4,"quark:green_corundum_cluster":1,"minecraft:deepslate_tile_stairs":28,"minecraft:oxeye_daisy":3,"minecraft:nether_wart":12,"minecraft:spawner":7,"luminousworld:decorative_red_1":1,"minecraft:glowstone":10,"supplementaries:ash":1,"minecraft:iron_ore":157,"minecraft:barrel":14,"minecraft:fire":2,"minecraft:cobbled_deepslate":21,"quark:tuff_pillar":6,"minecraft:moss_carpet":3,"minecraft:pumpkin":1,"minecraft:deepslate_lapis_ore":45,"placeablesmod:empty_bucket_block":1,"minecraft:pointed_dripstone":9,"minecraft:water_cauldron":1,"illagerinvasion:magic_fire":5,"minecraft:azalea":4,"minecraft:deepslate_redstone_ore":110,"quark:nether_brick_chest":6,"minecraft:amethyst_cluster":23,"minecraft:deepslate_tile_slab":46,"minecraft:soul_lantern":1,"minecraft:clay":4,"minecraft:torch":88,"born_in_chaos_v1:infected_deepslate_diamond_ore":5,"quark:cobblestone_bricks":2,"minecraft:calcite":42,"minecraft:poppy":3,"minecraft:melon":1,"minecraft:mushroom_stem":5,"minecraft:cobblestone":125,"minecraft:oak_planks":18,"placeablesmod:bread_full_block":1,"minecraft:wall_torch":41,"minecraft:amethyst_block":14,"minecraft:cauldron":12,"minecraft:pink_petals":592,"minecraft:cherry_fence":2,"minecraft:wheat":79,"minecraft:lava_cauldron":4,"quark:glow_shroom":2,"minecraft:wither_rose":1,"minecraft:grass":700,"quark:deepslate_tile_vertical_slab":6,"minecraft:oak_log":31,"minecraft:dirt":815,"luminousworld:grassvariant_3":1,"minecraft:smooth_basalt":5,"minecraft:red_mushroom_block":45,"minecraft:netherrack":42,"minecraft:deepslate":2365,"minecraft:oak_leaves":72,"minecraft:deepslate_tiles":107,"luminousworld:groundpebbles_1":3,"minecraft:crying_obsidian":7,"minecraft:tuff":239,"iceandfire:silver_ore":54,"minecraft:deepslate_diamond_ore":9,"minecraft:dark_oak_leaves":9,"quark:shale":64,"enchantinginfuser:enchanting_infuser":1,"minecraft:cherry_sapling":1,"born_in_chaos_v1:infected_diamond_ore":1,"quark:chiseled_shale_bricks":8,"minecraft:dark_oak_fence":163,"placeablesmod:wheat_block_1":2,"minecraft:spruce_fence":42,"cataclysm:chiseled_stone_brick_pillar":4,"iceandfire:deepslate_silver_ore":2,"minecraft:brown_mushroom_block":15,"minecraft:mangrove_trapdoor":16,"iceandfire:chared_dirt":1,"minecraft:spruce_leaves":54,"minecraft:moss_block":13,"luminousworld:groundpebbles_3":12,"iceandfire:chared_grass":9,"minecraft:hay_block":7,"minecraft:potted_dark_oak_sapling":1,"minecraft:furnace":3,"quark:orange_corundum":1,"minecraft:andesite":25,"minecraft:bookshelf":14,"minecraft:deepslate_iron_ore":42,"minecraft:cobblestone_slab":21,"luminousworld:groundpebbles_2":11,"minecraft:stone":2034,"sophisticatedbackpacks:backpack":1,"minecraft:white_wool":14,"minecraft:flowering_azalea":3,"minecraft:glass_pane":1,"minecraft:cherry_planks":8,"minecraft:soul_sand":14,"minecraft:dandelion":10,"minecraft:oak_fence":29,"minecraft:crafting_table":19,"minecraft:cornflower":5,"minecraft:emerald_ore":2,"minecraft:copper_ore":17,"minecraft:tall_grass":93,"minecraft:lapis_ore":5,"minecraft:deepslate_gold_ore":33,"minecraft:diorite":19,"minecraft:big_dripleaf":1,"supplementaries:urn":11,"minecraft:gray_wool":10,"minecraft:white_carpet":5,"minecraft:spruce_log":38,"minecraft:birch_leaves":1,"quark:green_corundum":4,"iceandfire:ash":11,"twilightforest:bold_stone_pillar":5,"minecraft:coal_ore":323,"luminousworld:ishstone":23,"minecraft:cyan_carpet":2,"minecraft:cherry_leaves":402,"quark:spruce_chest":3,"minecraft:sunflower":29,"minecraft:gravel":225,"minecraft:dripstone_block":25,"minecraft:cobweb":42,"minecraft:cracked_stone_bricks":1,"minecraft:stone_bricks":5,"minecraft:small_dripleaf":2,"minecraft:gold_ore":7,"minecraft:infested_stone":1},"minecraft:broken":{"aether:golden_gloves":1,"minecraft:iron_shovel":7,"minecraft:shears":1,"minecraft:iron_boots":2,"minecraft:iron_chestplate":1,"minecraft:iron_leggings":2,"iceandfire:silver_pickaxe":4,"minecraft:stone_axe":1,"minecraft:iron_sword":6,"iceandfire:silver_shovel":1,"minecraft:stone_shovel":1,"minecraft:stone_sword":1,"minecraft:iron_axe":1,"minecraft:iron_pickaxe":16,"minecraft:iron_helmet":1,"iceandfire:silver_axe":1},"minecraft:crafted":{"minecraft:brick":1,"minecraft:smooth_stone":6,"minecraft:oak_planks":100,"minecraft:cobblestone_slab":16,"cataclysm:chiseled_stone_brick_pillar":1,"iceandfire:silver_shovel":4,"minecraft:lightning_rod":1,"minecraft:stone":1000,"sophisticatedbackpacks:crafting_upgrade":1,"quark:cherry_chest":6,"iceandfire:armor_silver_metal_chestplate":1,"minecraft:iron_boots":2,"sophisticatedbackpacks:copper_backpack":2,"iceandfire:armor_silver_metal_leggings":1,"minecraft:oak_fence":63,"minecraft:cherry_fence":75,"minecraft:smoker":1,"iceandfire:silver_axe":2,"sophisticatedbackpacks:backpack":2,"enchantinginfuser:enchanting_infuser":1,"minecraft:crafting_table":6,"minecraft:spruce_planks":152,"minecraft:iron_helmet":1,"minecraft:wooden_pickaxe":1,"minecraft:baked_potato":85,"minecraft:copper_ingot":52,"sophisticatedbackpacks:upgrade_base":2,"minecraft:iron_chestplate":3,"minecraft:diamond_pickaxe":1,"minecraft:yellow_dye":2,"minecraft:shield":1,"minecraft:stick":368,"born_in_chaos_v1:smoked_flesh":105,"minecraft:iron_ingot":161,"minecraft:iron_pickaxe":14,"minecraft:stone_sword":1,"minecraft:gold_ingot":10,"minecraft:shears":1,"minecraft:cherry_planks":304,"minecraft:stone_shovel":1,"minecraft:furnace":10,"minecraft:blast_furnace":1,"minecraft:mushroom_stew":7,"minecraft:bone_meal":75,"minecraft:spruce_fence":39,"minecraft:white_carpet":3,"born_in_chaos_v1:smoked_monster_flesh":2,"minecraft:flint_and_steel":1,"quark:dark_oak_chest":1,"minecraft:diamond":1,"minecraft:iron_axe":1,"minecraft:ladder":4,"minecraft:iron_hoe":1,"born_in_chaos_v1:fried_maggot":2,"minecraft:stone_pickaxe":1,"iceandfire:armor_silver_metal_boots":1,"quark:spruce_chest":5,"sophisticatedbackpacks:iron_backpack":1,"minecraft:wheat":63,"minecraft:cooked_beef":79,"minecraft:red_dye":1,"iceandfire:silver_ingot":46,"minecraft:enchanting_table":1,"minecraft:iron_sword":6,"minecraft:bowl":12,"sophisticatedbackpacks:gold_backpack":2,"minecraft:mangrove_planks":8,"minecraft:bucket":4,"minecraft:stone_axe":1,"minecraft:air":0,"minecraft:bread":81,"iceandfire:armor_silver_metal_helmet":1,"minecraft:white_wool":13,"minecraft:iron_shovel":7,"minecraft:iron_leggings":2,"minecraft:stonecutter":1,"minecraft:white_bed":2,"iceandfire:silver_pickaxe":4,"minecraft:torch":756}},"DataVersion":3465}