{"stats":{"minecraft:broken":{"minecraft:stone_sword":1},"minecraft:killed_by":{"undead_revamp2:thehunter":1},"minecraft:used":{"minecraft:stone_sword":122,"minecraft:stone_shovel":2,"minecraft:stone_pickaxe":108,"minecraft:wooden_pickaxe":16,"minecraft:shield":4,"minecraft:iron_sword":105,"minecraft:crafting_table":7,"minecraft:mushroom_stew":5,"minecraft:carrot":17,"minecraft:cake":4,"minecraft:apple":3,"quark:spruce_chest":2,"minecraft:iron_pickaxe":13,"minecraft:stone_axe":41,"minecraft:cobblestone":39,"minecraft:furnace":1,"tombstone:gift":2},"minecraft:crafted":{"minecraft:stone_shovel":1,"minecraft:crafting_table":2,"minecraft:spruce_planks":72,"minecraft:wooden_pickaxe":1,"minecraft:iron_sword":1,"minecraft:bowl":12,"minecraft:furnace":2,"minecraft:mushroom_stew":7,"minecraft:stone_axe":1,"minecraft:bread":21,"minecraft:air":0,"minecraft:iron_chestplate":1,"minecraft:shield":1,"minecraft:stick":12,"minecraft:iron_ingot":5,"minecraft:iron_pickaxe":1,"minecraft:stone_pickaxe":1,"minecraft:stone_sword":1,"quark:spruce_chest":2,"minecraft:wheat":63},"minecraft:picked_up":{"minecraft:crafting_table":5,"minecraft:brown_mushroom":7,"minecraft:red_mushroom":21,"minecraft:chain":1,"minecraft:brewing_stand":1,"minecraft:dirt":7,"tombstone:gift":1,"minecraft:waxed_cut_copper_slab":1,"minecraft:bone":20,"minecraft:cyan_carpet":2,"minecraft:apple":1,"minecraft:bow":1,"minecraft:calcite":2,"minecraft:melon_slice":5,"minecraft:furnace":1,"minecraft:book":42,"minecraft:stick":3,"minecraft:raw_iron":5,"minecraft:spruce_sapling":2,"tombstone:grave_dust":9,"born_in_chaos_v1:pieceofdarkmetal":4,"minecraft:spruce_log":38,"minecraft:bundle":2,"minecraft:arrow":12,"minecraft:rotten_flesh":3,"minecraft:hay_block":7,"minecraft:coal":39,"minecraft:cobblestone":100},"minecraft:dropped":{"alexsmobs:animal_dictionary":1,"minecraft:rotten_flesh":3,"minecraft:chain":1,"minecraft:calcite":2,"minecraft:cyan_carpet":1,"minecraft:spruce_sapling":1},"minecraft:custom":{"minecraft:interact_with_furnace":8,"minecraft:mob_kills":31,"minecraft:interact_with_crafting_table":10,"minecraft:interact_with_cartography_table":1,"minecraft:open_barrel":30,"minecraft:damage_dealt_resisted":81,"minecraft:eat_cake_slice":15,"minecraft:leave_game":1,"minecraft:time_since_death":37258,"minecraft:climb_one_cm":744,"minecraft:time_since_rest":35266,"minecraft:sprint_one_cm":60317,"minecraft:damage_taken":1140,"minecraft:walk_one_cm":201649,"minecraft:damage_blocked_by_shield":115,"minecraft:drop":6,"minecraft:damage_dealt":7409,"minecraft:player_kills":1,"minecraft:fly_one_cm":47287,"minecraft:open_chest":7,"minecraft:crouch_one_cm":14425,"minecraft:play_time":50840,"tombstone:undead_killed":27,"minecraft:deaths":1,"minecraft:sneak_time":4395,"minecraft:jump":512,"minecraft:interact_with_blast_furnace":3,"minecraft:walk_on_water_one_cm":1135,"minecraft:total_world_time":50840,"minecraft:fall_one_cm":9626},"minecraft:killed":{"born_in_chaos_v1:fallen_chaos_knight":1,"minecraft:husk":11,"born_in_chaos_v1:restless_spirit":1,"minecraft:skeleton":15,"enemyexpansion:botfly":1},"minecraft:mined":{"minecraft:waxed_cut_copper_slab":1,"minecraft:dark_oak_leaves":9,"minecraft:brewing_stand":1,"minecraft:crafting_table":5,"minecraft:calcite":2,"minecraft:melon":1,"minecraft:mushroom_stem":5,"minecraft:brown_mushroom_block":15,"minecraft:mangrove_trapdoor":1,"minecraft:cobblestone":10,"minecraft:spruce_leaves":52,"minecraft:spawner":5,"minecraft:hay_block":7,"minecraft:furnace":1,"minecraft:iron_ore":5,"minecraft:spruce_log":38,"minecraft:pumpkin":1,"minecraft:bookshelf":14,"minecraft:coal_ore":22,"minecraft:cyan_carpet":2,"minecraft:dirt":7,"minecraft:red_mushroom_block":45,"minecraft:stone":90,"minecraft:oak_leaves":1}},"DataVersion":3465}