{"stats":{"minecraft:broken":{"minecraft:stone_sword":1},"minecraft:killed_by":{"undead_revamp2:thehunter":1},"minecraft:used":{"minecraft:stone_sword":122,"minecraft:stone_shovel":2,"minecraft:stone_pickaxe":108,"minecraft:wooden_pickaxe":16,"minecraft:shield":4,"minecraft:iron_sword":88,"minecraft:crafting_table":6,"minecraft:mushroom_stew":5,"minecraft:carrot":6,"minecraft:apple":3,"minecraft:iron_pickaxe":9,"minecraft:stone_axe":39,"minecraft:cobblestone":28,"minecraft:furnace":1,"tombstone:gift":2},"minecraft:crafted":{"minecraft:stone_shovel":1,"minecraft:crafting_table":1,"minecraft:spruce_planks":72,"minecraft:wooden_pickaxe":1,"minecraft:iron_sword":1,"minecraft:bowl":12,"minecraft:furnace":2,"minecraft:mushroom_stew":7,"minecraft:stone_axe":1,"minecraft:bread":21,"minecraft:air":0,"minecraft:iron_chestplate":1,"minecraft:shield":1,"minecraft:stick":12,"minecraft:iron_ingot":5,"minecraft:iron_pickaxe":1,"minecraft:stone_pickaxe":1,"minecraft:stone_sword":1,"minecraft:wheat":63},"minecraft:picked_up":{"minecraft:crafting_table":5,"minecraft:brown_mushroom":7,"minecraft:red_mushroom":21,"minecraft:brewing_stand":1,"minecraft:dirt":7,"tombstone:gift":1,"minecraft:waxed_cut_copper_slab":1,"minecraft:bone":20,"minecraft:cyan_carpet":2,"minecraft:bow":1,"minecraft:calcite":2,"minecraft:melon_slice":5,"minecraft:furnace":1,"minecraft:book":42,"minecraft:stick":3,"minecraft:raw_iron":5,"minecraft:spruce_sapling":1,"tombstone:grave_dust":8,"minecraft:spruce_log":36,"minecraft:bundle":2,"minecraft:arrow":12,"minecraft:hay_block":7,"minecraft:coal":35,"minecraft:cobblestone":100},"minecraft:dropped":{"minecraft:calcite":2,"minecraft:cyan_carpet":1},"minecraft:custom":{"minecraft:interact_with_furnace":8,"minecraft:mob_kills":29,"minecraft:interact_with_crafting_table":9,"minecraft:interact_with_cartography_table":1,"minecraft:open_barrel":30,"minecraft:damage_dealt_resisted":81,"minecraft:eat_cake_slice":15,"minecraft:leave_game":1,"minecraft:time_since_death":25258,"minecraft:climb_one_cm":744,"minecraft:time_since_rest":23266,"minecraft:sprint_one_cm":43513,"minecraft:damage_taken":1084,"minecraft:walk_one_cm":163989,"minecraft:damage_blocked_by_shield":115,"minecraft:drop":2,"minecraft:damage_dealt":6928,"minecraft:fly_one_cm":24911,"minecraft:open_chest":2,"minecraft:crouch_one_cm":10373,"minecraft:play_time":38840,"tombstone:undead_killed":26,"minecraft:deaths":1,"minecraft:sneak_time":3083,"minecraft:jump":302,"minecraft:interact_with_blast_furnace":3,"minecraft:walk_on_water_one_cm":1135,"minecraft:total_world_time":38840,"minecraft:fall_one_cm":4331},"minecraft:killed":{"minecraft:husk":11,"minecraft:skeleton":15,"enemyexpansion:botfly":1},"minecraft:mined":{"minecraft:waxed_cut_copper_slab":1,"minecraft:brewing_stand":1,"minecraft:crafting_table":5,"minecraft:calcite":2,"minecraft:melon":1,"minecraft:mushroom_stem":5,"minecraft:brown_mushroom_block":15,"minecraft:mangrove_trapdoor":1,"minecraft:cobblestone":10,"minecraft:spruce_leaves":21,"minecraft:spawner":5,"minecraft:hay_block":7,"minecraft:furnace":1,"minecraft:iron_ore":5,"minecraft:spruce_log":36,"minecraft:pumpkin":1,"minecraft:bookshelf":14,"minecraft:coal_ore":18,"minecraft:cyan_carpet":2,"minecraft:dirt":7,"minecraft:red_mushroom_block":45,"minecraft:stone":90}},"DataVersion":3465}