{"stats":{"minecraft:broken":{"minecraft:stone_sword":1,"minecraft:iron_sword":1},"minecraft:killed_by":{"undead_revamp2:thehunter":1},"minecraft:used":{"minecraft:stone_sword":122,"minecraft:stone_shovel":11,"quark:shale":25,"minecraft:shield":8,"minecraft:iron_sword":193,"minecraft:torch":65,"minecraft:carrot":22,"quark:spruce_chest":4,"minecraft:furnace":3,"tombstone:gift":2,"minecraft:iron_leggings":1,"minecraft:stone_pickaxe":108,"minecraft:wooden_pickaxe":16,"minecraft:crafting_table":8,"minecraft:mushroom_stew":7,"minecraft:cake":4,"minecraft:apple":3,"minecraft:bread":3,"minecraft:iron_pickaxe":166,"minecraft:stone_axe":74,"minecraft:cobblestone":51},"minecraft:picked_up":{"minecraft:crafting_table":6,"quark:orange_corundum":1,"minecraft:clay_ball":31,"minecraft:brown_mushroom":7,"minecraft:chain":1,"minecraft:brewing_stand":1,"minecraft:waxed_cut_copper_slab":1,"minecraft:moss_carpet":7,"minecraft:wooden_sword":1,"minecraft:cyan_carpet":2,"minecraft:beetroot":27,"quark:spruce_chest":2,"minecraft:calcite":35,"minecraft:azalea":1,"minecraft:melon_slice":5,"minecraft:furnace":1,"minecraft:dark_oak_sapling":2,"minecraft:raw_iron":30,"minecraft:stick":3,"quark:green_corundum_cluster":9,"minecraft:torch":4,"minecraft:bowl":5,"tombstone:grave_dust":9,"born_in_chaos_v1:pieceofdarkmetal":4,"minecraft:dark_oak_planks":4,"minecraft:arrow":14,"minecraft:rotten_flesh":17,"minecraft:pumpkin_pie":5,"minecraft:hay_block":7,"supplementaries:ash":2,"minecraft:glow_berries":2,"minecraft:cobblestone":107,"minecraft:glow_ink_sac":4,"minecraft:andesite":1,"minecraft:red_mushroom":21,"minecraft:potato":1,"minecraft:dirt":11,"tombstone:gift":1,"minecraft:bone":21,"minecraft:apple":1,"minecraft:bow":1,"minecraft:wheat_seeds":4,"minecraft:raw_gold":2,"minecraft:moss_block":6,"minecraft:oak_planks":13,"minecraft:book":42,"quark:shale":60,"minecraft:spruce_sapling":3,"minecraft:spruce_log":38,"quark:green_corundum":4,"minecraft:bundle":2,"minecraft:iron_helmet":1,"minecraft:bread":12,"tombstone:magic_scroll":1,"minecraft:coal":53,"iceandfire:raw_silver":7},"minecraft:crafted":{"minecraft:brick":1,"minecraft:stone_shovel":1,"minecraft:furnace":2,"minecraft:mushroom_stew":7,"minecraft:iron_boots":1,"minecraft:stone_pickaxe":1,"quark:spruce_chest":2,"minecraft:wheat":63,"minecraft:crafting_table":2,"minecraft:spruce_planks":72,"minecraft:wooden_pickaxe":1,"minecraft:iron_sword":2,"minecraft:bowl":12,"minecraft:stone_axe":1,"minecraft:bread":21,"minecraft:air":0,"minecraft:iron_chestplate":1,"minecraft:shield":1,"minecraft:stick":60,"minecraft:iron_ingot":20,"minecraft:iron_pickaxe":1,"minecraft:stone_sword":1,"minecraft:iron_leggings":1,"minecraft:torch":84},"minecraft:dropped":{"minecraft:bread":21,"minecraft:moss_block":6,"minecraft:wheat_seeds":4,"minecraft:dark_oak_sapling":2,"minecraft:mushroom_stew":1,"minecraft:dirt":4,"minecraft:chain":1,"minecraft:wooden_sword":2,"minecraft:pumpkin_pie":5,"minecraft:cyan_carpet":1,"minecraft:spruce_sapling":3,"minecraft:bone":1,"minecraft:moss_carpet":7,"alexsmobs:animal_dictionary":1,"minecraft:bowl":6,"minecraft:rotten_flesh":4,"minecraft:carrot":8,"minecraft:azalea":1,"minecraft:calcite":2},"minecraft:custom":{"minecraft:mob_kills":53,"minecraft:interact_with_crafting_table":14,"minecraft:open_barrel":30,"minecraft:damage_dealt_resisted":81,"minecraft:eat_cake_slice":15,"minecraft:leave_game":1,"minecraft:time_since_death":73258,"minecraft:climb_one_cm":8418,"minecraft:sprint_one_cm":85622,"minecraft:walk_one_cm":327449,"minecraft:damage_blocked_by_shield":240,"minecraft:drop":29,"minecraft:play_time":86840,"minecraft:deaths":1,"minecraft:sneak_time":8616,"minecraft:walk_under_water_one_cm":4618,"tombstone:tomb_raiding":1,"minecraft:jump":1043,"minecraft:interact_with_blast_furnace":3,"minecraft:walk_on_water_one_cm":12340,"minecraft:total_world_time":86840,"minecraft:interact_with_furnace":23,"minecraft:interact_with_cartography_table":1,"minecraft:time_since_rest":71266,"minecraft:damage_taken":1483,"minecraft:damage_dealt":11569,"minecraft:swim_one_cm":403,"minecraft:fly_one_cm":72886,"minecraft:player_kills":2,"minecraft:open_chest":11,"minecraft:crouch_one_cm":22437,"tombstone:undead_killed":43,"minecraft:fall_one_cm":21403},"minecraft:killed":{"luminousworld:miner_zombie":5,"undead_revamp2:thehunter":1,"born_in_chaos_v1:restless_spirit":1,"born_in_chaos_v1:maggot":4,"minecraft:skeleton":17,"luminousworld:dark_oak_skeleton":1,"enemyexpansion:goblin":1,"born_in_chaos_v1:fallen_chaos_knight":1,"minecraft:husk":11,"undead_revamp2:the_moonflower":2,"born_in_chaos_v1:decrepit_skeleton":2,"mowziesmobs:lantern":1,"minecraft:zombie":2,"enemyexpansion:botfly":1,"luminousworld:dark_oak_zombie":1},"minecraft:mined":{"minecraft:waxed_cut_copper_slab":1,"iceandfire:silver_ore":7,"minecraft:dark_oak_leaves":9,"quark:shale":59,"minecraft:brewing_stand":1,"quark:green_corundum_cluster":1,"minecraft:brown_mushroom_block":15,"minecraft:mangrove_trapdoor":1,"minecraft:spruce_leaves":54,"minecraft:moss_block":5,"minecraft:spawner":5,"minecraft:hay_block":7,"minecraft:furnace":1,"quark:orange_corundum":1,"minecraft:iron_ore":29,"minecraft:andesite":1,"minecraft:pumpkin":1,"minecraft:bookshelf":14,"minecraft:stone":93,"minecraft:flowering_azalea":1,"minecraft:clay":2,"minecraft:crafting_table":6,"minecraft:torch":1,"minecraft:calcite":35,"minecraft:melon":1,"minecraft:mushroom_stem":5,"minecraft:tall_grass":3,"minecraft:cobblestone":11,"minecraft:oak_planks":12,"supplementaries:urn":1,"minecraft:spruce_log":38,"quark:green_corundum":4,"minecraft:grass":10,"minecraft:coal_ore":37,"quark:spruce_chest":2,"minecraft:cyan_carpet":2,"minecraft:dirt":10,"minecraft:red_mushroom_block":45,"minecraft:small_dripleaf":1,"minecraft:gold_ore":2,"minecraft:oak_leaves":1}},"DataVersion":3465}