{"stats":{"minecraft:broken":{"aether:golden_gloves":1,"minecraft:iron_shovel":1,"minecraft:iron_boots":1,"minecraft:iron_chestplate":1,"minecraft:iron_leggings":1,"minecraft:stone_axe":1,"minecraft:iron_sword":3,"minecraft:stone_shovel":1,"minecraft:stone_sword":1,"minecraft:iron_pickaxe":10,"minecraft:iron_helmet":1},"minecraft:killed_by":{"born_in_chaos_v1:nightmare_stalker":1,"naturalist:snake":1,"enemyexpansion:trollenraged":1,"undead_revamp2:thehunter":1,"undead_revamp2:thebeartamer":1},"minecraft:used":{"minecraft:cherry_sapling":7,"minecraft:iron_shovel":380,"quark:shale":32,"minecraft:shield":51,"minecraft:iron_sword":886,"minecraft:rotten_flesh":6,"minecraft:iron_chestplate":1,"minecraft:carrot":22,"born_in_chaos_v1:smoked_flesh":31,"minecraft:oak_sapling":2,"minecraft:furnace":7,"minecraft:stone_pickaxe":108,"minecraft:wooden_pickaxe":16,"minecraft:mushroom_stew":7,"minecraft:lightning_rod":1,"sophisticatedbackpacks:backpack":1,"born_in_chaos_v1:monster_flesh":1,"minecraft:bread":49,"tombstone:grave_key":1,"minecraft:gravel":2,"born_in_chaos_v1:smoked_monster_flesh":1,"minecraft:bone_meal":57,"minecraft:cobweb":4,"minecraft:oak_fence":65,"minecraft:stone_sword":122,"minecraft:stone_shovel":138,"endrem:lost_eye":1,"minecraft:torch":668,"minecraft:brewing_stand":2,"minecraft:dirt":361,"minecraft:spruce_fence":41,"minecraft:iron_hoe":92,"quark:spruce_chest":8,"minecraft:iron_axe":129,"tombstone:gift":6,"minecraft:cooked_beef":10,"minecraft:cobbled_deepslate":331,"minecraft:iron_leggings":2,"minecraft:wheat_seeds":80,"minecraft:water_bucket":10,"minecraft:cherry_planks":8,"minecraft:mangrove_trapdoor":12,"minecraft:crafting_table":19,"minecraft:white_bed":1,"minecraft:cake":4,"minecraft:smoker":1,"minecraft:apple":10,"minecraft:iron_pickaxe":2721,"minecraft:stone_axe":106,"minecraft:cobblestone":238,"minecraft:bucket":11},"minecraft:picked_up":{"minecraft:wheat":180,"quark:orange_corundum":1,"minecraft:potion":1,"minecraft:wither_rose":1,"minecraft:enchanted_book":2,"minecraft:brewing_stand":2,"minecraft:string":51,"minecraft:raw_copper":52,"minecraft:waxed_cut_copper_slab":1,"minecraft:beetroot":27,"minecraft:gold_nugget":10,"minecraft:cobbled_deepslate":1445,"minecraft:calcite":35,"minecraft:azalea":2,"minecraft:melon_slice":5,"minecraft:furnace":3,"minecraft:stick":10,"born_in_chaos_v1:shattered_skull":1,"minecraft:big_dripleaf":1,"minecraft:oak_fence":7,"minecraft:torch":88,"minecraft:cherry_log":50,"minecraft:pointed_dripstone":3,"tombstone:grave_dust":15,"minecraft:diorite":13,"minecraft:rotten_flesh":73,"supplementaries:ash":24,"minecraft:cobblestone":390,"minecraft:pink_petals":260,"minecraft:cherry_planks":8,"minecraft:water_bucket":1,"minecraft:andesite":25,"minecraft:potato":1,"minecraft:flint":17,"minecraft:tuff":101,"minecraft:lapis_lazuli":254,"minecraft:dirt":422,"born_in_chaos_v1:monster_skin":2,"minecraft:bone":36,"minecraft:bow":1,"minecraft:wheat_seeds":371,"minecraft:raw_gold":32,"minecraft:moss_block":16,"minecraft:powered_rail":1,"minecraft:oak_planks":14,"quark:shale":65,"undead_revamp2:acidsack":1,"minecraft:bundle":2,"minecraft:diamond":2,"minecraft:granite":10,"minecraft:emerald":3,"minecraft:bread":13,"alexsmobs:maggot":1,"minecraft:oak_sapling":2,"iceandfire:raw_silver":46,"born_in_chaos_v1:diamond_termite_shard":10,"luminousworld:groundpebbles_1":6,"minecraft:crafting_table":15,"minecraft:clay_ball":39,"born_in_chaos_v1:seedof_chaos":1,"minecraft:brown_mushroom":7,"minecraft:chain":1,"minecraft:moss_carpet":8,"illagerinvasion:unusual_dust":2,"minecraft:wooden_sword":1,"minecraft:cyan_carpet":2,"quark:spruce_chest":3,"minecraft:beef":7,"minecraft:dark_oak_sapling":2,"minecraft:raw_iron":187,"quark:green_corundum_cluster":9,"minecraft:bowl":5,"minecraft:spruce_fence":3,"sophisticatedbackpacks:backpack":1,"born_in_chaos_v1:pieceofdarkmetal":5,"minecraft:redstone":183,"minecraft:mangrove_trapdoor":12,"minecraft:dark_oak_planks":4,"minecraft:arrow":20,"minecraft:pumpkin_pie":5,"minecraft:hay_block":7,"minecraft:glow_berries":4,"born_in_chaos_v1:fused_bone":2,"born_in_chaos_v1:corpse_maggot":17,"born_in_chaos_v1:monster_flesh":2,"minecraft:glow_ink_sac":8,"luminousworld:ishstone":12,"minecraft:leather":5,"minecraft:red_mushroom":21,"minecraft:oak_log":21,"minecraft:gunpowder":3,"tombstone:gift":2,"minecraft:apple":1,"quark:glow_shroom":2,"minecraft:flowering_azalea":3,"minecraft:iron_sword":1,"minecraft:book":42,"born_in_chaos_v1:ethereal_spirit":1,"minecraft:dripstone_block":14,"minecraft:gravel":105,"born_in_chaos_v1:dark_rod":2,"minecraft:spruce_sapling":3,"minecraft:spruce_log":38,"quark:green_corundum":4,"undead_revamp2:beespheromones":1,"minecraft:iron_helmet":1,"minecraft:cherry_sapling":7,"tombstone:magic_scroll":1,"minecraft:coal":253,"minecraft:sunflower":14},"minecraft:crafted":{"minecraft:brick":1,"minecraft:oak_planks":84,"minecraft:lightning_rod":1,"minecraft:iron_boots":2,"sophisticatedbackpacks:copper_backpack":1,"minecraft:oak_fence":63,"minecraft:smoker":1,"sophisticatedbackpacks:backpack":1,"minecraft:crafting_table":5,"minecraft:spruce_planks":152,"minecraft:iron_helmet":1,"minecraft:wooden_pickaxe":1,"minecraft:copper_ingot":52,"minecraft:iron_chestplate":2,"minecraft:shield":1,"minecraft:stick":244,"born_in_chaos_v1:smoked_flesh":41,"minecraft:iron_ingot":112,"minecraft:iron_pickaxe":11,"minecraft:stone_sword":1,"minecraft:gold_ingot":7,"minecraft:cherry_planks":128,"minecraft:stone_shovel":1,"minecraft:furnace":6,"minecraft:mushroom_stew":7,"minecraft:bone_meal":57,"minecraft:spruce_fence":39,"born_in_chaos_v1:smoked_monster_flesh":1,"quark:dark_oak_chest":1,"minecraft:diamond":1,"minecraft:iron_axe":1,"minecraft:iron_hoe":1,"minecraft:stone_pickaxe":1,"quark:spruce_chest":5,"minecraft:wheat":63,"minecraft:cooked_beef":14,"minecraft:iron_sword":4,"minecraft:bowl":12,"minecraft:bucket":2,"minecraft:stone_axe":1,"minecraft:bread":54,"minecraft:air":0,"minecraft:white_wool":8,"minecraft:iron_shovel":2,"minecraft:iron_leggings":2,"minecraft:white_bed":1,"minecraft:torch":580},"minecraft:dropped":{"minecraft:moss_block":16,"minecraft:glow_ink_sac":8,"minecraft:dark_oak_sapling":2,"minecraft:glow_berries":4,"illagerinvasion:unusual_dust":1,"minecraft:dirt":6,"minecraft:chain":1,"minecraft:pumpkin_pie":5,"minecraft:wooden_sword":2,"minecraft:cyan_carpet":1,"minecraft:bone":3,"minecraft:gravel":34,"alexsmobs:animal_dictionary":1,"minecraft:cobbled_deepslate":1,"minecraft:rotten_flesh":29,"born_in_chaos_v1:smoked_flesh":10,"minecraft:carrot":8,"supplementaries:ash":2,"minecraft:gunpowder":1,"minecraft:azalea":2,"born_in_chaos_v1:dark_rod":1,"minecraft:water_bucket":1,"minecraft:enchanted_book":1,"minecraft:bread":27,"minecraft:wheat_seeds":8,"minecraft:mushroom_stew":1,"minecraft:stick":1,"minecraft:diorite":4,"minecraft:flowering_azalea":3,"minecraft:string":10,"minecraft:spruce_sapling":3,"minecraft:moss_carpet":8,"minecraft:bowl":6,"minecraft:andesite":1,"minecraft:calcite":2},"minecraft:custom":{"minecraft:animals_bred":28,"minecraft:interact_with_crafting_table":81,"minecraft:open_barrel":31,"minecraft:eat_cake_slice":15,"minecraft:leave_game":7,"minecraft:time_since_death":92664,"minecraft:sprint_one_cm":760042,"minecraft:damage_blocked_by_shield":755,"minecraft:drop":77,"minecraft:play_time":362550,"minecraft:deaths":5,"tombstone:tomb_raiding":1,"minecraft:jump":6307,"minecraft:interact_with_brewingstand":1,"minecraft:walk_on_water_one_cm":30381,"minecraft:interact_with_furnace":99,"minecraft:interact_with_cartography_table":1,"minecraft:sleep_in_bed":1,"minecraft:damage_dealt":32087,"minecraft:player_kills":2,"minecraft:crouch_one_cm":122049,"tombstone:undead_killed":92,"minecraft:interact_with_smoker":24,"minecraft:mob_kills":166,"minecraft:damage_dealt_resisted":608,"minecraft:climb_one_cm":16179,"minecraft:walk_one_cm":1572122,"minecraft:sneak_time":29490,"minecraft:walk_under_water_one_cm":6365,"minecraft:interact_with_blast_furnace":3,"minecraft:total_world_time":362550,"tombstone:raider_killed":2,"minecraft:time_since_rest":91759,"minecraft:damage_taken":5918,"minecraft:trigger_trapped_chest":2,"minecraft:swim_one_cm":18152,"minecraft:fly_one_cm":1045872,"minecraft:open_chest":130,"minecraft:fall_one_cm":135299},"minecraft:killed":{"undead_revamp2:thewolf":1,"luminousworld:miner_zombie":5,"minecraft:cave_spider":3,"born_in_chaos_v1:restless_spirit":1,"born_in_chaos_v1:zombie_lumberjack":1,"enemyexpansion:equestrian":1,"minecraft:spider":3,"born_in_chaos_v1:siamese_skeletonsright":1,"born_in_chaos_v1:baby_skeleton_minion":3,"undead_revamp2:theswarmer":2,"naturalist:snail":1,"minecraft:skeleton":21,"minecraft:bee":1,"luminousworld:dark_oak_skeleton":2,"minecraft:silverfish":1,"undead_revamp2:thespitter":1,"enemyexpansion:vampflyer":1,"born_in_chaos_v1:bonescaller":1,"born_in_chaos_v1:diamond_termite":9,"naturalist:snake":1,"minecraft:creeper":3,"mowziesmobs:lantern":1,"minecraft:zombie":17,"born_in_chaos_v1:dread_hound":1,"enemyexpansion:vampire":1,"illagerinvasion:sorcerer":1,"born_in_chaos_v1:corpse_fly":15,"enemyexpansion:botfly":2,"alexsmobs:fly":1,"luminousworld:dark_oak_zombie":1,"minecraft:cow":1,"born_in_chaos_v1:siamese_skeletonsleft":1,"undead_revamp2:thehunter":3,"minecraft:vindicator":1,"enemyexpansion:direwolf":4,"enemyexpansion:goblin_fear":1,"born_in_chaos_v1:zombie_bruiser":2,"born_in_chaos_v1:maggot":13,"undead_revamp2:sucker":2,"enemyexpansion:goblin":1,"born_in_chaos_v1:fallen_chaos_knight":1,"minecraft:husk":11,"born_in_chaos_v1:swarmer":1,"undead_revamp2:the_moonflower":6,"enemyexpansion:sprinter":1,"earthmobsmod:cream_cow":4,"born_in_chaos_v1:decrepit_skeleton":3,"iceandfire:ghost":2,"born_in_chaos_v1:dark_vortex":1},"minecraft:mined":{"minecraft:waxed_cut_copper_slab":1,"minecraft:cherry_log":51,"minecraft:brewing_stand":2,"minecraft:granite":17,"minecraft:grass_block":333,"quark:green_corundum_cluster":1,"minecraft:spawner":7,"luminousworld:decorative_red_1":1,"minecraft:iron_ore":140,"minecraft:cobbled_deepslate":11,"minecraft:pumpkin":1,"minecraft:moss_carpet":3,"minecraft:deepslate_lapis_ore":39,"minecraft:pointed_dripstone":4,"illagerinvasion:magic_fire":5,"minecraft:azalea":4,"minecraft:deepslate_redstone_ore":41,"minecraft:clay":4,"born_in_chaos_v1:infected_deepslate_diamond_ore":4,"minecraft:torch":29,"minecraft:calcite":35,"minecraft:melon":1,"minecraft:mushroom_stem":5,"minecraft:cobblestone":50,"minecraft:oak_planks":12,"placeablesmod:bread_full_block":1,"minecraft:wall_torch":20,"minecraft:pink_petals":85,"minecraft:wither_rose":1,"quark:glow_shroom":2,"minecraft:grass":330,"minecraft:oak_log":22,"minecraft:dirt":94,"minecraft:red_mushroom_block":45,"minecraft:oak_leaves":25,"minecraft:deepslate":1469,"minecraft:tuff":104,"iceandfire:silver_ore":44,"minecraft:deepslate_diamond_ore":2,"minecraft:dark_oak_leaves":9,"quark:shale":64,"born_in_chaos_v1:infected_diamond_ore":1,"minecraft:spruce_fence":3,"iceandfire:deepslate_silver_ore":2,"minecraft:brown_mushroom_block":15,"minecraft:mangrove_trapdoor":13,"minecraft:spruce_leaves":54,"minecraft:moss_block":13,"luminousworld:groundpebbles_3":2,"minecraft:hay_block":7,"minecraft:furnace":3,"quark:orange_corundum":1,"minecraft:andesite":25,"minecraft:bookshelf":14,"minecraft:deepslate_iron_ore":37,"minecraft:stone":358,"sophisticatedbackpacks:backpack":1,"minecraft:flowering_azalea":3,"minecraft:glass_pane":1,"minecraft:cherry_planks":8,"minecraft:oak_fence":7,"minecraft:crafting_table":15,"minecraft:emerald_ore":2,"minecraft:tall_grass":58,"minecraft:copper_ore":14,"minecraft:lapis_ore":4,"minecraft:deepslate_gold_ore":25,"minecraft:diorite":11,"minecraft:big_dripleaf":1,"supplementaries:urn":9,"minecraft:spruce_log":38,"minecraft:birch_leaves":1,"quark:green_corundum":4,"minecraft:coal_ore":238,"luminousworld:ishstone":13,"minecraft:sunflower":14,"minecraft:cherry_leaves":4,"minecraft:gravel":130,"quark:spruce_chest":3,"minecraft:cyan_carpet":2,"minecraft:dripstone_block":14,"minecraft:cobweb":39,"minecraft:cracked_stone_bricks":1,"minecraft:small_dripleaf":2,"minecraft:gold_ore":7,"minecraft:infested_stone":1}},"DataVersion":3465}