{"stats":{"minecraft:killed_by":{"undead_revamp2:thehunter":1},"minecraft:used":{"minecraft:stone_sword":15,"minecraft:stone_pickaxe":98,"minecraft:stone_shovel":2,"minecraft:wooden_pickaxe":16,"minecraft:stone_axe":21,"minecraft:cobblestone":14,"minecraft:crafting_table":4,"minecraft:furnace":1},"minecraft:crafted":{"minecraft:stone_shovel":1,"minecraft:shield":1,"minecraft:crafting_table":1,"minecraft:spruce_planks":72,"minecraft:stick":8,"minecraft:iron_pickaxe":1,"minecraft:iron_ingot":5,"minecraft:wooden_pickaxe":1,"minecraft:stone_pickaxe":1,"minecraft:stone_sword":1,"minecraft:furnace":2,"minecraft:stone_axe":1,"minecraft:air":0},"minecraft:picked_up":{"minecraft:crafting_table":3,"minecraft:stick":3,"minecraft:raw_iron":5,"minecraft:brown_mushroom":7,"minecraft:red_mushroom":21,"minecraft:spruce_sapling":1,"minecraft:spruce_log":36,"minecraft:dirt":7,"minecraft:arrow":2,"minecraft:bone":2,"minecraft:bow":1,"minecraft:coal":35,"minecraft:cobblestone":90,"minecraft:furnace":1},"minecraft:custom":{"minecraft:time_since_rest":1,"minecraft:interact_with_furnace":8,"minecraft:sprint_one_cm":16038,"minecraft:damage_taken":270,"minecraft:walk_one_cm":42412,"minecraft:mob_kills":1,"minecraft:damage_dealt":400,"minecraft:interact_with_crafting_table":7,"minecraft:fly_one_cm":14349,"minecraft:crouch_one_cm":8987,"minecraft:deaths":1,"minecraft:play_time":14917,"tombstone:undead_killed":1,"minecraft:sneak_time":2561,"minecraft:jump":225,"minecraft:damage_dealt_resisted":51,"minecraft:leave_game":1,"minecraft:time_since_death":1335,"minecraft:total_world_time":14917,"minecraft:fall_one_cm":2601},"minecraft:killed":{"minecraft:skeleton":1},"minecraft:mined":{"minecraft:furnace":1,"minecraft:iron_ore":5,"minecraft:spruce_log":36,"minecraft:crafting_table":3,"minecraft:coal_ore":18,"minecraft:dirt":7,"minecraft:brown_mushroom_block":15,"minecraft:mushroom_stem":4,"minecraft:red_mushroom_block":45,"minecraft:spruce_leaves":21,"minecraft:stone":90}},"DataVersion":3465}