{"stats":{"minecraft:killed":{"illagerinvasion:archivist":2,"luminousworld:miner_zombie":1,"minecraft:zombified_piglin":1,"born_in_chaos_v1:zombie_lumberjack":1,"undead_revamp2:axestrom":1,"born_in_chaos_v1:scarlet_persecutor":2,"illagerinvasion:basher":1,"undead_revamp2:theswarmer":1,"minecraft:skeleton":1,"luminousworld:dark_oak_skeleton":1,"illagerinvasion:provoker":5,"born_in_chaos_v1:diamond_termite":5,"enemyexpansion:meature":1,"minecraft:zombie":2,"born_in_chaos_v1:corpse_fly":2,"luminousworld:buckeye":1,"minecraft:blaze":2,"minecraft:evoker":1,"undead_revamp2:thehunter":1,"minecraft:vindicator":3,"illagerinvasion:marauder":1,"enemyexpansion:direwolf":1,"born_in_chaos_v1:zombie_bruiser":1,"born_in_chaos_v1:maggot":5,"undead_revamp2:the_moonflower":1,"luminousworld:rusty_page":1,"enemyexpansion:sprinter":1,"earthmobsmod:cream_cow":2,"iceandfire:ghost":2,"minecraft:wither_skeleton":5},"minecraft:custom":{"minecraft:animals_bred":2,"minecraft:interact_with_crafting_table":49,"minecraft:open_barrel":60,"minecraft:eat_cake_slice":31,"minecraft:leave_game":8,"minecraft:time_since_death":18598,"minecraft:sprint_one_cm":1733677,"minecraft:damage_blocked_by_shield":1950,"minecraft:drop":172,"minecraft:play_noteblock":1,"minecraft:play_time":512643,"minecraft:deaths":42,"minecraft:jump":8406,"minecraft:interact_with_brewingstand":4,"minecraft:walk_on_water_one_cm":94863,"minecraft:interact_with_furnace":41,"minecraft:interact_with_cartography_table":4,"minecraft:interact_with_loom":1,"minecraft:sleep_in_bed":22,"minecraft:damage_dealt":14436,"minecraft:crouch_one_cm":49186,"tombstone:undead_killed":20,"minecraft:interact_with_smithing_table":6,"minecraft:mob_kills":62,"minecraft:damage_dealt_resisted":37,"minecraft:climb_one_cm":72642,"minecraft:walk_one_cm":1786553,"minecraft:sneak_time":13019,"minecraft:walk_under_water_one_cm":36882,"minecraft:boat_one_cm":81405,"minecraft:interact_with_blast_furnace":2,"minecraft:total_world_time":512643,"tombstone:raider_killed":13,"minecraft:tune_noteblock":41,"minecraft:time_since_rest":17456,"minecraft:damage_taken":15160,"minecraft:trigger_trapped_chest":2,"minecraft:swim_one_cm":76408,"minecraft:fly_one_cm":1348636,"minecraft:open_chest":104,"minecraft:fall_one_cm":174298},"minecraft:dropped":{"iceandfire:raw_silver":1,"minecraft:candle":2,"minecraft:stripped_mangrove_wood":2,"minecraft:glass_bottle":1,"minecraft:cooked_porkchop":4,"minecraft:leather":3,"minecraft:cracked_stone_bricks":1,"minecraft:rail":25,"minecraft:cobblestone_stairs":1,"minecraft:dirt":3,"minecraft:chain":4,"minecraft:gold_nugget":3,"minecraft:wooden_sword":1,"minecraft:sunflower":1,"luminousworld:decorative_red_2":2,"minecraft:sand":34,"minecraft:dark_oak_planks":2,"minecraft:birch_log":1,"minecraft:gold_ingot":7,"minecraft:dark_oak_door":1,"minecraft:golden_chestplate":1,"minecraft:cobbled_deepslate":18,"minecraft:rotten_flesh":5,"minecraft:oak_planks":3,"minecraft:beehive":1,"quark:shale":2,"minecraft:carrot":4,"minecraft:mangrove_fence":1,"supplementaries:flax_seeds":3,"minecraft:mangrove_log":3,"minecraft:birch_trapdoor":1,"minecraft:beetroot_seeds":6,"born_in_chaos_v1:corpse_maggot":2,"minecraft:yellow_banner":1,"minecraft:arrow":5,"quark:orange_corundum":1,"minecraft:bread":27,"minecraft:iron_ingot":29,"minecraft:wheat_seeds":58,"luminousworld:ishstone":1,"quark:orange_corundum_cluster":1,"minecraft:cobblestone":3,"minecraft:granite":1,"minecraft:spruce_button":2,"minecraft:tropical_fish":2,"minecraft:coal":5,"quark:glow_lichen_growth":2,"minecraft:diorite":24,"minecraft:torch":10,"tombstone:grave_key":14,"minecraft:cherry_planks":40,"minecraft:potion":3,"minecraft:cyan_candle":3,"minecraft:iron_axe":2,"securitycraft:sc_manual":1,"minecraft:string":2,"minecraft:pink_petals":8,"minecraft:bucket":2,"minecraft:dandelion":1,"alexsmobs:maggot":3,"minecraft:player_head":2,"minecraft:dark_oak_sign":3,"minecraft:bowl":3,"minecraft:tuff":2,"minecraft:diamond_sword":3,"minecraft:cake":1,"quark:green_corundum":2,"minecraft:andesite":3,"minecraft:stone_bricks":2,"minecraft:cyan_bed":1},"minecraft:used":{"minecraft:beetroot":1,"quark:ancient_tome":1,"minecraft:moss_carpet":1,"quark:shale":29,"minecraft:shield":56,"minecraft:iron_sword":661,"minecraft:rotten_flesh":4,"minecraft:iron_chestplate":1,"quark:cherry_chest":2,"minecraft:nether_bricks":2,"minecraft:carrot":11,"naturalist:cooked_bass":1,"born_in_chaos_v1:smoked_flesh":1,"minecraft:iron_helmet":2,"minecraft:stone_bricks":2,"minecraft:bow":4,"minecraft:dark_oak_boat":3,"minecraft:furnace":6,"minecraft:mossy_stone_bricks":3,"minecraft:stone_pickaxe":131,"minecraft:oak_planks":25,"minecraft:polished_diorite_slab":1,"minecraft:wooden_pickaxe":9,"naturalist:duck_egg":1,"minecraft:cookie":5,"minecraft:glow_berries":50,"minecraft:mushroom_stew":4,"minecraft:note_block":2,"minecraft:bread":48,"minecraft:cyan_bed":27,"minecraft:diamond_sword":127,"minecraft:wooden_sword":34,"quark:glow_lichen_growth":2,"minecraft:andesite":1,"minecraft:chest_minecart":1,"minecraft:spruce_planks":5,"born_in_chaos_v1:black_argillite":1,"minecraft:torch":40,"minecraft:dirt":60,"minecraft:golden_chestplate":1,"minecraft:dark_oak_planks":4,"minecraft:iron_axe":162,"minecraft:iron_boots":1,"minecraft:glowstone":1,"luminousworld:blue_petunias":1,"quark:blossom_planks":4,"tombstone:gift":8,"minecraft:cooked_beef":8,"minecraft:iron_leggings":1,"minecraft:wheat_seeds":122,"minecraft:water_bucket":24,"minecraft:red_nether_bricks":2,"minecraft:cherry_planks":32,"minecraft:cracked_stone_bricks":2,"minecraft:lime_terracotta":1,"minecraft:rail":14,"minecraft:tnt":1,"minecraft:crafting_table":9,"minecraft:white_bed":1,"minecraft:cake":1,"minecraft:dark_oak_door":7,"minecraft:apple":6,"minecraft:cherry_door":4,"minecraft:iron_pickaxe":321,"minecraft:pink_petals":29,"minecraft:cobblestone":67,"minecraft:potion":2,"minecraft:cooked_porkchop":3,"minecraft:bucket":24,"alexsmobs:animal_dictionary":3,"minecraft:candle":2},"minecraft:killed_by":{"minecraft:zombified_piglin":1,"minecraft:wither_skeleton":3,"illagerinvasion:basher":1,"born_in_chaos_v1:zombie_bruiser":1,"minecraft:vindicator":2,"enemyexpansion:sprinter":1,"born_in_chaos_v1:diamond_termite":1,"minecraft:cave_spider":1,"minecraft:blaze":1,"minecraft:zombie":1,"iceandfire:fire_dragon":1,"enemyexpansion:invisicreeper":3,"minecraft:vex":1,"minecraft:player":5,"minecraft:spider":1,"born_in_chaos_v1:phantom_creeper":1,"born_in_chaos_v1:zombie_lumberjack":1,"minecraft:skeleton":4,"iceandfire:ghost":2,"illagerinvasion:provoker":1},"minecraft:picked_up":{"minecraft:iron_chestplate":1,"minecraft:wheat":113,"minecraft:redstone_block":2,"quark:orange_corundum":1,"minecraft:diamond_sword":3,"minecraft:smithing_table":1,"minecraft:lead":3,"minecraft:enchanted_book":1,"tombstone:grave_key":14,"born_in_chaos_v1:black_argillite":1,"minecraft:string":8,"minecraft:red_nether_bricks":2,"minecraft:iron_leggings":1,"minecraft:cobbled_deepslate":22,"minecraft:gold_nugget":21,"minecraft:bucket":4,"minecraft:spruce_planks":3,"minecraft:redstone_torch":1,"minecraft:mangrove_log":3,"minecraft:furnace":5,"minecraft:dark_oak_door":5,"minecraft:golden_helmet":1,"minecraft:beehive":1,"minecraft:stick":2,"minecraft:birch_trapdoor":1,"quark:cherry_chest":1,"minecraft:torch":14,"quark:blossom_log":1,"minecraft:cherry_log":14,"tombstone:grave_dust":6,"minecraft:diorite":24,"minecraft:golden_chestplate":1,"minecraft:yellow_banner":1,"quark:ancient_tome":1,"minecraft:rotten_flesh":14,"minecraft:tropical_fish":2,"supplementaries:ash":6,"minecraft:blaze_rod":3,"minecraft:cobblestone":107,"minecraft:birch_log":3,"minecraft:pink_petals":58,"minecraft:polished_diorite_slab":1,"minecraft:cooked_beef":8,"minecraft:cherry_planks":42,"minecraft:andesite":4,"minecraft:dark_oak_boat":2,"minecraft:flint":4,"minecraft:tuff":2,"supplementaries:flax_seeds":3,"undead_revamp2:huntereye":1,"minecraft:wither_skeleton_skull":1,"minecraft:cherry_door":2,"minecraft:map":1,"minecraft:lapis_lazuli":4,"minecraft:dirt":75,"minecraft:mangrove_fence":1,"minecraft:bone":9,"minecraft:wheat_seeds":285,"minecraft:dark_oak_sign":5,"minecraft:mossy_stone_bricks":3,"minecraft:cyan_candle":3,"minecraft:glowstone_dust":25,"minecraft:powered_rail":2,"minecraft:moss_block":2,"minecraft:oak_planks":17,"quark:shale":32,"minecraft:lime_terracotta":9,"minecraft:sand":34,"minecraft:stripped_spruce_log":5,"minecraft:nether_brick_stairs":4,"quark:glow_lichen_growth":4,"minecraft:cyan_bed":28,"minecraft:dark_oak_log":7,"naturalist:duck_egg":1,"minecraft:diamond":6,"minecraft:soul_lantern":5,"minecraft:granite":1,"minecraft:golden_apple":1,"minecraft:emerald":10,"minecraft:spruce_button":3,"minecraft:bread":36,"alexsmobs:maggot":3,"iceandfire:raw_silver":10,"minecraft:crafting_table":4,"born_in_chaos_v1:diamond_termite_shard":4,"iceandfire:witherbone":1,"minecraft:clay_ball":4,"minecraft:chest_minecart":1,"minecraft:chain":4,"minecraft:moss_carpet":2,"minecraft:iron_axe":2,"minecraft:wooden_sword":3,"minecraft:item_frame":1,"supplementaries:bomb":2,"minecraft:cracked_stone_bricks":3,"minecraft:candle":4,"minecraft:minecart":1,"minecraft:player_head":3,"minecraft:iron_nugget":33,"minecraft:sugar_cane":13,"supplementaries:rope":9,"quark:orange_corundum_cluster":1,"minecraft:raw_iron":35,"minecraft:stripped_mangrove_wood":2,"quark:green_corundum_cluster":6,"luminousworld:blue_petunias":1,"minecraft:bowl":1,"minecraft:note_block":2,"sophisticatedbackpacks:backpack":1,"minecraft:fire_charge":1,"minecraft:cookie":5,"minecraft:carrot":23,"minecraft:dark_oak_planks":9,"minecraft:tnt":5,"minecraft:arrow":10,"minecraft:beetroot_seeds":6,"minecraft:nether_bricks":2,"minecraft:shears":1,"minecraft:hay_block":2,"minecraft:black_banner":1,"minecraft:glow_berries":24,"minecraft:rail":39,"minecraft:stripped_oak_log":4,"born_in_chaos_v1:corpse_maggot":2,"luminousworld:ishstone":1,"minecraft:leather":3,"securitycraft:sc_manual":1,"minecraft:mushroom_stew":1,"minecraft:oak_log":6,"artifacts:superstitious_hat":1,"iceandfire:ectoplasm":1,"minecraft:gunpowder":5,"minecraft:cobblestone_stairs":1,"tombstone:gift":1,"minecraft:stone_bricks":7,"born_in_chaos_v1:smoked_flesh":4,"minecraft:iron_ingot":23,"securitycraft:universal_block_reinforcer_lvl1":1,"minecraft:iron_sword":5,"minecraft:book":63,"born_in_chaos_v1:ethereal_spirit":3,"minecraft:quartz":1,"minecraft:dandelion":1,"minecraft:spruce_sapling":2,"minecraft:blast_furnace":1,"minecraft:white_bed":1,"quark:green_corundum":2,"naturalist:cooked_bass":1,"luminousworld:decorative_red_2":2,"minecraft:coal":51,"minecraft:sunflower":1},"minecraft:mined":{"minecraft:dark_oak_planks":3,"minecraft:spruce_planks":2,"minecraft:white_bed":1,"iceandfire:graveyard_soil":1,"quark:cherry_chest":1,"minecraft:cobblestone_stairs":1,"minecraft:cherry_log":14,"minecraft:red_nether_bricks":11,"minecraft:cave_vines_plant":7,"minecraft:granite":1,"minecraft:grass_block":51,"quark:green_corundum_cluster":5,"minecraft:mangrove_fence":1,"luminousworld:decorative_red_2":1,"quark:glow_lichen_growth":1,"minecraft:glowstone":9,"minecraft:red_nether_brick_stairs":1,"minecraft:iron_ore":34,"minecraft:fire":3,"minecraft:moss_carpet":1,"minecraft:pumpkin":3,"minecraft:black_carpet":1,"minecraft:nether_brick_stairs":3,"placeablesmod:empty_bucket_block":1,"minecraft:skeleton_wall_skull":1,"minecraft:cave_vines":6,"minecraft:stripped_mangrove_wood":2,"minecraft:player_head":3,"supplementaries:book_pile":1,"minecraft:soul_lantern":5,"minecraft:clay":1,"born_in_chaos_v1:infected_deepslate_diamond_ore":5,"minecraft:torch":2,"minecraft:note_block":1,"minecraft:blast_furnace":1,"minecraft:calcite":4,"minecraft:poppy":1,"quark:blossom_log":2,"minecraft:polished_diorite_slab":1,"minecraft:cobblestone":32,"minecraft:cyan_bed":28,"minecraft:oak_planks":8,"minecraft:sugar_cane":7,"minecraft:wall_torch":8,"minecraft:pink_petals":18,"minecraft:chain":2,"minecraft:powered_rail":3,"minecraft:dark_oak_door":1,"minecraft:birch_log":2,"minecraft:wheat":111,"minecraft:birch_trapdoor":1,"minecraft:cherry_door":2,"born_in_chaos_v1:river_mint":1,"minecraft:tnt":1,"minecraft:grass":71,"minecraft:dirt":21,"minecraft:sand":34,"luminousworld:grassvariant_3":4,"minecraft:wither_skeleton_skull":1,"minecraft:netherrack":9,"minecraft:oak_leaves":3,"minecraft:cyan_candle":1,"minecraft:deepslate":45,"minecraft:nether_gold_ore":3,"minecraft:tuff":3,"minecraft:yellow_wall_banner":1,"iceandfire:silver_ore":9,"quark:shale":36,"minecraft:dark_oak_leaves":17,"minecraft:deepslate_diamond_ore":5,"minecraft:candle":2,"minecraft:dark_oak_log":7,"minecraft:nether_bricks":8,"minecraft:spruce_fence":2,"born_in_chaos_v1:black_argillite":1,"luminousworld:grassvariant_2":6,"minecraft:spruce_leaves":9,"minecraft:cracked_nether_bricks":1,"minecraft:moss_block":5,"quark:orange_corundum_cluster":1,"born_in_chaos_v1:gnawed_bones":1,"minecraft:hay_block":2,"minecraft:redstone_ore":4,"minecraft:furnace":5,"quark:orange_corundum":1,"minecraft:andesite":4,"minecraft:stripped_spruce_log":5,"minecraft:bookshelf":21,"minecraft:deepslate_iron_ore":1,"minecraft:vine":1,"minecraft:rail":16,"minecraft:stone":104,"minecraft:cake":2,"minecraft:smithing_table":1,"minecraft:oak_slab":1,"minecraft:redstone_block":1,"minecraft:cherry_planks":2,"minecraft:crafting_table":5,"minecraft:spruce_button":1,"minecraft:tall_grass":5,"minecraft:diorite":13,"supplementaries:urn":4,"minecraft:purple_bed":2,"minecraft:coarse_dirt":1,"minecraft:beehive":1,"minecraft:redstone_torch":1,"minecraft:black_wall_banner":1,"quark:green_corundum":2,"minecraft:coal_ore":44,"luminousworld:ishstone":1,"minecraft:cherry_leaves":1,"minecraft:cyan_carpet":1,"minecraft:sunflower":6,"minecraft:gravel":1,"minecraft:gray_carpet":5,"minecraft:cobweb":2,"minecraft:stone_bricks":6,"minecraft:polished_andesite":2,"minecraft:mossy_stone_bricks":2},"minecraft:broken":{"minecraft:iron_chestplate":1,"minecraft:stone_pickaxe":1,"minecraft:iron_sword":2,"minecraft:iron_axe":1,"minecraft:iron_pickaxe":1,"minecraft:iron_helmet":1},"minecraft:crafted":{"securitycraft:mine":3,"minecraft:oak_planks":24,"minecraft:dark_oak_boat":1,"minecraft:stone":7,"quark:cherry_chest":1,"minecraft:dark_oak_door":3,"minecraft:iron_boots":1,"quark:blossom_planks":4,"minecraft:cooked_porkchop":7,"minecraft:crafting_table":5,"minecraft:spruce_planks":20,"minecraft:iron_helmet":2,"minecraft:wooden_pickaxe":1,"minecraft:birch_planks":8,"minecraft:iron_chestplate":1,"minecraft:shield":2,"minecraft:stick":32,"minecraft:iron_ingot":37,"minecraft:iron_pickaxe":3,"minecraft:shears":1,"minecraft:cherry_planks":56,"minecraft:furnace":3,"minecraft:iron_axe":1,"minecraft:stone_pickaxe":1,"minecraft:dark_oak_planks":28,"minecraft:wheat":18,"iceandfire:silver_ingot":7,"minecraft:iron_sword":3,"minecraft:bucket":1,"minecraft:glowstone":1,"minecraft:bread":42,"minecraft:air":0,"minecraft:cherry_door":3,"minecraft:torch":44}},"DataVersion":3465}