{"stats":{"minecraft:broken":{"minecraft:stone_pickaxe":1},"minecraft:killed_by":{"minecraft:player":2,"minecraft:zombie":1},"minecraft:used":{"minecraft:moss_carpet":1,"quark:shale":27,"minecraft:spruce_planks":1,"minecraft:iron_sword":60,"born_in_chaos_v1:black_argillite":1,"minecraft:iron_chestplate":1,"minecraft:torch":8,"minecraft:dirt":2,"minecraft:dark_oak_planks":4,"minecraft:iron_axe":27,"minecraft:iron_helmet":1,"minecraft:bow":4,"minecraft:dark_oak_boat":3,"minecraft:furnace":4,"tombstone:gift":2,"minecraft:stone_pickaxe":131,"minecraft:red_nether_bricks":2,"minecraft:wooden_pickaxe":9,"minecraft:glow_berries":42,"minecraft:crafting_table":5,"minecraft:cyan_bed":5,"minecraft:bread":6,"minecraft:iron_pickaxe":133,"minecraft:wooden_sword":34,"minecraft:cobblestone":67,"minecraft:potion":1,"minecraft:andesite":1,"alexsmobs:animal_dictionary":3},"minecraft:crafted":{"minecraft:oak_planks":8,"minecraft:dark_oak_boat":1,"minecraft:furnace":3,"minecraft:stone":7,"minecraft:iron_axe":1,"minecraft:stone_pickaxe":1,"minecraft:dark_oak_planks":28,"iceandfire:silver_ingot":7,"minecraft:crafting_table":3,"minecraft:wooden_pickaxe":1,"minecraft:iron_helmet":1,"minecraft:iron_sword":1,"minecraft:birch_planks":8,"minecraft:air":0,"minecraft:iron_chestplate":1,"minecraft:stick":12,"minecraft:iron_ingot":37,"minecraft:iron_pickaxe":1,"minecraft:torch":8,"minecraft:shears":1},"minecraft:picked_up":{"minecraft:crafting_table":3,"quark:orange_corundum":1,"minecraft:clay_ball":4,"born_in_chaos_v1:black_argillite":1,"minecraft:moss_carpet":2,"minecraft:wooden_sword":3,"minecraft:red_nether_bricks":2,"minecraft:cobbled_deepslate":2,"minecraft:spruce_planks":1,"minecraft:player_head":2,"minecraft:sugar_cane":7,"minecraft:mangrove_log":1,"quark:orange_corundum_cluster":1,"minecraft:furnace":4,"minecraft:stick":2,"minecraft:beehive":1,"minecraft:raw_iron":35,"minecraft:stripped_mangrove_wood":2,"quark:green_corundum_cluster":6,"minecraft:birch_trapdoor":1,"minecraft:torch":1,"minecraft:note_block":1,"minecraft:diorite":24,"minecraft:dark_oak_planks":1,"minecraft:rotten_flesh":4,"minecraft:tropical_fish":2,"minecraft:black_banner":1,"minecraft:glow_berries":24,"minecraft:cobblestone":101,"minecraft:birch_log":2,"minecraft:andesite":4,"luminousworld:ishstone":1,"minecraft:dark_oak_boat":2,"minecraft:oak_log":2,"minecraft:dirt":4,"minecraft:mangrove_fence":1,"minecraft:dark_oak_sign":5,"minecraft:cyan_candle":3,"minecraft:moss_block":2,"minecraft:book":60,"quark:shale":28,"minecraft:spruce_sapling":2,"minecraft:cyan_bed":6,"quark:green_corundum":2,"minecraft:dark_oak_log":7,"minecraft:soul_lantern":5,"minecraft:granite":1,"minecraft:bread":36,"minecraft:coal":44,"iceandfire:raw_silver":7},"minecraft:dropped":{"minecraft:bread":15,"minecraft:stripped_mangrove_wood":2,"luminousworld:ishstone":1,"minecraft:glass_bottle":1,"minecraft:granite":1,"minecraft:diorite":24,"minecraft:wooden_sword":1,"minecraft:cobbled_deepslate":2,"minecraft:dark_oak_sign":3,"minecraft:rotten_flesh":4,"minecraft:mangrove_fence":1,"minecraft:birch_trapdoor":1,"minecraft:andesite":3},"minecraft:custom":{"minecraft:mob_kills":6,"minecraft:interact_with_crafting_table":14,"minecraft:open_barrel":9,"minecraft:eat_cake_slice":21,"minecraft:leave_game":1,"minecraft:time_since_death":69615,"minecraft:climb_one_cm":1028,"minecraft:sprint_one_cm":176012,"minecraft:walk_one_cm":279209,"minecraft:drop":32,"minecraft:play_noteblock":1,"minecraft:play_time":100503,"minecraft:deaths":4,"minecraft:sneak_time":2549,"minecraft:walk_under_water_one_cm":8112,"minecraft:boat_one_cm":68985,"minecraft:jump":1146,"minecraft:walk_on_water_one_cm":19013,"minecraft:total_world_time":100503,"minecraft:interact_with_furnace":33,"minecraft:tune_noteblock":2,"minecraft:sleep_in_bed":3,"minecraft:time_since_rest":4392,"minecraft:damage_taken":1965,"minecraft:damage_dealt":1189,"minecraft:swim_one_cm":22739,"minecraft:fly_one_cm":95323,"minecraft:open_chest":5,"minecraft:crouch_one_cm":6896,"tombstone:undead_killed":3,"minecraft:fall_one_cm":27195},"minecraft:killed":{"luminousworld:miner_zombie":1,"born_in_chaos_v1:zombie_lumberjack":1,"luminousworld:dark_oak_skeleton":1,"luminousworld:rusty_page":1,"luminousworld:buckeye":1},"minecraft:mined":{"minecraft:dark_oak_planks":1,"iceandfire:silver_ore":7,"minecraft:dark_oak_leaves":16,"quark:shale":30,"minecraft:dark_oak_log":7,"minecraft:red_nether_bricks":2,"minecraft:cave_vines_plant":7,"minecraft:granite":1,"minecraft:grass_block":2,"quark:green_corundum_cluster":5,"minecraft:mangrove_fence":1,"born_in_chaos_v1:black_argillite":1,"minecraft:spruce_leaves":9,"minecraft:moss_block":5,"quark:orange_corundum_cluster":1,"minecraft:furnace":4,"quark:orange_corundum":1,"minecraft:iron_ore":34,"minecraft:andesite":4,"minecraft:moss_carpet":1,"minecraft:bookshelf":20,"minecraft:cave_vines":6,"minecraft:deepslate_iron_ore":1,"minecraft:stone":99,"minecraft:stripped_mangrove_wood":2,"minecraft:player_head":2,"minecraft:cake":2,"minecraft:soul_lantern":5,"minecraft:crafting_table":4,"minecraft:clay":1,"minecraft:note_block":1,"minecraft:tall_grass":2,"minecraft:cobblestone":11,"minecraft:cyan_bed":6,"minecraft:sugar_cane":4,"minecraft:diorite":12,"minecraft:wall_torch":1,"minecraft:birch_log":2,"minecraft:beehive":1,"minecraft:black_wall_banner":1,"minecraft:birch_trapdoor":1,"quark:green_corundum":2,"minecraft:grass":3,"minecraft:coal_ore":43,"luminousworld:ishstone":1,"minecraft:cyan_carpet":1,"minecraft:dirt":2,"minecraft:oak_leaves":1,"minecraft:cyan_candle":1,"minecraft:deepslate":1}},"DataVersion":3465}