{"stats":{"minecraft:killed_by":{"minecraft:zombie":1},"minecraft:used":{"minecraft:wooden_sword":1,"tombstone:gift":2,"alexsmobs:animal_dictionary":1},"minecraft:crafted":{"minecraft:dark_oak_planks":4},"minecraft:picked_up":{"minecraft:wooden_sword":1,"minecraft:spruce_planks":1,"minecraft:dark_oak_log":1},"minecraft:custom":{"minecraft:time_since_rest":9665,"minecraft:crouch_one_cm":1781,"minecraft:play_time":11207,"minecraft:sprint_one_cm":39543,"minecraft:walk_one_cm":19710,"minecraft:damage_taken":330,"minecraft:deaths":1,"minecraft:sneak_time":462,"minecraft:mob_kills":3,"minecraft:jump":181,"minecraft:damage_dealt":64,"minecraft:time_since_death":10681,"minecraft:total_world_time":11207,"minecraft:fall_one_cm":3970,"minecraft:fly_one_cm":33115},"minecraft:killed":{"luminousworld:rusty_page":1,"luminousworld:buckeye":1},"minecraft:mined":{"minecraft:grass":1,"minecraft:spruce_leaves":3,"minecraft:dark_oak_log":1,"minecraft:oak_leaves":1}},"DataVersion":3465}