{"stats":{"minecraft:killed_by":{"minecraft:player":2,"minecraft:zombie":1},"minecraft:used":{"minecraft:bread":3,"minecraft:stone_pickaxe":102,"quark:shale":8,"minecraft:spruce_planks":1,"minecraft:wooden_pickaxe":6,"minecraft:torch":4,"minecraft:glow_berries":11,"minecraft:wooden_sword":34,"minecraft:crafting_table":1,"alexsmobs:animal_dictionary":3,"tombstone:gift":2},"minecraft:crafted":{"minecraft:crafting_table":1,"minecraft:stick":4,"minecraft:wooden_pickaxe":1,"minecraft:stone_pickaxe":1,"minecraft:dark_oak_planks":16,"minecraft:torch":4},"minecraft:picked_up":{"minecraft:stick":2,"minecraft:raw_iron":3,"quark:orange_corundum":1,"quark:green_corundum_cluster":6,"minecraft:clay_ball":4,"quark:shale":25,"minecraft:spruce_sapling":2,"minecraft:diorite":12,"quark:green_corundum":2,"minecraft:dark_oak_log":6,"minecraft:moss_carpet":1,"minecraft:wooden_sword":2,"minecraft:spruce_planks":1,"minecraft:bread":21,"minecraft:glow_berries":6,"minecraft:coal":16,"iceandfire:raw_silver":2,"minecraft:cobblestone":40,"quark:orange_corundum_cluster":1},"minecraft:custom":{"minecraft:time_since_rest":15963,"minecraft:sprint_one_cm":100816,"minecraft:damage_taken":1425,"minecraft:walk_one_cm":103782,"minecraft:mob_kills":4,"minecraft:damage_dealt":509,"minecraft:interact_with_crafting_table":3,"minecraft:fly_one_cm":73468,"minecraft:open_chest":3,"minecraft:crouch_one_cm":3333,"tombstone:undead_killed":1,"minecraft:play_time":47207,"minecraft:deaths":4,"minecraft:sneak_time":1139,"minecraft:walk_under_water_one_cm":478,"minecraft:jump":622,"minecraft:eat_cake_slice":5,"minecraft:time_since_death":16319,"minecraft:walk_on_water_one_cm":4010,"minecraft:total_world_time":47207,"minecraft:climb_one_cm":46,"minecraft:fall_one_cm":17380},"minecraft:killed":{"luminousworld:miner_zombie":1,"luminousworld:buckeye":1,"luminousworld:rusty_page":1},"minecraft:mined":{"iceandfire:silver_ore":2,"quark:orange_corundum":1,"minecraft:dark_oak_leaves":9,"quark:shale":27,"minecraft:iron_ore":3,"minecraft:dark_oak_log":6,"quark:green_corundum":2,"minecraft:clay":1,"minecraft:cave_vines_plant":6,"minecraft:grass":2,"minecraft:coal_ore":14,"minecraft:cave_vines":4,"quark:green_corundum_cluster":5,"minecraft:spruce_leaves":9,"minecraft:stone":41,"quark:orange_corundum_cluster":1,"minecraft:diorite":12,"minecraft:oak_leaves":1,"minecraft:cake":2}},"DataVersion":3465}