{"stats":{"minecraft:broken":{"minecraft:stone_pickaxe":1},"minecraft:killed_by":{"minecraft:player":2,"minecraft:zombie":1},"minecraft:used":{"minecraft:moss_carpet":1,"minecraft:stone_pickaxe":131,"quark:shale":11,"minecraft:spruce_planks":1,"minecraft:wooden_pickaxe":9,"minecraft:torch":8,"minecraft:glow_berries":33,"minecraft:crafting_table":3,"minecraft:bread":4,"minecraft:iron_pickaxe":92,"minecraft:wooden_sword":34,"minecraft:cobblestone":6,"minecraft:furnace":3,"minecraft:andesite":1,"tombstone:gift":2,"alexsmobs:animal_dictionary":3},"minecraft:crafted":{"iceandfire:silver_ingot":7,"minecraft:crafting_table":2,"minecraft:wooden_pickaxe":1,"minecraft:furnace":3,"minecraft:stone":7,"minecraft:air":0,"minecraft:stick":8,"minecraft:iron_ingot":32,"minecraft:iron_pickaxe":1,"minecraft:stone_pickaxe":1,"minecraft:torch":8,"minecraft:dark_oak_planks":20},"minecraft:picked_up":{"minecraft:crafting_table":1,"minecraft:clay_ball":4,"quark:orange_corundum":1,"minecraft:andesite":4,"born_in_chaos_v1:black_argillite":1,"minecraft:moss_carpet":2,"minecraft:wooden_sword":2,"minecraft:cobbled_deepslate":1,"minecraft:spruce_planks":1,"minecraft:moss_block":2,"minecraft:furnace":3,"quark:orange_corundum_cluster":1,"minecraft:stick":2,"minecraft:raw_iron":30,"quark:green_corundum_cluster":6,"quark:shale":27,"minecraft:torch":1,"minecraft:spruce_sapling":2,"minecraft:diorite":12,"minecraft:dark_oak_log":6,"quark:green_corundum":2,"minecraft:granite":1,"minecraft:bread":21,"minecraft:glow_berries":22,"minecraft:coal":44,"iceandfire:raw_silver":7,"minecraft:cobblestone":88},"minecraft:custom":{"minecraft:interact_with_furnace":32,"minecraft:mob_kills":4,"minecraft:interact_with_crafting_table":8,"minecraft:eat_cake_slice":5,"minecraft:time_since_death":40319,"minecraft:climb_one_cm":136,"minecraft:time_since_rest":39963,"minecraft:sprint_one_cm":117590,"minecraft:damage_taken":1585,"minecraft:walk_one_cm":144929,"minecraft:damage_dealt":509,"minecraft:fly_one_cm":77515,"minecraft:open_chest":4,"minecraft:crouch_one_cm":4974,"minecraft:play_time":71207,"tombstone:undead_killed":1,"minecraft:deaths":4,"minecraft:sneak_time":1827,"minecraft:walk_under_water_one_cm":5400,"minecraft:jump":808,"minecraft:walk_on_water_one_cm":15119,"minecraft:total_world_time":71207,"minecraft:fall_one_cm":19617},"minecraft:killed":{"luminousworld:miner_zombie":1,"luminousworld:rusty_page":1,"luminousworld:buckeye":1},"minecraft:mined":{"iceandfire:silver_ore":7,"minecraft:dark_oak_leaves":9,"quark:shale":29,"minecraft:dark_oak_log":6,"minecraft:clay":1,"minecraft:crafting_table":2,"minecraft:cave_vines_plant":7,"minecraft:granite":1,"quark:green_corundum_cluster":5,"born_in_chaos_v1:black_argillite":1,"minecraft:tall_grass":2,"minecraft:spruce_leaves":9,"minecraft:moss_block":5,"quark:orange_corundum_cluster":1,"minecraft:diorite":12,"minecraft:wall_torch":1,"minecraft:furnace":3,"quark:orange_corundum":1,"minecraft:iron_ore":29,"minecraft:andesite":4,"quark:green_corundum":2,"minecraft:moss_carpet":1,"minecraft:grass":3,"minecraft:cave_vines":5,"minecraft:coal_ore":43,"minecraft:deepslate_iron_ore":1,"minecraft:stone":88,"minecraft:cake":2,"minecraft:oak_leaves":1,"minecraft:deepslate":1}},"DataVersion":3465}