{"stats":{"minecraft:killed_by":{"minecraft:zombie":1,"minecraft:player":2},"minecraft:used":{"minecraft:wooden_sword":14,"minecraft:bread":1,"minecraft:spruce_planks":1,"tombstone:gift":2,"alexsmobs:animal_dictionary":3},"minecraft:crafted":{"minecraft:dark_oak_planks":8},"minecraft:picked_up":{"minecraft:wooden_sword":2,"minecraft:stick":2,"minecraft:spruce_planks":1,"minecraft:spruce_sapling":2,"minecraft:bread":21,"minecraft:dark_oak_log":6},"minecraft:custom":{"minecraft:open_chest":3,"minecraft:time_since_rest":3963,"minecraft:crouch_one_cm":3333,"minecraft:play_time":35207,"minecraft:sprint_one_cm":92787,"minecraft:walk_one_cm":63311,"minecraft:damage_taken":1235,"minecraft:deaths":4,"minecraft:sneak_time":1139,"minecraft:mob_kills":3,"minecraft:jump":504,"minecraft:eat_cake_slice":5,"minecraft:damage_dealt":237,"minecraft:time_since_death":4319,"minecraft:total_world_time":35207,"minecraft:interact_with_crafting_table":1,"minecraft:fall_one_cm":16155,"minecraft:fly_one_cm":70161},"minecraft:killed":{"luminousworld:rusty_page":1,"luminousworld:buckeye":1},"minecraft:mined":{"minecraft:grass":1,"minecraft:dark_oak_leaves":9,"minecraft:spruce_leaves":9,"minecraft:dark_oak_log":6,"minecraft:cake":2,"minecraft:oak_leaves":1}},"DataVersion":3465}