{"stats":{"minecraft:broken":{"minecraft:stone_pickaxe":1,"minecraft:iron_sword":2,"minecraft:iron_axe":1,"minecraft:iron_pickaxe":1,"minecraft:iron_helmet":1},"minecraft:killed_by":{"illagerinvasion:basher":1,"born_in_chaos_v1:zombie_bruiser":1,"minecraft:vindicator":2,"enemyexpansion:sprinter":1,"born_in_chaos_v1:diamond_termite":1,"minecraft:cave_spider":1,"minecraft:zombie":1,"enemyexpansion:invisicreeper":2,"minecraft:vex":1,"minecraft:player":3,"minecraft:skeleton":1,"iceandfire:ghost":2,"illagerinvasion:provoker":1},"minecraft:used":{"quark:ancient_tome":1,"minecraft:moss_carpet":1,"quark:shale":29,"minecraft:shield":5,"minecraft:iron_sword":485,"minecraft:rotten_flesh":4,"minecraft:iron_chestplate":1,"minecraft:carrot":8,"naturalist:cooked_bass":1,"born_in_chaos_v1:smoked_flesh":1,"minecraft:iron_helmet":1,"minecraft:stone_bricks":2,"minecraft:bow":4,"minecraft:dark_oak_boat":3,"minecraft:furnace":6,"minecraft:mossy_stone_bricks":3,"minecraft:stone_pickaxe":131,"minecraft:oak_planks":8,"minecraft:polished_diorite_slab":1,"minecraft:wooden_pickaxe":9,"minecraft:cookie":5,"minecraft:glow_berries":46,"minecraft:mushroom_stew":3,"minecraft:note_block":2,"minecraft:cyan_bed":27,"minecraft:bread":27,"minecraft:wooden_sword":34,"quark:glow_lichen_growth":2,"minecraft:andesite":1,"minecraft:chest_minecart":1,"minecraft:spruce_planks":5,"born_in_chaos_v1:black_argillite":1,"minecraft:torch":16,"minecraft:dirt":28,"minecraft:dark_oak_planks":4,"minecraft:iron_axe":162,"luminousworld:blue_petunias":1,"quark:blossom_planks":4,"tombstone:gift":6,"minecraft:wheat_seeds":71,"minecraft:water_bucket":24,"minecraft:red_nether_bricks":2,"minecraft:cracked_stone_bricks":2,"minecraft:rail":11,"minecraft:crafting_table":7,"minecraft:cake":1,"minecraft:dark_oak_door":7,"minecraft:apple":6,"minecraft:iron_pickaxe":260,"minecraft:pink_petals":8,"minecraft:cobblestone":67,"minecraft:potion":1,"minecraft:cooked_porkchop":3,"minecraft:bucket":24,"alexsmobs:animal_dictionary":3,"minecraft:candle":2},"minecraft:crafted":{"minecraft:oak_planks":16,"minecraft:dark_oak_boat":1,"minecraft:stone":7,"minecraft:dark_oak_door":3,"quark:blossom_planks":4,"minecraft:cooked_porkchop":7,"minecraft:crafting_table":4,"minecraft:spruce_planks":20,"minecraft:wooden_pickaxe":1,"minecraft:iron_helmet":1,"minecraft:birch_planks":8,"minecraft:iron_chestplate":1,"minecraft:shield":2,"minecraft:stick":28,"minecraft:iron_ingot":37,"minecraft:iron_pickaxe":2,"minecraft:shears":1,"minecraft:cherry_planks":8,"minecraft:furnace":3,"minecraft:iron_axe":1,"minecraft:stone_pickaxe":1,"minecraft:dark_oak_planks":28,"iceandfire:silver_ingot":7,"minecraft:iron_sword":3,"minecraft:bucket":1,"minecraft:air":0,"minecraft:bread":23,"minecraft:torch":44},"minecraft:picked_up":{"minecraft:iron_chestplate":1,"minecraft:wheat":71,"minecraft:redstone_block":2,"quark:orange_corundum":1,"minecraft:lead":3,"minecraft:enchanted_book":1,"born_in_chaos_v1:black_argillite":1,"minecraft:string":3,"minecraft:red_nether_bricks":2,"minecraft:cobbled_deepslate":22,"minecraft:bucket":2,"minecraft:spruce_planks":1,"minecraft:mangrove_log":3,"minecraft:furnace":5,"minecraft:dark_oak_door":5,"minecraft:stick":2,"minecraft:beehive":1,"minecraft:birch_trapdoor":1,"minecraft:torch":12,"quark:blossom_log":1,"minecraft:cherry_log":2,"tombstone:grave_dust":2,"minecraft:diorite":24,"quark:ancient_tome":1,"minecraft:rotten_flesh":10,"minecraft:tropical_fish":2,"supplementaries:ash":6,"minecraft:cobblestone":107,"minecraft:birch_log":2,"minecraft:pink_petals":12,"minecraft:polished_diorite_slab":1,"minecraft:andesite":4,"minecraft:dark_oak_boat":2,"minecraft:flint":4,"minecraft:tuff":2,"minecraft:wither_skeleton_skull":1,"minecraft:lapis_lazuli":4,"minecraft:map":1,"minecraft:dirt":38,"minecraft:mangrove_fence":1,"minecraft:wheat_seeds":170,"minecraft:dark_oak_sign":5,"minecraft:mossy_stone_bricks":3,"minecraft:cyan_candle":3,"minecraft:powered_rail":2,"minecraft:moss_block":2,"minecraft:oak_planks":1,"quark:shale":32,"minecraft:stripped_spruce_log":5,"quark:glow_lichen_growth":3,"minecraft:cyan_bed":28,"minecraft:dark_oak_log":7,"minecraft:diamond":3,"minecraft:soul_lantern":5,"minecraft:granite":1,"minecraft:emerald":10,"minecraft:spruce_button":3,"minecraft:bread":36,"alexsmobs:maggot":3,"iceandfire:raw_silver":10,"born_in_chaos_v1:diamond_termite_shard":3,"minecraft:crafting_table":3,"minecraft:clay_ball":4,"minecraft:chest_minecart":1,"minecraft:chain":4,"minecraft:moss_carpet":2,"minecraft:iron_axe":2,"minecraft:wooden_sword":3,"supplementaries:bomb":2,"minecraft:cracked_stone_bricks":3,"minecraft:candle":4,"minecraft:player_head":3,"minecraft:iron_nugget":32,"minecraft:sugar_cane":7,"supplementaries:rope":9,"quark:orange_corundum_cluster":1,"minecraft:raw_iron":35,"minecraft:stripped_mangrove_wood":2,"quark:green_corundum_cluster":6,"luminousworld:blue_petunias":1,"minecraft:bowl":1,"minecraft:note_block":2,"sophisticatedbackpacks:backpack":1,"minecraft:cookie":5,"minecraft:dark_oak_planks":8,"minecraft:arrow":7,"minecraft:beetroot_seeds":2,"minecraft:shears":1,"minecraft:black_banner":1,"minecraft:glow_berries":24,"minecraft:rail":36,"minecraft:stripped_oak_log":4,"born_in_chaos_v1:corpse_maggot":2,"luminousworld:ishstone":1,"minecraft:leather":3,"minecraft:oak_log":6,"artifacts:superstitious_hat":1,"iceandfire:ectoplasm":1,"minecraft:gunpowder":1,"minecraft:cobblestone_stairs":1,"tombstone:gift":1,"minecraft:stone_bricks":7,"minecraft:iron_ingot":20,"born_in_chaos_v1:smoked_flesh":4,"minecraft:iron_sword":4,"minecraft:book":63,"minecraft:dandelion":1,"minecraft:spruce_sapling":2,"minecraft:blast_furnace":1,"naturalist:cooked_bass":1,"quark:green_corundum":2,"luminousworld:decorative_red_2":2,"minecraft:coal":45,"minecraft:sunflower":1},"minecraft:dropped":{"iceandfire:raw_silver":1,"minecraft:candle":2,"minecraft:stripped_mangrove_wood":2,"minecraft:glass_bottle":1,"minecraft:cooked_porkchop":4,"minecraft:leather":3,"minecraft:cracked_stone_bricks":1,"minecraft:rail":25,"minecraft:cobblestone_stairs":1,"minecraft:dirt":3,"minecraft:chain":4,"minecraft:wooden_sword":1,"minecraft:sunflower":1,"luminousworld:decorative_red_2":2,"minecraft:dark_oak_planks":1,"minecraft:dark_oak_door":1,"minecraft:golden_chestplate":1,"minecraft:cobbled_deepslate":18,"minecraft:rotten_flesh":4,"minecraft:oak_planks":3,"minecraft:beehive":1,"quark:shale":2,"minecraft:carrot":4,"minecraft:mangrove_fence":1,"minecraft:mangrove_log":3,"minecraft:birch_trapdoor":1,"born_in_chaos_v1:corpse_maggot":1,"minecraft:arrow":5,"quark:orange_corundum":1,"minecraft:iron_ingot":12,"minecraft:bread":22,"minecraft:wheat_seeds":58,"luminousworld:ishstone":1,"quark:orange_corundum_cluster":1,"minecraft:cobblestone":3,"minecraft:granite":1,"minecraft:spruce_button":2,"minecraft:tropical_fish":2,"minecraft:coal":5,"minecraft:diorite":24,"minecraft:torch":10,"minecraft:potion":3,"minecraft:cyan_candle":3,"minecraft:iron_axe":2,"minecraft:pink_petals":4,"minecraft:dandelion":1,"alexsmobs:maggot":3,"minecraft:player_head":2,"minecraft:dark_oak_sign":3,"minecraft:bowl":3,"quark:green_corundum":2,"minecraft:andesite":3,"minecraft:cake":1,"minecraft:stone_bricks":2,"minecraft:cyan_bed":1},"minecraft:custom":{"minecraft:animals_bred":1,"minecraft:interact_with_crafting_table":27,"minecraft:open_barrel":17,"minecraft:eat_cake_slice":24,"minecraft:leave_game":3,"minecraft:time_since_death":13806,"minecraft:sprint_one_cm":923158,"minecraft:damage_blocked_by_shield":65,"minecraft:drop":123,"minecraft:play_noteblock":1,"minecraft:play_time":302063,"minecraft:deaths":23,"minecraft:jump":4510,"minecraft:interact_with_brewingstand":4,"minecraft:walk_on_water_one_cm":67423,"minecraft:interact_with_furnace":36,"minecraft:sleep_in_bed":21,"minecraft:damage_dealt":9327,"minecraft:crouch_one_cm":38562,"tombstone:undead_killed":9,"minecraft:mob_kills":39,"minecraft:damage_dealt_resisted":27,"minecraft:climb_one_cm":36849,"minecraft:walk_one_cm":920254,"minecraft:sneak_time":9986,"minecraft:walk_under_water_one_cm":25026,"minecraft:boat_one_cm":81405,"minecraft:interact_with_blast_furnace":2,"minecraft:total_world_time":302063,"tombstone:raider_killed":13,"minecraft:tune_noteblock":41,"minecraft:time_since_rest":13585,"minecraft:damage_taken":8678,"minecraft:trigger_trapped_chest":2,"minecraft:swim_one_cm":45466,"minecraft:fly_one_cm":657794,"minecraft:open_chest":55,"minecraft:fall_one_cm":104820},"minecraft:killed":{"illagerinvasion:archivist":2,"luminousworld:miner_zombie":1,"born_in_chaos_v1:zombie_lumberjack":1,"undead_revamp2:axestrom":1,"illagerinvasion:basher":1,"luminousworld:dark_oak_skeleton":1,"illagerinvasion:provoker":5,"born_in_chaos_v1:diamond_termite":4,"minecraft:zombie":1,"luminousworld:buckeye":1,"born_in_chaos_v1:corpse_fly":2,"minecraft:evoker":1,"undead_revamp2:thehunter":1,"minecraft:vindicator":3,"illagerinvasion:marauder":1,"enemyexpansion:direwolf":1,"born_in_chaos_v1:zombie_bruiser":1,"luminousworld:rusty_page":1,"enemyexpansion:sprinter":1,"earthmobsmod:cream_cow":2,"iceandfire:ghost":2},"minecraft:mined":{"minecraft:dark_oak_planks":2,"iceandfire:graveyard_soil":1,"minecraft:cobblestone_stairs":1,"minecraft:cherry_log":2,"minecraft:red_nether_bricks":2,"minecraft:cave_vines_plant":7,"minecraft:granite":1,"minecraft:grass_block":25,"quark:green_corundum_cluster":5,"minecraft:mangrove_fence":1,"luminousworld:decorative_red_2":1,"quark:glow_lichen_growth":1,"minecraft:iron_ore":34,"minecraft:pumpkin":3,"minecraft:moss_carpet":1,"minecraft:black_carpet":1,"placeablesmod:empty_bucket_block":1,"minecraft:skeleton_wall_skull":1,"minecraft:cave_vines":6,"minecraft:stripped_mangrove_wood":2,"minecraft:player_head":3,"supplementaries:book_pile":1,"minecraft:soul_lantern":5,"minecraft:clay":1,"born_in_chaos_v1:infected_deepslate_diamond_ore":4,"minecraft:torch":1,"minecraft:note_block":1,"minecraft:blast_furnace":1,"minecraft:calcite":4,"quark:blossom_log":2,"minecraft:polished_diorite_slab":1,"minecraft:cobblestone":31,"minecraft:cyan_bed":27,"minecraft:sugar_cane":4,"minecraft:oak_planks":3,"minecraft:wall_torch":8,"minecraft:chain":2,"minecraft:powered_rail":3,"minecraft:dark_oak_door":1,"minecraft:birch_log":2,"minecraft:wheat":73,"minecraft:birch_trapdoor":1,"born_in_chaos_v1:river_mint":1,"minecraft:grass":13,"minecraft:dirt":10,"luminousworld:grassvariant_3":2,"minecraft:wither_skeleton_skull":1,"minecraft:oak_leaves":1,"minecraft:cyan_candle":1,"minecraft:deepslate":26,"minecraft:tuff":3,"iceandfire:silver_ore":9,"minecraft:deepslate_diamond_ore":2,"minecraft:dark_oak_leaves":16,"quark:shale":36,"minecraft:candle":2,"minecraft:dark_oak_log":7,"minecraft:spruce_fence":2,"born_in_chaos_v1:black_argillite":1,"luminousworld:grassvariant_2":3,"minecraft:spruce_leaves":9,"minecraft:moss_block":5,"quark:orange_corundum_cluster":1,"born_in_chaos_v1:gnawed_bones":1,"minecraft:redstone_ore":4,"minecraft:furnace":5,"quark:orange_corundum":1,"minecraft:andesite":4,"minecraft:stripped_spruce_log":5,"minecraft:bookshelf":21,"minecraft:deepslate_iron_ore":1,"minecraft:vine":1,"minecraft:rail":16,"minecraft:stone":104,"minecraft:cake":2,"minecraft:oak_slab":1,"minecraft:redstone_block":1,"minecraft:crafting_table":4,"minecraft:spruce_button":1,"minecraft:tall_grass":2,"minecraft:diorite":13,"supplementaries:urn":3,"minecraft:coarse_dirt":1,"minecraft:beehive":1,"minecraft:black_wall_banner":1,"quark:green_corundum":2,"minecraft:coal_ore":44,"luminousworld:ishstone":1,"minecraft:gravel":1,"minecraft:sunflower":6,"minecraft:cyan_carpet":1,"minecraft:gray_carpet":5,"minecraft:polished_andesite":2,"minecraft:stone_bricks":5,"minecraft:mossy_stone_bricks":1}},"DataVersion":3465}