{"stats":{"minecraft:broken":{"minecraft:stone_pickaxe":1,"minecraft:iron_sword":1},"minecraft:killed_by":{"minecraft:player":2,"illagerinvasion:basher":1,"minecraft:vindicator":2,"minecraft:zombie":1,"illagerinvasion:provoker":1,"minecraft:vex":1},"minecraft:used":{"quark:ancient_tome":1,"minecraft:moss_carpet":1,"quark:shale":29,"minecraft:spruce_planks":1,"minecraft:iron_sword":251,"born_in_chaos_v1:black_argillite":1,"minecraft:iron_chestplate":1,"minecraft:torch":10,"minecraft:dirt":21,"minecraft:carrot":8,"minecraft:dark_oak_planks":4,"minecraft:iron_axe":120,"minecraft:iron_helmet":1,"minecraft:stone_bricks":2,"minecraft:bow":4,"minecraft:dark_oak_boat":3,"luminousworld:blue_petunias":1,"minecraft:furnace":6,"quark:blossom_planks":4,"tombstone:gift":6,"minecraft:water_bucket":9,"minecraft:oak_planks":8,"minecraft:stone_pickaxe":131,"minecraft:red_nether_bricks":2,"minecraft:polished_diorite_slab":1,"minecraft:wooden_pickaxe":9,"minecraft:cookie":5,"minecraft:glow_berries":42,"minecraft:crafting_table":6,"minecraft:mushroom_stew":2,"minecraft:note_block":2,"minecraft:dark_oak_door":6,"minecraft:apple":6,"minecraft:cyan_bed":19,"minecraft:bread":20,"minecraft:iron_pickaxe":183,"minecraft:pink_petals":1,"minecraft:wooden_sword":34,"minecraft:cobblestone":67,"minecraft:potion":1,"minecraft:cooked_porkchop":3,"minecraft:bucket":10,"minecraft:andesite":1,"alexsmobs:animal_dictionary":3,"minecraft:candle":2},"minecraft:crafted":{"minecraft:oak_planks":8,"minecraft:dark_oak_boat":1,"minecraft:furnace":3,"minecraft:stone":7,"minecraft:dark_oak_door":3,"minecraft:iron_axe":1,"minecraft:stone_pickaxe":1,"minecraft:dark_oak_planks":28,"quark:blossom_planks":4,"minecraft:cooked_porkchop":7,"iceandfire:silver_ingot":7,"minecraft:crafting_table":3,"minecraft:spruce_planks":12,"minecraft:wooden_pickaxe":1,"minecraft:iron_helmet":1,"minecraft:iron_sword":1,"minecraft:bucket":1,"minecraft:birch_planks":8,"minecraft:air":0,"minecraft:iron_chestplate":1,"minecraft:shield":2,"minecraft:stick":12,"minecraft:iron_ingot":37,"minecraft:iron_pickaxe":1,"minecraft:torch":8,"minecraft:shears":1},"minecraft:picked_up":{"minecraft:crafting_table":3,"minecraft:redstone_block":2,"quark:orange_corundum":1,"minecraft:clay_ball":4,"minecraft:lead":3,"born_in_chaos_v1:black_argillite":1,"minecraft:moss_carpet":2,"minecraft:iron_axe":1,"minecraft:wooden_sword":3,"minecraft:red_nether_bricks":2,"minecraft:candle":4,"minecraft:cobbled_deepslate":2,"minecraft:bucket":2,"minecraft:spruce_planks":1,"minecraft:player_head":3,"minecraft:sugar_cane":7,"minecraft:mangrove_log":3,"quark:orange_corundum_cluster":1,"minecraft:furnace":5,"minecraft:dark_oak_door":4,"minecraft:stick":2,"minecraft:beehive":1,"minecraft:raw_iron":35,"minecraft:stripped_mangrove_wood":2,"luminousworld:blue_petunias":1,"quark:green_corundum_cluster":6,"minecraft:birch_trapdoor":1,"minecraft:torch":4,"minecraft:note_block":2,"quark:blossom_log":1,"minecraft:cookie":5,"tombstone:grave_dust":1,"minecraft:diorite":24,"minecraft:dark_oak_planks":8,"quark:ancient_tome":1,"minecraft:arrow":7,"minecraft:rotten_flesh":4,"minecraft:tropical_fish":2,"minecraft:shears":1,"minecraft:black_banner":1,"minecraft:glow_berries":24,"minecraft:cobblestone":105,"minecraft:birch_log":2,"minecraft:pink_petals":2,"minecraft:polished_diorite_slab":1,"minecraft:andesite":4,"luminousworld:ishstone":1,"minecraft:dark_oak_boat":2,"minecraft:flint":4,"minecraft:oak_log":3,"minecraft:cobblestone_stairs":1,"minecraft:wither_skeleton_skull":1,"minecraft:map":1,"minecraft:dirt":30,"tombstone:gift":1,"minecraft:mangrove_fence":1,"minecraft:stone_bricks":4,"minecraft:wheat_seeds":1,"minecraft:dark_oak_sign":5,"minecraft:cyan_candle":3,"minecraft:moss_block":2,"minecraft:book":63,"quark:shale":32,"minecraft:stripped_spruce_log":4,"minecraft:spruce_sapling":2,"minecraft:blast_furnace":1,"minecraft:cyan_bed":20,"naturalist:cooked_bass":1,"quark:green_corundum":2,"minecraft:dark_oak_log":7,"minecraft:soul_lantern":5,"luminousworld:decorative_red_2":2,"minecraft:granite":1,"minecraft:spruce_button":3,"minecraft:emerald":7,"minecraft:bread":36,"minecraft:coal":45,"iceandfire:raw_silver":10},"minecraft:dropped":{"minecraft:bread":22,"iceandfire:raw_silver":1,"minecraft:wheat_seeds":1,"minecraft:stripped_mangrove_wood":2,"luminousworld:ishstone":1,"minecraft:glass_bottle":1,"minecraft:cooked_porkchop":4,"quark:orange_corundum_cluster":1,"minecraft:cobblestone":1,"minecraft:granite":1,"minecraft:spruce_button":2,"minecraft:tropical_fish":2,"minecraft:cobblestone_stairs":1,"minecraft:dirt":2,"minecraft:diorite":24,"minecraft:potion":3,"minecraft:wooden_sword":1,"minecraft:cyan_candle":3,"minecraft:iron_axe":1,"luminousworld:decorative_red_2":2,"minecraft:dark_oak_planks":1,"minecraft:pink_petals":1,"minecraft:player_head":2,"minecraft:cobbled_deepslate":2,"minecraft:dark_oak_sign":3,"minecraft:bowl":1,"minecraft:rotten_flesh":4,"minecraft:beehive":1,"quark:shale":2,"minecraft:carrot":4,"minecraft:mangrove_fence":1,"minecraft:mangrove_log":3,"minecraft:birch_trapdoor":1,"quark:green_corundum":2,"minecraft:andesite":3,"minecraft:cake":1,"minecraft:stone_bricks":2,"minecraft:arrow":5,"minecraft:cyan_bed":1,"quark:orange_corundum":1},"minecraft:custom":{"minecraft:mob_kills":20,"minecraft:interact_with_crafting_table":19,"minecraft:open_barrel":16,"minecraft:eat_cake_slice":21,"minecraft:leave_game":1,"minecraft:time_since_death":33876,"minecraft:climb_one_cm":4103,"minecraft:sprint_one_cm":514896,"minecraft:walk_one_cm":646923,"minecraft:drop":81,"minecraft:play_noteblock":1,"minecraft:play_time":184503,"minecraft:deaths":10,"minecraft:sneak_time":3642,"minecraft:walk_under_water_one_cm":18855,"minecraft:boat_one_cm":81405,"minecraft:jump":2201,"minecraft:interact_with_brewingstand":4,"minecraft:interact_with_blast_furnace":2,"minecraft:walk_on_water_one_cm":48896,"minecraft:total_world_time":184503,"minecraft:interact_with_furnace":34,"tombstone:raider_killed":13,"minecraft:tune_noteblock":18,"minecraft:sleep_in_bed":14,"minecraft:time_since_rest":1197,"minecraft:damage_taken":5010,"minecraft:damage_dealt":5114,"minecraft:swim_one_cm":41907,"minecraft:fly_one_cm":219484,"minecraft:open_chest":32,"minecraft:crouch_one_cm":11773,"tombstone:undead_killed":3,"minecraft:fall_one_cm":53421},"minecraft:killed":{"illagerinvasion:archivist":2,"luminousworld:miner_zombie":1,"minecraft:evoker":1,"born_in_chaos_v1:zombie_lumberjack":1,"minecraft:vindicator":3,"illagerinvasion:marauder":1,"illagerinvasion:basher":1,"luminousworld:dark_oak_skeleton":1,"illagerinvasion:provoker":5,"luminousworld:rusty_page":1,"luminousworld:buckeye":1},"minecraft:mined":{"minecraft:dark_oak_planks":1,"iceandfire:silver_ore":9,"minecraft:dark_oak_leaves":16,"quark:shale":36,"minecraft:candle":2,"minecraft:cobblestone_stairs":1,"minecraft:dark_oak_log":7,"minecraft:red_nether_bricks":2,"minecraft:cave_vines_plant":7,"minecraft:granite":1,"minecraft:spruce_fence":2,"minecraft:grass_block":12,"quark:green_corundum_cluster":5,"minecraft:mangrove_fence":1,"born_in_chaos_v1:black_argillite":1,"luminousworld:grassvariant_2":3,"minecraft:spruce_leaves":9,"luminousworld:decorative_red_2":1,"minecraft:moss_block":5,"quark:orange_corundum_cluster":1,"born_in_chaos_v1:gnawed_bones":1,"minecraft:furnace":5,"quark:orange_corundum":1,"minecraft:iron_ore":34,"minecraft:andesite":4,"minecraft:stripped_spruce_log":4,"minecraft:moss_carpet":1,"minecraft:black_carpet":1,"placeablesmod:empty_bucket_block":1,"minecraft:skeleton_wall_skull":1,"minecraft:bookshelf":21,"minecraft:cave_vines":6,"minecraft:deepslate_iron_ore":1,"minecraft:stone":102,"minecraft:stripped_mangrove_wood":2,"minecraft:player_head":3,"minecraft:cake":2,"minecraft:oak_slab":1,"minecraft:redstone_block":1,"supplementaries:book_pile":1,"minecraft:soul_lantern":5,"minecraft:crafting_table":4,"minecraft:clay":1,"minecraft:note_block":1,"minecraft:spruce_button":1,"minecraft:blast_furnace":1,"minecraft:calcite":4,"quark:blossom_log":2,"minecraft:polished_diorite_slab":1,"minecraft:tall_grass":2,"minecraft:cobblestone":28,"minecraft:cyan_bed":21,"minecraft:oak_planks":2,"minecraft:sugar_cane":4,"minecraft:diorite":13,"minecraft:wall_torch":4,"minecraft:coarse_dirt":1,"minecraft:birch_log":2,"minecraft:beehive":1,"minecraft:black_wall_banner":1,"minecraft:birch_trapdoor":1,"quark:green_corundum":2,"born_in_chaos_v1:river_mint":1,"minecraft:grass":11,"minecraft:coal_ore":44,"luminousworld:ishstone":1,"minecraft:cyan_carpet":1,"minecraft:dirt":10,"minecraft:gray_carpet":5,"luminousworld:grassvariant_3":1,"minecraft:wither_skeleton_skull":1,"minecraft:polished_andesite":2,"minecraft:stone_bricks":4,"minecraft:oak_leaves":1,"minecraft:cyan_candle":1,"minecraft:deepslate":1}},"DataVersion":3465}